# Blender 4.1.1
# www.blender.org
mtllib marshmallow.mtl
o Marshmallow
v 0.200366 2.149193 0.345824
v 0.040098 1.909050 0.336744
v 0.052571 1.925272 0.289112
v 0.071410 2.029914 0.283025
v 0.055806 1.909740 0.287252
v 0.082605 2.041042 0.278275
v 0.043505 1.899884 0.287838
v 0.140628 1.921367 0.319340
v 0.227672 2.039848 0.330960
v 0.082978 1.994709 0.307265
v 0.066263 1.967395 0.293202
v 0.144726 1.919516 0.325902
v 0.061859 1.893677 0.282631
v 0.159017 1.970733 0.319433
v 0.091135 2.023806 0.300468
v 0.087012 2.009713 0.304761
v 0.060768 1.937123 0.290885
v 0.166639 1.981596 0.318324
v 0.039243 1.863240 0.281947
v 0.058031 1.923144 0.289631
v 0.071433 1.946259 0.305914
v 0.035464 1.915092 0.310165
v 0.045085 1.913182 0.290151
v 0.056066 1.987155 0.293288
v 0.051463 1.956231 0.293972
v 0.138580 1.907464 0.323259
v 0.037052 1.914576 0.302365
v 0.062939 1.920662 0.293949
v 0.035905 1.875664 0.289414
v 0.055055 1.896618 0.282692
v 0.054297 2.038069 0.305775
v 0.033551 1.885280 0.322963
v 0.038241 1.895352 0.333921
v 0.035268 1.898072 0.325631
v 0.106445 2.012921 0.318817
v 0.033990 1.888856 0.298350
v 0.035598 1.901713 0.300046
v 0.030657 1.875537 0.304148
v 0.030993 1.864482 0.294887
v 0.050409 1.911671 0.287222
v 0.091329 1.969392 0.321968
v 0.074838 1.962153 0.307470
v 0.042190 1.887073 0.285390
v 0.062377 1.881105 0.275805
v 0.040438 1.914185 0.295402
v 0.079376 1.958275 0.316108
v 0.137232 2.076476 0.290455
v 0.122809 1.882210 0.341230
v 0.067756 1.917858 0.300926
v 0.088327 1.990805 0.315904
v 0.068113 1.949271 0.297232
v 0.151266 1.931424 0.328105
v 0.057535 1.954261 0.291289
v 0.065362 2.000338 0.288730
v 0.072223 1.998354 0.290567
v 0.078872 1.978722 0.308308
v 0.109563 2.062681 0.276774
v 0.246476 2.089981 0.319516
v 0.070977 1.960978 0.374247
v 0.159576 2.136495 0.249035
v 0.224382 2.107407 0.264364
v 0.194866 2.126748 0.250779
v 0.123181 2.147071 0.277508
v 0.175550 2.072093 0.251831
v 0.118780 2.041358 0.310149
v 0.142210 2.139168 0.255148
v 0.165191 1.954618 0.350312
v 0.231826 2.106830 0.275023
v 0.090701 1.951540 0.381244
v 0.158296 2.107199 0.237527
v 0.111634 1.940045 0.321441
v 0.139463 2.125261 0.247390
v 0.171774 2.083176 0.240761
v 0.111670 2.051520 0.398145
v 0.121553 2.126584 0.257776
v 0.139245 1.936036 0.318257
v 0.140550 2.093173 0.243033
v 0.069696 1.912150 0.366567
v 0.117751 1.992486 0.393912
v 0.143191 2.080209 0.250818
v 0.112361 1.943429 0.379331
v 0.154640 2.077227 0.257734
v 0.068888 2.033146 0.369009
v 0.138177 1.906123 0.339818
v 0.082659 2.109687 0.292615
v 0.095069 2.051741 0.275854
v 0.195502 2.000732 0.354154
v 0.140537 1.933681 0.362682
v 0.119841 2.110287 0.252208
v 0.152615 1.930511 0.336507
v 0.148571 2.162905 0.293826
v 0.153917 2.165083 0.305208
v 0.160226 2.165462 0.316943
v 0.167017 2.163788 0.328404
v 0.095496 2.037551 0.293772
v 0.174004 2.160372 0.338850
v 0.181069 2.155704 0.347462
v 0.183559 2.009954 0.377088
v 0.137287 2.160393 0.298755
v 0.101021 1.999365 0.320787
v 0.142280 2.162437 0.311253
v 0.148647 2.162658 0.323731
v 0.155923 2.160888 0.335686
v 0.163933 2.157360 0.346441
v 0.230022 2.060419 0.352942
v 0.172633 2.152421 0.355268
v 0.062921 1.885774 0.358327
v 0.125776 2.155442 0.303517
v 0.137093 2.157251 0.330356
v 0.144866 2.155377 0.342922
v 0.153731 2.151786 0.354123
v 0.163578 2.146707 0.363291
v 0.101528 1.947421 0.381359
v 0.126619 1.881857 0.333437
v 0.047082 1.926954 0.291889
v 0.125681 2.149457 0.336676
v 0.133857 2.147460 0.349808
v 0.166423 2.003137 0.385213
v 0.159078 1.989892 0.383156
v 0.143342 2.143818 0.361432
v 0.144756 2.046553 0.308852
v 0.153931 2.138676 0.370913
v 0.161902 2.147867 0.260005
v 0.103300 2.138882 0.313101
v 0.114553 2.139514 0.342539
v 0.122960 2.137362 0.356059
v 0.132823 2.133650 0.367972
v 0.143876 2.128470 0.377659
v 0.090949 2.125351 0.302712
v 0.097331 2.128541 0.332968
v 0.103949 2.127748 0.347740
v 0.112428 2.125420 0.361458
v 0.122463 2.121624 0.373512
v 0.133757 2.116427 0.383291
v 0.120550 2.093694 0.250522
v 0.162027 1.997675 0.317672
v 0.087641 2.115574 0.337235
v 0.094138 2.114503 0.352058
v 0.102562 2.111996 0.365805
v 0.239735 2.059334 0.321948
v 0.112605 2.108119 0.377865
v 0.124082 1.899259 0.307743
v 0.134845 1.909280 0.316499
v 0.123961 2.102933 0.387632
v 0.197995 2.144853 0.355062
v 0.208217 2.138443 0.354210
v 0.040569 1.943163 0.305864
v 0.218394 2.130882 0.351459
v 0.227649 2.122359 0.347162
v 0.235257 2.113238 0.341597
v 0.240963 2.104212 0.335075
v 0.071187 1.882472 0.360113
v 0.144814 2.159348 0.283315
v 0.192805 2.139720 0.364214
v 0.110489 2.101514 0.256215
v 0.203830 2.132251 0.364130
v 0.214591 2.123996 0.361682
v 0.224388 2.115102 0.357260
v 0.232609 2.105845 0.351184
v 0.238992 2.096812 0.343656
v 0.243382 2.088684 0.334801
v 0.185816 2.133007 0.373011
v 0.197543 2.124804 0.373269
v 0.208915 2.115952 0.370899
v 0.219340 2.106668 0.366260
v 0.228281 2.097233 0.359670
v 0.235426 2.088157 0.351318
v 0.240518 2.080016 0.341357
v 0.177547 2.124485 0.381071
v 0.189839 2.115875 0.381431
v 0.201768 2.106648 0.379013
v 0.212805 2.097104 0.374135
v 0.222446 2.087583 0.367099
v 0.230309 2.078548 0.358132
v 0.236035 2.070501 0.347451
v 0.168428 2.114109 0.388044
v 0.181163 2.105367 0.388419
v 0.193554 2.096039 0.385921
v 0.205102 2.086481 0.380845
v 0.215321 2.077068 0.373481
v 0.223771 2.068230 0.364091
v 0.145970 1.918498 0.334069
v 0.158890 2.102144 0.393743
v 0.171945 2.093489 0.394091
v 0.184689 2.084300 0.391512
v 0.196634 2.074952 0.386294
v 0.207292 2.065828 0.378723
v 0.216190 2.057334 0.369084
v 0.222853 2.049888 0.357676
v 0.149364 2.088930 0.398019
v 0.162617 2.080529 0.398316
v 0.175599 2.071660 0.395673
v 0.187819 2.062692 0.390373
v 0.198785 2.053999 0.382708
v 0.053736 1.971613 0.294135
v 0.214973 2.038979 0.361490
v 0.062673 1.985098 0.290794
v 0.075607 1.902902 0.298479
v 0.215908 2.107793 0.255214
v 0.218779 2.088374 0.254158
v 0.209570 2.091218 0.247062
v 0.245875 2.077894 0.312856
v 0.067578 1.903793 0.294012
v 0.207203 2.107650 0.247934
v 0.227154 2.118285 0.277557
v 0.196411 2.138566 0.263406
v 0.060076 1.969611 0.291692
v 0.056535 2.038194 0.344014
v 0.243843 2.104206 0.310029
v 0.240301 2.113795 0.314116
v 0.232985 2.055994 0.294272
v 0.210139 2.099050 0.247673
v 0.143789 2.154927 0.273760
v 0.074636 1.928389 0.313129
v 0.232145 2.047253 0.312451
v 0.243951 2.095044 0.297096
v 0.203330 2.011837 0.353304
v 0.188819 2.066329 0.257629
v 0.077899 2.084933 0.357239
v 0.220988 2.038489 0.302977
v 0.077862 2.075258 0.277704
v 0.054787 1.966657 0.358339
v 0.154319 2.159416 0.279254
v 0.239862 2.074703 0.287534
v 0.218303 2.028140 0.320906
v 0.095983 1.984960 0.321641
v 0.175032 2.075869 0.282920
v 0.240202 2.095149 0.285322
v 0.241607 2.105465 0.298679
v 0.245694 2.082195 0.324535
v 0.083114 1.924861 0.317792
v 0.180104 1.977998 0.353453
v 0.218688 2.097720 0.254433
v 0.211245 2.022757 0.351495
v 0.227128 2.128597 0.293591
v 0.201775 2.117036 0.248694
v 0.102714 2.062748 0.268661
v 0.131647 2.086237 0.248430
v 0.192862 2.114449 0.242546
v 0.212989 2.129566 0.269662
v 0.231894 2.126711 0.306359
v 0.196213 2.089097 0.241210
v 0.083805 1.974815 0.316484
v 0.060726 2.054722 0.344399
v 0.081671 2.011494 0.294179
v 0.067936 2.086773 0.327980
v 0.184580 2.110178 0.238475
v 0.047260 1.988096 0.339999
v 0.169424 2.140892 0.253173
v 0.212896 2.140007 0.285755
v 0.210875 2.118260 0.256745
v 0.177429 2.132643 0.247697
v 0.112372 2.026518 0.315471
v 0.099191 2.019532 0.394149
v 0.178863 2.154628 0.275181
v 0.234916 2.123657 0.318955
v 0.120638 1.873085 0.305962
v 0.146953 1.933283 0.321546
v 0.190329 1.999262 0.319025
v 0.219190 2.033464 0.348609
v 0.161075 2.071231 0.295332
v 0.186297 2.096206 0.237672
v 0.040668 1.957400 0.325907
v 0.037352 1.887941 0.291241
v 0.167184 2.113595 0.237649
v 0.149532 2.131319 0.247234
v 0.096059 1.883195 0.285611
v 0.151979 1.959512 0.319964
v 0.095685 2.078165 0.382334
v 0.106800 2.073116 0.391806
v 0.133561 2.076900 0.259834
v 0.126403 2.058906 0.301859
v 0.088824 2.062250 0.382483
v 0.099697 2.057347 0.391701
v 0.107974 1.927339 0.318483
v 0.139658 1.906384 0.331329
v 0.056368 2.055218 0.316952
v 0.046603 1.953581 0.345981
v 0.061762 2.036135 0.356957
v 0.093454 2.041253 0.390423
v 0.111402 2.071917 0.261423
v 0.122785 1.871497 0.313880
v 0.179405 2.089694 0.238036
v 0.129695 2.101737 0.246103
v 0.087955 2.025022 0.388209
v 0.237562 2.056674 0.308059
v 0.216530 2.079724 0.254635
v 0.151857 2.085080 0.243330
v 0.083071 2.008801 0.385290
v 0.126226 2.140831 0.265904
v 0.120456 1.886999 0.303004
v 0.101197 2.051060 0.285440
v 0.089648 2.038802 0.282831
v 0.138999 2.109361 0.242898
v 0.195657 2.070261 0.251364
v 0.111416 2.085246 0.255771
v 0.078678 1.992679 0.381874
v 0.148456 2.116397 0.241209
v 0.050129 2.022693 0.330420
v 0.082867 2.045920 0.381504
v 0.145102 2.080855 0.271139
v 0.074674 1.976715 0.378139
v 0.131977 2.060091 0.401789
v 0.078179 1.876757 0.275649
v 0.145256 2.052495 0.401988
v 0.158347 2.044582 0.399314
v 0.057950 1.901340 0.358173
v 0.035404 1.913802 0.319118
v 0.117541 1.913532 0.310777
v 0.181967 2.029102 0.386496
v 0.085439 2.025310 0.289222
v 0.198782 2.016322 0.365754
v 0.124449 2.044935 0.401389
v 0.150543 2.030466 0.398926
v 0.094167 1.921045 0.317236
v 0.051279 2.022114 0.306702
v 0.117600 2.029460 0.399765
v 0.061230 2.017917 0.289794
v 0.143231 2.016089 0.397355
v 0.155380 2.009424 0.392359
v 0.175852 1.997513 0.376223
v 0.071774 2.079662 0.287566
v 0.062320 2.068840 0.302278
v 0.036407 1.882923 0.331045
v 0.032068 1.886801 0.314510
v 0.111342 2.013784 0.397150
v 0.055049 1.939432 0.290313
v 0.128265 1.882241 0.325224
v 0.048447 1.891092 0.348801
v 0.136352 2.001541 0.394825
v 0.119264 2.003578 0.322664
v 0.086602 2.104738 0.279866
v 0.107121 1.929366 0.375058
v 0.086351 1.936700 0.376906
v 0.040699 1.881076 0.338715
v 0.078368 1.908505 0.368380
v 0.105588 1.998032 0.393776
v 0.129856 1.986911 0.391556
v 0.126301 1.923174 0.365903
v 0.141430 1.981524 0.386965
v 0.161045 1.972203 0.372178
v 0.046107 1.878556 0.345348
v 0.092985 1.889452 0.362473
v 0.100266 1.982326 0.389862
v 0.082252 1.922341 0.372624
v 0.123706 1.972291 0.387754
v 0.116023 1.899942 0.303699
v 0.092182 1.918904 0.372695
v 0.134914 1.967511 0.383384
v 0.095321 1.966788 0.385616
v 0.117880 1.957767 0.383615
v 0.187545 1.987369 0.330696
v 0.134231 1.920838 0.359160
v 0.083806 1.892228 0.364224
v 0.147114 1.946553 0.366106
v 0.101848 1.886962 0.359104
v 0.153768 1.944134 0.357494
v 0.105358 2.125612 0.271760
v 0.088956 1.987228 0.387128
v 0.111752 1.912683 0.367206
v 0.132309 1.936407 0.369744
v 0.110028 1.884857 0.354304
v 0.165454 2.031018 0.310683
v 0.129524 2.118251 0.249157
v 0.170649 2.009183 0.313408
v 0.032153 1.887811 0.306144
v 0.151657 2.015366 0.318092
v 0.160430 2.091403 0.238658
v 0.225599 2.037766 0.316810
v 0.042404 1.958370 0.306984
v 0.038747 1.943019 0.314542
v 0.230726 2.065958 0.277761
v 0.131855 2.133487 0.255745
v 0.165065 1.954553 0.330772
v 0.048992 1.969491 0.348587
v 0.044841 1.989582 0.328692
v 0.163347 2.077980 0.246748
v 0.115638 2.134035 0.268386
v 0.071804 2.086503 0.342821
v 0.200406 2.044321 0.289323
v 0.074924 2.044365 0.279480
v 0.166645 1.953968 0.340176
v 0.158042 2.122694 0.241273
v 0.136732 2.146049 0.264585
v 0.139060 1.963780 0.321005
v 0.212209 2.054602 0.273988
v 0.208003 2.045963 0.372975
v 0.149434 2.100268 0.239340
v 0.102009 2.109030 0.264790
v 0.050491 1.775654 0.268445
v 0.045085 1.777349 0.268466
v 0.039629 1.778929 0.269576
v 0.034336 1.780340 0.271669
v 0.029422 1.781528 0.274640
v 0.025099 1.782437 0.278380
v 0.021582 1.783012 0.282785
v 0.048096 1.768559 0.268792
v 0.042919 1.770171 0.268811
v 0.037693 1.771671 0.269874
v 0.032625 1.773016 0.271877
v 0.027921 1.774158 0.274720
v 0.023784 1.775040 0.278301
v 0.020419 1.775602 0.282516
v 0.045816 1.761888 0.269298
v 0.040881 1.763390 0.269317
v 0.035898 1.764787 0.270328
v 0.031068 1.766053 0.272235
v 0.026592 1.767154 0.274942
v 0.022662 1.768025 0.278350
v 0.019466 1.768592 0.282361
v 0.043685 1.755773 0.270039
v 0.039015 1.757126 0.270058
v 0.034296 1.758382 0.271013
v 0.029729 1.759549 0.272813
v 0.025510 1.760617 0.275368
v 0.021815 1.761501 0.278583
v 0.018815 1.762099 0.282365
v 0.041749 1.750333 0.271075
v 0.037375 1.751482 0.271101
v 0.032945 1.752547 0.271998
v 0.028666 1.753590 0.273681
v 0.024734 1.754635 0.276067
v 0.021308 1.755567 0.279063
v 0.018536 1.756236 0.282577
v 0.040092 1.745637 0.272398
v 0.036053 1.746485 0.272473
v 0.031921 1.747305 0.273334
v 0.027923 1.748211 0.274910
v 0.024274 1.749250 0.277123
v 0.021125 1.750281 0.279869
v 0.018609 1.751099 0.283041
v 0.038847 1.741719 0.273982
v 0.035170 1.742136 0.274191
v 0.031310 1.742664 0.275071
v 0.027544 1.743435 0.276571
v 0.024125 1.744490 0.278630
v 0.042739 1.955802 0.336060
v 0.021218 1.745683 0.281102
v 0.018958 1.746775 0.283834
v 0.083372 2.115152 0.321959
v 0.017765 1.782958 0.293139
v 0.017585 1.782330 0.298763
v 0.018450 1.781372 0.304400
v 0.020265 1.780140 0.309831
v 0.022938 1.778692 0.314836
v 0.026374 1.777083 0.319199
v 0.116294 1.953273 0.322631
v 0.030479 1.775368 0.322700
v 0.175539 1.980859 0.364487
v 0.016766 1.775550 0.292425
v 0.016591 1.774938 0.297807
v 0.017417 1.774010 0.303202
v 0.162868 2.023167 0.393774
v 0.019154 1.772826 0.308401
v 0.102691 1.962543 0.324093
v 0.021713 1.771445 0.313195
v 0.025004 1.769917 0.317375
v 0.085954 2.082129 0.370613
v 0.028934 1.768287 0.320729
v 0.015990 1.768542 0.291784
v 0.015819 1.767928 0.296901
v 0.016599 1.767013 0.302031
v 0.091805 2.121327 0.288488
v 0.018250 1.765872 0.306980
v 0.020690 1.764572 0.311548
v 0.023828 1.763149 0.315535
v 0.027574 1.761630 0.318734
v 0.015541 1.762053 0.291238
v 0.015370 1.761410 0.296053
v 0.016095 1.760484 0.300885
v 0.017649 1.759379 0.305553
v 0.019957 1.758180 0.309872
v 0.022930 1.756899 0.313646
v 0.026473 1.755530 0.316677
v 0.015503 1.756194 0.290796
v 0.015332 1.755483 0.295258
v 0.015995 1.754512 0.299748
v 0.017439 1.753432 0.304101
v 0.019604 1.752359 0.308147
v 0.022393 1.751271 0.311693
v 0.025706 1.750107 0.314541
v 0.015890 1.751061 0.290408
v 0.015746 1.750205 0.294442
v 0.016362 1.749139 0.298560
v 0.017703 1.748068 0.302600
v 0.019723 1.747134 0.306383
v 0.022307 1.746291 0.309713
v 0.025332 1.745429 0.312385
v 0.016695 1.746743 0.289965
v 0.102501 2.034047 0.306706
v 0.057912 2.019319 0.355380
v 0.016644 1.745618 0.293495
v 0.017254 1.744393 0.297246
v 0.018520 1.743308 0.301018
v 0.020411 1.742510 0.304596
v 0.022776 1.741961 0.307768
v 0.025436 1.741530 0.310312
v 0.040297 1.771845 0.326294
v 0.045703 1.770146 0.326274
v 0.051160 1.768563 0.325166
v 0.056456 1.767151 0.323076
v 0.061375 1.765966 0.320110
v 0.065703 1.765061 0.316374
v 0.069226 1.764489 0.311974
v 0.038329 1.764916 0.324170
v 0.043499 1.763280 0.324148
v 0.048719 1.761754 0.323085
v 0.053787 1.760398 0.321083
v 0.058497 1.759268 0.318245
v 0.062645 1.758413 0.314671
v 0.066021 1.757876 0.310462
v 0.036508 1.758425 0.322007
v 0.148245 1.995518 0.390021
v 0.151990 1.976545 0.380409
v 0.041416 1.756838 0.321978
v 0.168349 1.984917 0.374531
v 0.046374 1.755357 0.320958
v 0.051194 1.754052 0.319048
v 0.055685 1.752990 0.316350
v 0.059644 1.752205 0.312955
v 0.062869 1.751724 0.308957
v 0.034885 1.752512 0.319760
v 0.039493 1.750958 0.319716
v 0.044150 1.749501 0.318738
v 0.048690 1.748243 0.316928
v 0.065557 1.934476 0.295598
v 0.052940 1.747267 0.314387
v 0.056700 1.746584 0.311199
v 0.059765 1.746189 0.307445
v 0.033499 1.747312 0.317398
v 0.037748 1.745763 0.317322
v 0.042056 1.744305 0.316378
v 0.046282 1.743087 0.314674
v 0.050270 1.742218 0.312312
v 0.053820 1.741678 0.309367
v 0.056718 1.741411 0.305905
v 0.032317 1.742924 0.314946
v 0.036125 1.741336 0.314779
v 0.040047 1.739844 0.313835
v 0.043957 1.738652 0.312225
v 0.145483 1.947918 0.319669
v 0.047697 1.737900 0.310049
v 0.051057 1.737541 0.307389
v 0.053805 1.737463 0.304310
v 0.031249 1.739445 0.312444
v 0.034526 1.737747 0.312077
v 0.174044 2.016225 0.386392
v 0.038062 1.736180 0.311069
v 0.123889 2.007710 0.397290
v 0.041699 1.734996 0.309518
v 0.045248 1.734354 0.307512
v 0.130473 2.022858 0.399916
v 0.048481 1.734201 0.305170
v 0.051143 1.734389 0.302598
v 0.073045 1.764544 0.301623
v 0.073222 1.765168 0.295998
v 0.072353 1.766123 0.290358
v 0.126337 2.016116 0.320084
v 0.105933 1.892240 0.295542
v 0.070534 1.767353 0.284923
v 0.067857 1.768802 0.279913
v 0.064419 1.770413 0.275546
v 0.060312 1.772130 0.272042
v 0.069677 1.757928 0.300556
v 0.069842 1.758515 0.295170
v 0.069006 1.759418 0.289770
v 0.049520 2.022918 0.318087
v 0.066542 2.085696 0.313359
v 0.067263 1.760590 0.284566
v 0.127747 1.883321 0.317058
v 0.207225 2.065096 0.259340
v 0.064704 1.761982 0.279769
v 0.127398 1.979272 0.323645
v 0.044528 1.990224 0.317684
v 0.107502 1.977114 0.324120
v 0.158038 1.943115 0.329733
v 0.133047 1.951629 0.320392
v 0.061418 1.763535 0.275589
v 0.057493 1.765189 0.272234
v 0.066346 1.751773 0.299537
v 0.121471 1.966534 0.323300
v 0.182444 2.068206 0.269215
v 0.159506 1.942344 0.338554
v 0.066490 1.752302 0.294409
v 0.190892 2.004675 0.366204
v 0.183146 1.992846 0.365732
v 0.065681 1.753132 0.289266
v 0.064016 1.754234 0.284309
v 0.061586 1.755573 0.279743
v 0.137571 2.037821 0.401558
v 0.058472 1.757080 0.275764
v 0.054751 1.758683 0.272573
v 0.063039 1.746235 0.298574
v 0.063147 1.746675 0.293733
v 0.062358 1.747400 0.288874
v 0.044341 1.974035 0.307567
v 0.060774 1.748414 0.284193
v 0.074525 2.097023 0.296755
v 0.038829 1.942042 0.323993
v 0.058492 1.749704 0.279883
v 0.052724 2.004650 0.298240
v 0.222441 2.068280 0.266220
v 0.055581 1.751185 0.276131
v 0.052098 1.752756 0.273123
v 0.059752 1.741453 0.297686
v 0.059798 1.741763 0.293174
v 0.059011 1.742341 0.288634
v 0.057510 1.743245 0.284257
v 0.055400 1.744494 0.280231
v 0.052731 1.745974 0.276732
v 0.049543 1.747538 0.273933
v 0.056525 1.737501 0.296944
v 0.056437 1.737617 0.292817
v 0.055610 1.738012 0.288615
v 0.054178 1.738796 0.284538
v 0.052247 1.740016 0.280789
v 0.049872 1.741530 0.277540
v 0.047078 1.743132 0.274959
v 0.053406 1.734421 0.296467
v 0.053056 1.734265 0.292778
v 0.052120 1.734451 0.288898
v 0.050724 1.735123 0.285073
v 0.048961 1.736334 0.281546
v 0.046921 1.737922 0.278501
v 0.044661 1.739634 0.276115
v 0.072088 1.843045 0.267807
v 0.064675 1.845376 0.267827
v 0.057233 1.847543 0.269285
v 0.050017 1.849293 0.272035
v 0.043411 1.851099 0.275985
v 0.037583 1.852340 0.280978
v 0.032853 1.853120 0.286894
v 0.069194 1.833138 0.267422
v 0.062070 1.835379 0.267447
v 0.054900 1.837465 0.268882
v 0.047946 1.839235 0.271587
v 0.041539 1.840888 0.275442
v 0.035897 1.842082 0.280307
v 0.031314 1.842835 0.286050
v 0.066306 1.823793 0.267328
v 0.059457 1.825947 0.267355
v 0.052556 1.827953 0.268749
v 0.045864 1.829705 0.271378
v 0.039674 1.831246 0.275113
v 0.034229 1.832396 0.279821
v 0.029804 1.833121 0.285371
v 0.063481 1.814936 0.267388
v 0.056895 1.817007 0.267415
v 0.050254 1.818936 0.268763
v 0.043816 1.820645 0.271303
v 0.037848 1.822103 0.274909
v 0.032600 1.823209 0.279453
v 0.028334 1.823907 0.284804
v 0.060738 1.806499 0.267533
v 0.054404 1.808489 0.267559
v 0.048014 1.810344 0.268859
v 0.041820 1.811997 0.271308
v 0.036072 1.813391 0.274783
v 0.031018 1.814454 0.279160
v 0.026907 1.815126 0.284315
v 0.058077 1.798413 0.267725
v 0.051986 1.800327 0.267750
v 0.045839 1.802111 0.269002
v 0.039879 1.803702 0.271360
v 0.034346 1.805041 0.274706
v 0.029481 1.806064 0.278919
v 0.025523 1.806710 0.283880
v 0.055491 1.790615 0.267946
v 0.049633 1.792455 0.267969
v 0.043722 1.794170 0.269173
v 0.037989 1.795700 0.271442
v 0.032666 1.796986 0.274660
v 0.027985 1.797970 0.278714
v 0.024176 1.798592 0.283486
v 0.027761 1.853028 0.300898
v 0.027562 1.852158 0.308527
v 0.028786 1.850832 0.316181
v 0.031304 1.849107 0.323553
v 0.035001 1.847128 0.330363
v 0.039738 1.844905 0.336299
v 0.045391 1.842537 0.341066
v 0.026369 1.842754 0.299589
v 0.026161 1.841921 0.306951
v 0.027325 1.840651 0.314330
v 0.029736 1.839016 0.321440
v 0.033276 1.837098 0.327996
v 0.037820 1.834965 0.333711
v 0.043245 1.832694 0.338300
v 0.025020 1.833046 0.298431
v 0.024810 1.832248 0.305526
v 0.025920 1.831030 0.312635
v 0.028232 1.829463 0.319484
v 0.031629 1.827620 0.325797
v 0.035991 1.825572 0.331300
v 0.041200 1.823392 0.335716
v 0.023716 1.823838 0.297387
v 0.023508 1.823072 0.304220
v 0.024570 1.821902 0.311067
v 0.026789 1.820398 0.317662
v 0.030050 1.818627 0.323740
v 0.034242 1.816660 0.329038
v 0.039247 1.814565 0.333290
v 0.022454 1.815061 0.296430
v 0.022251 1.814325 0.303009
v 0.023269 1.813201 0.309601
v 0.025400 1.811756 0.315950
v 0.028535 1.810055 0.321802
v 0.032563 1.808164 0.326903
v 0.037376 1.806150 0.330995
v 0.021233 1.806648 0.295541
v 0.021034 1.805941 0.301873
v 0.022012 1.804861 0.308217
v 0.024060 1.803472 0.314329
v 0.027074 1.801837 0.319962
v 0.030947 1.800020 0.324871
v 0.035574 1.798084 0.328810
v 0.020046 1.798532 0.294703
v 0.019853 1.797853 0.300795
v 0.020792 1.796815 0.306899
v 0.022761 1.795480 0.312779
v 0.025658 1.793909 0.318199
v 0.029381 1.792162 0.322922
v 0.033830 1.790301 0.326712
v 0.058894 1.837683 0.345970
v 0.066320 1.835347 0.345948
v 0.073812 1.833173 0.344442
v 0.081069 1.831216 0.341591
v 0.087815 1.829608 0.337554
v 0.093735 1.828366 0.332463
v 0.098540 1.827586 0.326470
v 0.056209 1.828034 0.343015
v 0.063341 1.825792 0.342992
v 0.070538 1.823704 0.341540
v 0.077517 1.821837 0.338796
v 0.083998 1.820277 0.334905
v 0.089693 1.819083 0.330001
v 0.094318 1.818331 0.324227
v 0.053655 1.818916 0.340253
v 0.060508 1.816762 0.340229
v 0.067426 1.814755 0.338830
v 0.074136 1.812965 0.336189
v 0.080366 1.811462 0.332441
v 0.085844 1.810313 0.327720
v 0.090296 1.809589 0.322161
v 0.051218 1.810264 0.337656
v 0.057807 1.808193 0.337631
v 0.064459 1.806265 0.336284
v 0.070911 1.804544 0.333742
v 0.076902 1.803098 0.330135
v 0.082172 1.801994 0.325590
v 0.086457 1.801296 0.320238
v 0.048886 1.802016 0.335197
v 0.055222 1.800025 0.335173
v 0.061619 1.798171 0.333876
v 0.067824 1.796516 0.331430
v 0.073587 1.795126 0.327958
v 0.078656 1.794064 0.323584
v 0.082779 1.793392 0.318434
v 0.046643 1.794109 0.332854
v 0.052736 1.792195 0.332831
v 0.058888 1.790412 0.331583
v 0.064856 1.788821 0.329229
v 0.070399 1.787484 0.325888
v 0.075275 1.786462 0.321680
v 0.079242 1.785816 0.316723
v 0.044472 1.786480 0.330603
v 0.050331 1.784640 0.330581
v 0.056246 1.782926 0.329381
v 0.061985 1.781397 0.327117
v 0.067316 1.780111 0.323904
v 0.072005 1.779129 0.319856
v 0.075820 1.778508 0.315088
v 0.103683 1.827683 0.312403
v 0.103853 1.828556 0.304788
v 0.102573 1.829882 0.297175
v 0.099894 1.831383 0.289838
v 0.096213 1.833587 0.283139
v 0.091400 1.835816 0.277289
v 0.085679 1.838186 0.272606
v 0.099294 1.818416 0.310663
v 0.099483 1.819251 0.303307
v 0.098286 1.820521 0.295944
v 0.095782 1.822043 0.288849
v 0.092248 1.824073 0.282337
v 0.087662 1.826206 0.276655
v 0.082201 1.828477 0.272098
v 0.095100 1.809666 0.309094
v 0.095298 1.810465 0.302001
v 0.094166 1.811683 0.294896
v 0.091803 1.813197 0.288050
v 0.088403 1.815091 0.281751
v 0.084014 1.817138 0.276258
v 0.078784 1.819318 0.271851
v 0.091088 1.801367 0.307657
v 0.091288 1.802134 0.300823
v 0.090212 1.803303 0.293976
v 0.087965 1.804787 0.287378
v 0.084694 1.806576 0.281300
v 0.080485 1.808542 0.276002
v 0.075466 1.810636 0.271750
v 0.087242 1.793459 0.306322
v 0.087440 1.794195 0.299742
v 0.086412 1.795318 0.293148
v 0.084265 1.796758 0.286793
v 0.081119 1.798463 0.280936
v 0.077079 1.800352 0.275832
v 0.072257 1.802365 0.271735
v 0.083539 1.785879 0.305068
v 0.083734 1.786586 0.298735
v 0.082749 1.787665 0.292387
v 0.080691 1.789053 0.286270
v 0.077668 1.790688 0.280630
v 0.073786 1.792504 0.275716
v 0.069152 1.794439 0.271772
v 0.079956 1.778568 0.303876
v 0.080145 1.779247 0.297783
v 0.079201 1.780284 0.291675
v 0.077226 1.781618 0.285790
v 0.074322 1.783189 0.280364
v 0.070591 1.784934 0.275635
v 0.066138 1.786795 0.271840
v 0.240919 2.084654 0.285678
v 0.064695 2.016334 0.366877
v 0.048254 1.973161 0.299694
v 0.093047 2.098710 0.269107
v 0.220263 2.029804 0.334814
v 0.206681 2.049778 0.280581
v 0.145835 1.975436 0.320732
v 0.079359 2.066203 0.371074
v 0.061070 1.907394 0.290254
v 0.153957 1.959405 0.369319
v 0.168082 1.968735 0.362608
v 0.112003 1.977293 0.389995
v 0.172382 1.965723 0.331308
v 0.077615 1.889698 0.285281
v 0.138594 1.949752 0.373534
v 0.160811 1.956489 0.360234
v 0.145158 1.963149 0.377145
v 0.127187 2.074636 0.278886
v 0.113740 1.887978 0.297355
v 0.046411 1.989978 0.307611
v 0.077110 1.864848 0.270952
v 0.069094 1.867355 0.270916
v 0.061212 1.869682 0.272175
v 0.053648 1.871210 0.274585
v 0.046830 1.873501 0.278446
v 0.040803 1.874832 0.283376
v 0.069051 1.995988 0.373890
v 0.094952 1.907998 0.307587
v 0.061009 1.999550 0.364275
v 0.059026 1.947748 0.363374
v 0.047303 2.006091 0.329691
v 0.106506 1.904638 0.304851
v 0.087359 2.054310 0.272977
v 0.072159 2.062082 0.281552
v 0.038677 1.925053 0.330547
v 0.220751 2.049939 0.285295
v 0.061213 1.915354 0.362365
v 0.128694 1.953549 0.379462
v 0.237163 2.065163 0.290521
v 0.036813 1.910903 0.327789
v 0.241523 2.066081 0.303878
v 0.050900 1.904275 0.352413
v 0.189237 1.987597 0.342150
v 0.115193 2.063806 0.290172
v 0.042782 1.893717 0.341922
v 0.055175 1.888279 0.354343
v 0.058521 2.002615 0.291704
v 0.052540 1.875863 0.350687
v 0.075430 2.012936 0.287244
v 0.030517 1.874580 0.312285
v 0.031899 1.873128 0.320479
v 0.034640 1.871062 0.328346
v 0.038709 1.869093 0.335710
v 0.043877 1.866673 0.342104
v 0.050033 1.864095 0.347247
v 0.096727 1.932955 0.377001
v 0.117120 1.926062 0.371285
v 0.160320 1.956378 0.323438
v 0.065403 1.979537 0.370485
v 0.140459 1.919192 0.351338
v 0.102151 1.915648 0.370825
v 0.050405 1.988888 0.299215
v 0.134482 1.991317 0.323171
v 0.128217 1.908098 0.355574
v 0.174428 1.992305 0.316200
v 0.172562 1.966389 0.352127
v 0.227514 2.047248 0.298453
v 0.106663 1.899632 0.363140
v 0.175029 1.978274 0.322691
v 0.074681 1.895206 0.364188
v 0.117145 1.883239 0.348271
v 0.088758 1.877062 0.358429
v 0.097330 1.874520 0.355047
v 0.105451 1.872708 0.350312
v 0.112318 1.871234 0.344389
v 0.117858 1.870697 0.337717
v 0.067869 1.870334 0.356222
v 0.076271 1.867675 0.356226
v 0.084735 1.865201 0.354568
v 0.092823 1.862736 0.351328
v 0.100497 1.861152 0.346921
v 0.107135 1.859749 0.341264
v 0.112636 1.859054 0.334554
v 0.064717 1.858811 0.352560
v 0.072778 1.856272 0.352551
v 0.080905 1.853909 0.350941
v 0.088722 1.851669 0.347843
v 0.096062 1.850044 0.343544
v 0.102456 1.848703 0.338074
v 0.107625 1.847868 0.331644
v 0.176653 2.104567 0.236459
v 0.046853 2.006544 0.318016
v 0.095411 1.933997 0.322559
v 0.234302 2.049688 0.326602
v 0.128168 1.911667 0.312172
v 0.069897 1.879328 0.275423
v 0.112966 1.990789 0.323909
v 0.180279 2.020039 0.307316
v 0.129751 1.897105 0.313140
v 0.196971 2.058854 0.273116
v 0.170751 2.036675 0.394053
v 0.213660 2.029196 0.307717
v 0.190349 2.013315 0.308346
v 0.096040 1.895353 0.295810
v 0.123042 1.870454 0.322102
v 0.116406 1.874702 0.298344
v 0.243924 2.075532 0.300296
v 0.117984 1.859006 0.319200
v 0.117917 1.860006 0.311008
v 0.116117 1.861515 0.302959
v 0.112495 1.862680 0.295206
v 0.108008 1.865764 0.288676
v 0.101937 1.868355 0.283161
v 0.094763 1.871145 0.279114
v 0.113052 1.847996 0.316620
v 0.113111 1.848955 0.308559
v 0.111555 1.850399 0.300561
v 0.108345 1.851723 0.292848
v 0.104248 1.854459 0.286042
v 0.098766 1.856915 0.280135
v 0.092288 1.859527 0.275507
v 0.047424 1.730721 0.297710
v 0.046114 1.729920 0.294335
v 0.044743 1.729769 0.290691
v 0.043262 1.730317 0.287038
v 0.041698 1.731583 0.283606
v 0.040188 1.733452 0.280543
v 0.038935 1.735781 0.277951
v 0.044240 1.729894 0.299411
v 0.042523 1.728902 0.295884
v 0.040900 1.728671 0.292164
v 0.039320 1.729214 0.288447
v 0.037783 1.730529 0.284910
v 0.036412 1.732544 0.281661
v 0.035376 1.735178 0.278777
v 0.040831 1.729714 0.301285
v 0.038874 1.728643 0.297651
v 0.037061 1.728390 0.293861
v 0.035386 1.728947 0.290068
v 0.033862 1.730298 0.286414
v 0.032580 1.732395 0.283001
v 0.031653 1.735185 0.279921
v 0.037330 1.730233 0.303105
v 0.035256 1.729156 0.299455
v 0.033321 1.728918 0.295661
v 0.031579 1.729492 0.291843
v 0.030082 1.730849 0.288122
v 0.028881 1.732956 0.284617
v 0.028027 1.735779 0.281449
v 0.033906 1.731474 0.304712
v 0.031784 1.730444 0.301161
v 0.029782 1.730240 0.297465
v 0.028017 1.730820 0.293716
v 0.026583 1.732147 0.290017
v 0.025491 1.734196 0.286511
v 0.024729 1.736945 0.283350
v 0.030759 1.733320 0.306083
v 0.028621 1.732435 0.302765
v 0.026581 1.732310 0.299252
v 0.024817 1.732899 0.295626
v 0.023465 1.734168 0.291999
v 0.022512 1.736077 0.288544
v 0.021896 1.738604 0.285452
v 0.028111 1.735629 0.307269
v 0.025947 1.735046 0.304318
v 0.023861 1.735076 0.301028
v 0.022096 1.735696 0.297517
v 0.020818 1.736890 0.293944
v 0.020023 1.738578 0.290527
v 0.019624 1.740689 0.287513
v 0.198908 2.153730 0.336336
v 0.194841 2.157938 0.326042
v 0.189323 2.161032 0.314920
v 0.182959 2.162494 0.303448
v 0.176214 2.162019 0.292217
v 0.128349 1.894363 0.344675
v 0.208976 2.148668 0.332491
v 0.205439 2.152745 0.320887
v 0.122519 1.895540 0.351937
v 0.193741 2.156965 0.297048
v 0.044211 1.942576 0.298532
v 0.114346 2.148213 0.308283
v 0.037117 1.928440 0.321298
v 0.065750 2.070877 0.344047
v 0.170698 2.151579 0.266427
v 0.218835 2.141656 0.328399
v 0.092893 2.127753 0.317752
v 0.115154 1.897333 0.358173
v 0.111553 2.118377 0.260905
v 0.210348 2.148111 0.303430
v 0.179917 1.976648 0.331326
v 0.087880 1.905316 0.368430
v 0.214415 2.042575 0.290421
v 0.107886 2.140028 0.328025
v 0.053472 1.918112 0.356101
v 0.187897 2.147365 0.268814
v 0.178908 2.144580 0.259896
v 0.227699 2.133157 0.323868
v 0.183578 2.076163 0.245110
v 0.233768 2.075190 0.275283
v 0.224477 2.136670 0.311150
v 0.047230 1.920979 0.348689
v 0.078852 2.027082 0.283089
v 0.243619 2.068767 0.317235
v 0.125129 1.884988 0.309482
v 0.205116 2.139871 0.273976
v 0.123138 2.151999 0.290188
v 0.111966 2.145051 0.294092
v 0.042305 1.923497 0.340222
v 0.187081 2.136142 0.254497
v 0.134235 1.906722 0.348055
v 0.210660 2.018303 0.324583
v 0.044401 1.938233 0.343212
v 0.056171 1.932619 0.359769
v 0.101146 2.136073 0.298352
v 0.220761 2.129504 0.281188
v 0.037030 1.928351 0.312667
v 0.204209 2.128692 0.259403
v 0.142572 2.003015 0.321515
v 0.122256 2.079321 0.254930
v 0.097443 1.902328 0.366624
v 0.181586 1.976576 0.342065
v 0.237613 2.116143 0.302016
v 0.049589 1.935591 0.352017
v 0.064221 1.930519 0.366370
v 0.219535 2.118583 0.266472
v 0.198986 2.023789 0.302951
v 0.132946 1.895357 0.320274
v 0.066258 2.052787 0.357911
v 0.237618 2.106231 0.286722
v 0.057361 2.055551 0.330539
v 0.071578 2.069105 0.358061
v 0.040756 1.940385 0.333721
v 0.162639 2.156688 0.273290
v 0.133891 2.151936 0.275191
v 0.093839 2.003350 0.390905
v 0.112316 2.140285 0.280620
v 0.234541 2.095631 0.273762
v 0.095616 2.115771 0.275698
v 0.188746 2.150411 0.353159
v 0.182224 2.146441 0.361381
v 0.174326 2.140372 0.369753
v 0.165420 2.132175 0.377617
v 0.155846 2.121912 0.384504
v 0.107780 2.048944 0.299243
v 0.146009 2.109895 0.390187
v 0.136326 2.096500 0.394501
v 0.054930 1.883468 0.277706
v 0.212592 2.071840 0.256279
v 0.049253 1.941293 0.293133
v 0.243310 2.073397 0.329921
v 0.233640 2.054103 0.340319
v 0.069193 1.983085 0.292760
v 0.104367 1.880191 0.288101
v 0.245805 2.095225 0.308008
v 0.159340 2.162780 0.288305
v 0.201705 2.060365 0.264671
v 0.233224 2.117534 0.289610
v 0.052640 2.039204 0.317785
v 0.203805 2.149315 0.291096
v 0.133765 1.894262 0.328357
v 0.200178 2.155626 0.308957
v 0.122767 1.939707 0.375380
v 0.087327 1.886899 0.285548
v 0.066254 2.065815 0.290753
v 0.144508 1.918379 0.342801
v 0.076190 1.942541 0.315520
v 0.156313 2.082413 0.281988
v 0.105170 1.916310 0.313200
v 0.166566 2.075354 0.265802
v 0.114876 2.088378 0.390505
v 0.103592 2.093516 0.380845
v 0.054566 2.002507 0.353363
v 0.049931 2.004719 0.341660
v 0.093664 2.097454 0.368904
v 0.067766 2.047922 0.284876
v 0.134245 2.156796 0.286654
v 0.068260 2.015226 0.286077
v 0.085403 2.100121 0.355303
v 0.051619 1.985850 0.351062
v 0.119053 2.149701 0.322653
v 0.061872 2.051174 0.293410
v 0.130589 2.157243 0.317057
v 0.199257 2.106083 0.242648
v 0.066108 1.898900 0.362383
v 0.081620 2.113194 0.306864
v 0.040530 1.958282 0.316022
v 0.044888 1.971741 0.338130
v 0.217614 2.060716 0.269328
v 0.199647 2.034220 0.375625
v 0.190227 2.041715 0.385319
v 0.074582 1.981183 0.299300
v 0.244670 2.096105 0.327821
v 0.057733 1.982943 0.361383
v 0.064263 2.033075 0.287585
v 0.192670 2.101981 0.239266
v 0.179078 2.049879 0.392976
v 0.166705 2.058351 0.398290
v 0.153606 2.066777 0.400969
v 0.140279 2.074809 0.400727
v 0.176186 2.119146 0.239805
v 0.042656 1.973301 0.327444
v 0.119006 2.067054 0.398438
v 0.206439 2.083659 0.246936
v 0.052988 2.021469 0.343045
v 0.182588 2.051807 0.299508
v 0.190856 2.033667 0.298913
v 0.167717 2.128137 0.243343
v 0.079387 2.058079 0.275346
v 0.067824 2.083276 0.299648
v 0.212490 2.019557 0.337984
v 0.187759 1.989448 0.354165
v 0.202910 2.008216 0.327290
v 0.207045 2.034173 0.296433
v 0.152328 2.143830 0.256380
v 0.158044 1.942683 0.348110
v 0.048077 1.885708 0.280919
v 0.226298 2.057536 0.281121
v 0.077676 2.029326 0.379601
v 0.052089 1.950838 0.355223
v 0.146980 1.931688 0.354499
v 0.190447 2.082350 0.242020
v 0.155409 2.153155 0.267329
v 0.153506 1.944970 0.322912
v 0.101489 2.092035 0.260850
v 0.019083 1.783198 0.287746
v 0.018028 1.775785 0.287264
v 0.017194 1.768780 0.286877
v 0.110797 1.876929 0.291999
v 0.016680 1.762305 0.286620
v 0.016564 1.756481 0.286521
v 0.016837 1.751426 0.286575
v 0.017439 1.747289 0.286761
v 0.035158 1.773604 0.325120
v 0.033413 1.766604 0.323047
v 0.031836 1.760044 0.320942
v 0.030494 1.754064 0.318765
v 0.029442 1.748799 0.316492
v 0.028698 1.744351 0.314181
v 0.028259 1.740835 0.311946
v 0.226801 2.043927 0.344823
v 0.071727 1.764305 0.307015
v 0.120259 2.070887 0.267212
v 0.068417 1.757705 0.305717
v 0.065154 1.751574 0.304448
v 0.061929 1.746074 0.303203
v 0.058749 1.741351 0.301985
v 0.055689 1.737492 0.300820
v 0.052882 1.734578 0.299758
v 0.042057 1.741030 0.274567
v 0.043823 1.744565 0.273207
v 0.094090 2.065973 0.267216
v 0.045863 1.749031 0.272004
v 0.048106 1.754313 0.271046
v 0.153677 1.986587 0.319815
v 0.101749 2.076470 0.261564
v 0.050500 1.760308 0.270367
v 0.053016 1.766883 0.269916
v 0.078398 2.092817 0.284300
v 0.055631 1.773896 0.269620
v 0.052965 1.783039 0.268183
v 0.047335 1.784807 0.268206
v 0.204693 2.009092 0.340169
v 0.092914 2.005679 0.314374
v 0.041652 1.786455 0.269362
v 0.182660 1.988864 0.321279
v 0.225825 2.076874 0.264180
v 0.198074 2.009405 0.316012
v 0.205986 2.019273 0.312455
v 0.196942 1.998438 0.341541
v 0.036141 1.787925 0.271543
v 0.074226 1.914922 0.307082
v 0.031024 1.789161 0.274637
v 0.026522 1.790107 0.278533
v 0.079101 2.101456 0.340668
v 0.022860 1.790704 0.283120
v 0.029517 1.853444 0.293601
v 0.062125 2.071448 0.329644
v 0.028072 1.843101 0.292536
v 0.026667 1.833359 0.291628
v 0.025307 1.824132 0.290834
v 0.023990 1.815343 0.290120
v 0.022713 1.806918 0.289468
v 0.060925 2.070767 0.315489
v 0.021472 1.798792 0.288861
v 0.038810 1.900808 0.293339
v 0.018886 1.790648 0.293904
v 0.018700 1.789995 0.299761
v 0.019602 1.788998 0.305630
v 0.021493 1.787716 0.311285
v 0.049049 1.898476 0.284198
v 0.120578 1.910127 0.362045
v 0.024277 1.786206 0.316497
v 0.027856 1.784528 0.321039
v 0.032131 1.782740 0.324683
v 0.069412 1.890844 0.283258
v 0.051830 1.840107 0.344366
v 0.033788 1.901162 0.308132
v 0.049425 1.830359 0.341473
v 0.047136 1.821149 0.338771
v 0.044953 1.812410 0.336229
v 0.042861 1.804079 0.333824
v 0.033678 1.899670 0.316911
v 0.044961 1.907020 0.345280
v 0.040849 1.796092 0.331533
v 0.038902 1.788387 0.329332
v 0.042359 1.779068 0.328425
v 0.047990 1.777300 0.328404
v 0.053675 1.775653 0.327251
v 0.059191 1.774183 0.325074
v 0.064314 1.772948 0.321985
v 0.122144 1.926684 0.315906
v 0.068821 1.772003 0.318094
v 0.072489 1.771407 0.313511
v 0.101973 1.827433 0.319743
v 0.097609 1.818132 0.317733
v 0.093457 1.809371 0.315901
v 0.089496 1.801075 0.314210
v 0.085705 1.793177 0.312631
v 0.082058 1.785609 0.311139
v 0.078530 1.778308 0.309717
v 0.076466 1.771464 0.302731
v 0.076650 1.772116 0.296873
v 0.075745 1.773112 0.291000
v 0.073848 1.774394 0.285342
v 0.071058 1.775903 0.280124
v 0.067475 1.777581 0.275577
v 0.063196 1.779368 0.271928
v 0.061063 1.788708 0.269217
v 0.063873 1.796431 0.269046
v 0.066768 1.804444 0.268904
v 0.069760 1.812818 0.268812
v 0.072855 1.821628 0.268806
v 0.076039 1.830953 0.268954
v 0.079262 1.840876 0.269393
v 0.085482 2.070518 0.270667
v 0.146672 2.149909 0.264779
v 0.200738 2.095440 0.242094
v 0.055336 2.020357 0.297010
v 0.079943 1.879671 0.360133
v 0.168671 2.098138 0.236478
v 0.074843 1.853596 0.268774
v 0.067128 1.856018 0.268781
v 0.059428 1.858265 0.270214
v 0.051981 1.859937 0.272916
v 0.045218 1.861952 0.276900
v 0.038789 1.928572 0.304281
v 0.034396 1.864046 0.287982
v 0.062088 1.963412 0.366943
v 0.227544 2.086339 0.263210
v 0.235133 2.085085 0.273883
v 0.097507 2.019793 0.311473
v 0.244726 2.085115 0.297803
v 0.073111 2.012630 0.376993
v 0.106606 1.962235 0.385743
v 0.032487 1.876288 0.296465
v 0.029192 1.863939 0.302402
v 0.029014 1.863027 0.310293
v 0.030310 1.861642 0.318220
v 0.032938 1.859781 0.325849
v 0.036809 1.857776 0.332927
v 0.041754 1.855456 0.339089
v 0.047651 1.852987 0.344041
v 0.191483 2.022202 0.376951
v 0.078072 1.996820 0.297554
v 0.076412 1.940525 0.374599
v 0.072748 1.925864 0.370439
v 0.201684 2.076487 0.248160
v 0.134480 2.029619 0.315945
v 0.084585 2.087686 0.273902
v 0.059910 1.873309 0.354464
v 0.057061 1.861539 0.350843
v 0.061726 1.847925 0.349144
v 0.058333 2.035931 0.295467
v 0.069462 1.845491 0.349127
v 0.077264 1.843226 0.347568
v 0.084802 1.841151 0.344599
v 0.091834 1.839516 0.340424
v 0.182260 2.002891 0.312820
v 0.071204 1.965028 0.298912
v 0.097987 1.838226 0.335142
v 0.102973 1.837419 0.328929
v 0.098423 1.947859 0.324080
v 0.127345 1.939197 0.318821
v 0.046190 1.957652 0.299429
v 0.193304 2.060209 0.286499
v 0.132214 1.893914 0.336680
v 0.121306 1.870057 0.330217
v 0.116402 1.858905 0.327058
v 0.111386 1.847935 0.324497
v 0.108272 1.837530 0.314368
v 0.108403 1.838446 0.306510
v 0.107010 1.839831 0.298674
v 0.104105 1.841267 0.291120
v 0.100250 1.843705 0.284297
v 0.095155 1.846038 0.278342
v 0.089117 1.848519 0.273597
v 0.085099 1.862871 0.272606
v 0.086751 1.874998 0.277243
v 0.092547 2.082064 0.266094
v 0.085159 1.898726 0.297188
v 0.083550 1.911684 0.309220
v 0.084246 1.938451 0.321722
v 0.042065 1.737166 0.277175
v 0.043730 1.735217 0.279522
v 0.167511 1.967473 0.323340
v 0.042446 1.974085 0.317052
v 0.045460 1.733508 0.282488
v 0.048685 2.006042 0.307282
v 0.047094 1.732282 0.285900
v 0.048504 1.731694 0.289572
v 0.049625 1.731704 0.293242
v 0.050410 1.732193 0.296596
v 0.048961 1.732173 0.300519
v 0.057895 2.053717 0.304327
v 0.195209 1.997898 0.329353
v 0.042278 1.928080 0.297170
v 0.046188 1.731656 0.302550
v 0.042952 1.731616 0.304609
v 0.039492 1.732175 0.306489
v 0.036029 1.733376 0.308036
v 0.069552 1.931537 0.304069
v 0.032779 1.735063 0.309187
v 0.174028 1.965373 0.341369
v 0.029979 1.736997 0.309914
v 0.026259 1.738330 0.308550
v 0.075021 2.101405 0.325610
v 0.023953 1.738228 0.305950
v 0.021770 1.738489 0.302806
v 0.019969 1.739176 0.299329
v 0.018728 1.740303 0.295724
v 0.018060 1.741742 0.292234
v 0.017918 1.743305 0.289134
v 0.019366 1.743325 0.285210
v 0.021497 1.741790 0.282925
v 0.024279 1.740381 0.280686
v 0.027570 1.739283 0.278738
v 0.031201 1.738621 0.277257
v 0.034904 1.738382 0.276285
v 0.073419 2.099928 0.310752
v 0.038345 1.738500 0.275811
v 0.101767 2.131619 0.284380
v 0.067504 1.945554 0.370320
v 0.165291 2.164976 0.298860
v 0.171711 2.165442 0.310132
v 0.178164 2.163869 0.321396
v 0.184238 2.160602 0.331915
v 0.189482 2.156259 0.340894
v 0.169394 2.159911 0.281913
v 0.080311 1.955691 0.378802
v 0.186570 2.156550 0.285596
v 0.210075 2.143807 0.343630
v 0.219902 2.136741 0.340321
v 0.228820 2.128389 0.335998
v 0.236063 2.119217 0.330844
v 0.241386 2.109958 0.325287
v 0.244713 2.101492 0.319884
v 0.053430 2.039240 0.330756
v 0.246532 2.086646 0.309374
v 0.073723 2.049824 0.370477
v 0.133284 1.923947 0.315706
v 0.127216 2.082106 0.397282
v 0.185408 2.123590 0.244152
v 0.082390 1.851489 0.270405
v 0.106564 1.837352 0.321981
v 0.054370 1.850476 0.347479
v 0.058319 1.781207 0.269406
v 0.075094 1.771214 0.308346
v 0.037005 1.780901 0.327203
v 0.020258 1.790897 0.288288
v 0.219446 2.138947 0.298296
v 0.063456 1.951905 0.292177
v 0.084469 1.971299 0.383028
v 0.227141 2.096526 0.263284
v 0.105101 2.035635 0.396639
v 0.206828 2.027768 0.364223
v 0.196249 2.149017 0.279390
v 0.215501 2.145504 0.315987
v 0.239266 2.063953 0.335283
v -0.228950 2.065958 0.277761
v -0.077076 2.027082 0.283093
v -0.043066 1.989582 0.328692
v -0.087873 2.038802 0.282832
v -0.118066 2.110287 0.252208
v -0.066160 2.086773 0.327980
v 0.018109 1.744566 0.286985
v 0.028093 1.738611 0.310227
v 0.050815 1.732837 0.298980
v 0.040827 1.738791 0.275734
v 0.193019 2.152338 0.346865
v -0.150214 1.976545 0.380409
v -0.150081 2.085079 0.243329
v -0.210433 2.054602 0.273988
v -0.164648 2.003137 0.385213
v -0.157800 2.136495 0.249035
v -0.124451 2.140831 0.265904
v -0.190894 2.101981 0.239266
v -0.127748 2.118251 0.249157
v -0.121362 2.151999 0.290188
v -0.112570 2.148213 0.308283
v -0.140434 2.139168 0.255148
v -0.204663 2.083659 0.246936
v -0.130079 2.133487 0.255745
v -0.065991 2.047922 0.284876
v -0.156521 2.107199 0.237527
v -0.070384 2.062082 0.281552
v -0.137687 2.125261 0.247390
v -0.079844 2.113194 0.306864
v -0.091117 2.127753 0.317752
v -0.169999 2.083176 0.240762
v -0.110190 2.145051 0.294092
v -0.221077 2.049888 0.357676
v -0.119777 2.126584 0.257776
v -0.106110 2.140028 0.328025
v -0.223823 2.037766 0.316810
v -0.138774 2.093173 0.243034
v -0.191527 2.060208 0.286499
v -0.152866 2.077224 0.257730
v -0.241844 2.068767 0.317235
v -0.212639 2.042575 0.290421
v -0.218975 2.049939 0.285295
v -0.085584 2.054310 0.272977
v -0.059149 2.070767 0.315489
v -0.070447 1.998355 0.290565
v -0.205269 2.034173 0.296433
v -0.132469 2.156796 0.286654
v -0.231992 2.075190 0.275283
v -0.143038 2.159348 0.283315
v -0.146795 2.162905 0.293826
v -0.152141 2.165083 0.305208
v -0.158450 2.165462 0.316943
v -0.165241 2.163788 0.328404
v -0.172228 2.160372 0.338850
v -0.179293 2.155704 0.347462
v -0.128814 2.157243 0.317057
v -0.199929 2.060365 0.264671
v -0.140504 2.162437 0.311253
v -0.146872 2.162658 0.323731
v -0.154147 2.160888 0.335686
v -0.162157 2.157360 0.346441
v -0.170858 2.152421 0.355268
v -0.244757 2.086646 0.309374
v -0.091150 2.005669 0.314365
v -0.124000 2.155442 0.303517
v -0.235387 2.065163 0.290521
v -0.241606 2.088684 0.334801
v -0.136818 1.949752 0.373534
v -0.224050 2.076874 0.264180
v -0.135317 2.157251 0.330356
v -0.143090 2.155377 0.342922
v -0.185769 1.987369 0.330696
v -0.151955 2.151786 0.354123
v -0.161802 2.146707 0.363291
v -0.080829 2.041042 0.278275
v -0.123905 2.149457 0.336676
v -0.132081 2.147460 0.349808
v -0.141566 2.143818 0.361432
v -0.152156 2.138676 0.370913
v -0.101524 2.138882 0.313101
v -0.198631 2.044321 0.289323
v -0.112777 2.139514 0.342539
v -0.121184 2.137362 0.356059
v -0.131048 2.133650 0.367972
v -0.142100 2.128470 0.377659
v -0.089174 2.125351 0.302712
v -0.188553 1.999262 0.319025
v 0.151033 2.156210 0.273199
v -0.095556 2.128541 0.332968
v -0.077097 1.978724 0.308309
v -0.102173 2.127748 0.347740
v -0.157242 1.970734 0.319433
v -0.072806 1.981184 0.299301
v -0.110652 2.125420 0.361458
v -0.120687 2.121624 0.373512
v -0.131981 2.116427 0.383291
v -0.089362 2.023804 0.300467
v -0.069635 2.029914 0.283028
v -0.085866 2.115574 0.337235
v -0.092363 2.114503 0.352058
v -0.100786 2.111996 0.365805
v 0.151147 1.930592 0.345586
v -0.081201 1.994714 0.307269
v -0.110829 2.108119 0.377865
v -0.164865 1.981596 0.318324
v -0.238086 2.074703 0.287534
v -0.122185 2.102933 0.387632
v -0.196219 2.144853 0.355062
v -0.206441 2.138443 0.354210
v -0.216618 2.130882 0.351459
v -0.225873 2.122359 0.347162
v -0.233481 2.113238 0.341597
v -0.081596 2.115152 0.321959
v -0.239187 2.104212 0.335075
v -0.242894 2.096105 0.327821
v -0.191030 2.139720 0.364214
v -0.202054 2.132251 0.364130
v -0.212816 2.123996 0.361682
v -0.222613 2.115102 0.357260
v -0.230833 2.105845 0.351184
v -0.237216 2.096812 0.343656
v -0.184040 2.133007 0.373011
v -0.195767 2.124804 0.373269
v -0.207795 2.091218 0.247062
v -0.207139 2.115952 0.370899
v -0.217564 2.106668 0.366260
v -0.226505 2.097233 0.359670
v -0.233650 2.088157 0.351318
v -0.238743 2.080016 0.341357
v -0.175771 2.124485 0.381071
v -0.188064 2.115875 0.381431
v -0.199993 2.106648 0.379013
v -0.211029 2.097104 0.374135
v -0.220671 2.087583 0.367099
v -0.228533 2.078548 0.358132
v -0.234260 2.070501 0.347451
v -0.166652 2.114109 0.388044
v -0.179387 2.105367 0.388419
v -0.191778 2.096039 0.385921
v -0.203327 2.086481 0.380845
v -0.213546 2.077068 0.373481
v -0.221995 2.068230 0.364091
v -0.228246 2.060419 0.352942
v -0.157114 2.102144 0.393743
v -0.170170 2.093489 0.394091
v -0.182914 2.084300 0.391512
v -0.194858 2.074952 0.386294
v -0.205516 2.065828 0.378723
v -0.214414 2.057334 0.369084
v -0.147588 2.088930 0.398019
v -0.160841 2.080529 0.398316
v -0.173823 2.071660 0.395673
v -0.186043 2.062692 0.390373
v -0.197009 2.053999 0.382708
v -0.206227 2.045963 0.372975
v -0.213198 2.038979 0.361490
v -0.239143 2.084654 0.285678
v -0.225768 2.086339 0.263210
v -0.204905 2.049778 0.280581
v -0.053559 2.020358 0.297010
v -0.242148 2.075532 0.300296
v -0.158654 2.091403 0.238658
v -0.147756 2.131319 0.247234
v -0.174410 2.119146 0.239805
v -0.180669 2.068207 0.269216
v -0.147658 2.100268 0.239340
v -0.166895 2.098138 0.236478
v -0.165408 2.113595 0.237649
v -0.235786 2.056674 0.308059
v -0.216527 2.028140 0.320906
v -0.055957 1.982943 0.361383
v -0.225896 2.039848 0.330960
v -0.137223 2.109361 0.242899
v -0.232526 2.049688 0.326602
v -0.225738 2.047248 0.298453
v -0.135512 2.160393 0.298755
v -0.103583 2.125612 0.271760
v -0.187043 2.066329 0.257629
v -0.173763 1.980859 0.364487
v -0.150204 1.959513 0.319964
v -0.054592 2.055218 0.316952
v -0.173258 2.075865 0.282916
v -0.117491 2.003567 0.322654
v -0.146681 2.116397 0.241209
v -0.127920 2.101737 0.246103
v -0.060897 1.985098 0.290794
v -0.099713 2.092035 0.260850
v -0.144896 2.149909 0.264779
v -0.066484 2.015226 0.286074
v -0.093723 2.037550 0.293771
v -0.099370 2.136073 0.298352
v -0.045483 1.988097 0.340000
v -0.056559 2.035930 0.295468
v -0.184522 2.096206 0.237672
v -0.150552 2.143830 0.256380
v -0.211885 2.029196 0.307717
v -0.100733 2.034046 0.306702
v -0.182804 2.110178 0.238475
v -0.134956 2.146049 0.264585
v -0.174877 2.104567 0.236459
v -0.115975 1.992486 0.393912
v 0.203546 2.100126 0.243681
v -0.242950 2.085115 0.297803
v -0.062919 2.016334 0.366876
v -0.165942 2.128137 0.243343
v -0.210817 2.071840 0.256280
v -0.157302 1.989892 0.383156
v -0.181783 2.009954 0.377088
v -0.189116 2.004675 0.366204
v -0.128697 2.022858 0.399916
v -0.119690 1.966530 0.323298
v -0.137284 1.963784 0.321007
v -0.083663 2.025310 0.289225
v -0.109640 2.085246 0.255771
v -0.180485 2.002891 0.312820
v -0.099424 2.051058 0.285439
v -0.179810 1.976576 0.342065
v -0.084178 2.082129 0.370613
v -0.083706 2.070518 0.270667
v -0.105024 2.073116 0.391806
v -0.237960 2.059334 0.321948
v -0.144061 1.975440 0.320736
v -0.054290 1.987155 0.293288
v -0.178503 2.020039 0.307316
v -0.170606 1.965723 0.331308
v -0.049843 1.985850 0.351063
v -0.077584 2.066203 0.371074
v -0.097922 2.057347 0.391701
v -0.166306 1.968735 0.362608
v -0.106018 2.048938 0.299235
v -0.189707 2.022202 0.376951
v -0.055585 2.055551 0.330539
v -0.161092 2.023167 0.393774
v -0.220666 2.068280 0.266220
v -0.202917 2.009092 0.340169
v -0.042751 1.990224 0.317683
v -0.091678 2.041253 0.390423
v -0.062488 2.033075 0.287586
v -0.143383 1.963149 0.377145
v -0.052790 2.002507 0.353362
v -0.157728 1.942345 0.338555
v -0.045528 2.006091 0.329691
v -0.135795 2.037821 0.401558
v -0.151731 1.944969 0.322912
v -0.100938 2.062748 0.268660
v -0.093840 2.115771 0.275698
v -0.059233 1.999550 0.364275
v -0.084826 2.104738 0.279866
v -0.105729 1.977106 0.324114
v -0.071335 2.012630 0.376993
v -0.172268 2.016225 0.386392
v -0.172653 1.992305 0.316200
v -0.173254 1.978274 0.322691
v -0.130202 2.060091 0.401789
v -0.143480 2.052495 0.401988
v -0.076086 2.075258 0.277704
v -0.156571 2.044582 0.399314
v -0.180191 2.029102 0.386496
v -0.197007 2.016322 0.365754
v -0.122673 2.044935 0.401389
v -0.199909 2.076487 0.248160
v -0.148767 2.030466 0.398926
v -0.067112 2.033146 0.369009
v -0.073656 2.012936 0.287239
v -0.115825 2.029460 0.399765
v -0.113416 2.063806 0.290171
v -0.141455 2.016089 0.397355
v -0.153605 2.009424 0.392359
v -0.143707 1.947919 0.319669
v -0.174077 1.997513 0.376223
v -0.168874 2.009183 0.313408
v -0.132695 1.991322 0.323177
v -0.109566 2.013784 0.397150
v -0.134576 2.001541 0.394825
v -0.067418 1.983086 0.292760
v -0.140788 2.003017 0.321518
v -0.067275 1.995988 0.373890
v -0.103812 1.998032 0.393776
v -0.063974 2.070877 0.344047
v -0.128080 1.986911 0.391556
v -0.139654 1.981524 0.386965
v -0.086179 2.025022 0.388209
v -0.159269 1.972203 0.372178
v -0.058950 2.054722 0.344399
v -0.098490 1.982326 0.389862
v -0.060349 2.071448 0.329644
v -0.121930 1.972291 0.387754
v -0.133138 1.967511 0.383384
v -0.215838 2.060716 0.269328
v -0.143326 2.080853 0.271136
v -0.131785 2.076900 0.259834
v -0.048354 2.022693 0.330420
v -0.093545 1.966788 0.385616
v -0.108713 2.101514 0.256215
v -0.116104 1.957767 0.383615
v -0.100233 2.109030 0.264790
v -0.093909 2.078165 0.382334
v -0.087048 2.062250 0.382483
v -0.145338 1.946553 0.366106
v -0.151992 1.944134 0.357494
v -0.051212 2.021469 0.343045
v -0.110227 1.977293 0.389995
v -0.217003 2.088374 0.254158
v -0.163679 2.031017 0.310683
v -0.142982 2.046548 0.308848
v -0.076296 1.996824 0.297554
v -0.122113 2.007710 0.397290
v -0.152182 1.959405 0.369319
v -0.149881 2.015366 0.318092
v -0.070028 2.086503 0.342820
v -0.187461 1.987597 0.342150
v -0.104831 1.962235 0.385743
v -0.126919 1.953549 0.379462
v -0.156262 1.943115 0.329733
v -0.159035 1.956489 0.360234
v -0.069802 2.069105 0.358061
v -0.160248 1.997676 0.317674
v -0.196298 2.009405 0.316012
v -0.201134 2.008216 0.327290
v -0.125616 1.979281 0.323650
v -0.180884 1.988864 0.321279
v -0.076123 2.084933 0.357239
v -0.131268 1.951632 0.320394
v -0.048629 1.988888 0.299215
v -0.168976 2.036675 0.394053
v -0.059986 2.036135 0.356957
v -0.114516 1.953269 0.322629
v -0.100919 1.962540 0.324087
v -0.048715 1.775654 0.268445
v -0.043309 1.777349 0.268466
v -0.075900 2.029326 0.379601
v -0.037853 1.778929 0.269576
v -0.032561 1.780340 0.271669
v -0.027646 1.781528 0.274640
v -0.023323 1.782437 0.278380
v -0.019806 1.783012 0.282785
v -0.046320 1.768559 0.268792
v -0.041143 1.770171 0.268811
v -0.035917 1.771671 0.269874
v -0.030849 1.773016 0.271877
v -0.026145 1.774158 0.274720
v -0.022009 1.775040 0.278301
v -0.018644 1.775602 0.282516
v -0.044040 1.761888 0.269298
v -0.039105 1.763390 0.269317
v -0.034122 1.764787 0.270328
v -0.029292 1.766053 0.272235
v -0.024817 1.767154 0.274942
v -0.020886 1.768025 0.278350
v -0.017690 1.768592 0.282361
v -0.041909 1.755773 0.270039
v -0.037239 1.757126 0.270058
v -0.032520 1.758382 0.271013
v -0.027953 1.759549 0.272813
v -0.023734 1.760617 0.275368
v -0.020039 1.761501 0.278583
v -0.017039 1.762099 0.282365
v -0.039973 1.750333 0.271075
v -0.035599 1.751482 0.271101
v -0.031169 1.752547 0.271998
v -0.026890 1.753590 0.273681
v -0.022958 1.754635 0.276067
v -0.019532 1.755567 0.279063
v -0.016761 1.756236 0.282577
v -0.038316 1.745637 0.272398
v -0.034278 1.746485 0.272473
v -0.030146 1.747305 0.273334
v -0.026147 1.748211 0.274910
v -0.022498 1.749250 0.277123
v -0.019349 1.750281 0.279868
v -0.016833 1.751099 0.283041
v -0.037071 1.741719 0.273982
v -0.033394 1.742136 0.274191
v -0.029534 1.742664 0.275071
v -0.025768 1.743435 0.276571
v -0.022349 1.744490 0.278630
v -0.019442 1.745683 0.281102
v -0.017182 1.746775 0.283834
v -0.015989 1.782958 0.293139
v -0.015809 1.782330 0.298763
v -0.016674 1.781372 0.304400
v -0.018490 1.780140 0.309831
v -0.021162 1.778692 0.314836
v -0.024598 1.777083 0.319199
v -0.028703 1.775368 0.322700
v -0.014990 1.775550 0.292425
v -0.014815 1.774938 0.297807
v -0.015641 1.774010 0.303202
v -0.017378 1.772826 0.308401
v -0.019937 1.771445 0.313195
v -0.023228 1.769917 0.317375
v -0.027158 1.768287 0.320729
v -0.014215 1.768542 0.291784
v -0.014043 1.767928 0.296901
v -0.014823 1.767013 0.302031
v -0.016475 1.765872 0.306980
v -0.018914 1.764572 0.311548
v -0.022052 1.763149 0.315535
v -0.025798 1.761630 0.318734
v -0.013766 1.762053 0.291238
v -0.163290 1.954553 0.330772
v -0.013594 1.761410 0.296053
v -0.014319 1.760484 0.300885
v -0.072898 1.976715 0.378139
v -0.054760 2.038194 0.344014
v -0.015873 1.759379 0.305553
v -0.018181 1.758180 0.309872
v -0.172252 1.965373 0.341369
v -0.158544 1.956378 0.323438
v -0.021154 1.756899 0.313646
v -0.239747 2.066081 0.303878
v -0.024698 1.755530 0.316677
v -0.219212 2.038489 0.302977
v -0.013728 1.756194 0.290796
v -0.013556 1.755483 0.295258
v -0.164870 1.953968 0.340176
v -0.076903 1.992679 0.381874
v -0.014219 1.754512 0.299748
v -0.051654 2.039240 0.330756
v -0.015663 1.753432 0.304101
v -0.047744 2.022918 0.318087
v -0.017828 1.752359 0.308147
v -0.020617 1.751271 0.311693
v -0.023930 1.750107 0.314541
v -0.056137 2.019319 0.355380
v -0.181370 1.992846 0.365732
v -0.014114 1.751061 0.290408
v -0.013971 1.750205 0.294442
v -0.166573 1.984917 0.374531
v -0.045078 2.006543 0.318016
v -0.014586 1.749139 0.298560
v -0.015928 1.748068 0.302600
v -0.050864 2.039204 0.317785
v -0.017947 1.747134 0.306383
v -0.020532 1.746291 0.309713
v -0.023556 1.745429 0.312385
v -0.014919 1.746743 0.289965
v -0.014868 1.745618 0.293495
v -0.015478 1.744393 0.297246
v -0.016744 1.743308 0.301018
v -0.018635 1.742510 0.304596
v -0.021000 1.741961 0.307768
v -0.023660 1.741530 0.310312
v -0.038522 1.771845 0.326294
v -0.043927 1.770146 0.326274
v -0.049385 1.768563 0.325166
v -0.054680 1.767151 0.323076
v -0.059599 1.765966 0.320110
v -0.063928 1.765061 0.316374
v -0.067450 1.764489 0.311974
v -0.036553 1.764916 0.324170
v -0.041723 1.763280 0.324148
v -0.165735 1.967473 0.323340
v -0.046943 1.761754 0.323085
v -0.073149 2.044365 0.279480
v -0.056745 2.002615 0.291704
v -0.095744 2.019785 0.311463
v -0.052011 1.760398 0.321083
v -0.077611 2.058079 0.275346
v -0.224523 2.057536 0.281121
v -0.056722 1.759268 0.318245
v -0.060869 1.758413 0.314671
v -0.064245 1.757876 0.310462
v -0.063627 1.979537 0.370486
v -0.034732 1.758425 0.322007
v -0.039641 1.756838 0.321978
v -0.044599 1.755357 0.320958
v -0.049418 1.754052 0.319048
v -0.053909 1.752990 0.316350
v -0.057869 1.752205 0.312955
v -0.132705 2.029618 0.315945
v -0.061093 1.751724 0.308957
v -0.033110 1.752512 0.319760
v -0.037717 1.750958 0.319716
v -0.042374 1.749501 0.318738
v -0.195166 1.998438 0.341541
v -0.046914 1.748243 0.316928
v -0.064482 2.052787 0.357911
v -0.051164 1.747267 0.314387
v -0.054924 1.746584 0.311199
v -0.057989 1.746189 0.307445
v -0.031723 1.747312 0.317398
v -0.035973 1.745763 0.317322
v -0.040281 1.744305 0.316378
v -0.044506 1.743087 0.314674
v -0.048494 1.742218 0.312312
v -0.052044 1.741678 0.309367
v -0.177629 2.089694 0.238036
v -0.079895 2.011493 0.294186
v -0.218487 2.029804 0.334814
v -0.093293 2.051741 0.275854
v 0.246132 2.095511 0.315846
v -0.054942 1.741411 0.305905
v -0.156267 2.122694 0.241273
v -0.030541 1.742924 0.314946
v -0.034349 1.741336 0.314779
v -0.161571 2.077980 0.246749
v 0.087047 1.953465 0.322199
v -0.085239 2.009709 0.304760
v -0.038272 1.739844 0.313835
v -0.042181 1.738652 0.312225
v -0.045921 1.737900 0.310049
v -0.049281 1.737541 0.307389
v -0.052030 1.737463 0.304310
v -0.029473 1.739445 0.312444
v -0.032750 1.737747 0.312077
v -0.081091 2.045920 0.381504
v -0.092314 2.065973 0.267216
v -0.036286 1.736180 0.311069
v -0.039923 1.734996 0.309518
v -0.064478 2.065815 0.290753
v -0.043472 1.734354 0.307512
v -0.046705 1.734201 0.305170
v -0.146469 1.995518 0.390021
v -0.193882 2.070261 0.251364
v -0.049367 1.734389 0.302598
v -0.071269 1.764544 0.301623
v -0.060097 2.051173 0.293410
v -0.071447 1.765168 0.295998
v -0.070578 1.766123 0.290358
v -0.233358 2.085085 0.273883
v -0.244099 2.077894 0.312856
v -0.068758 1.767353 0.284923
v -0.066081 1.768802 0.279913
v -0.129871 2.086237 0.248430
v -0.062643 1.770413 0.275546
v -0.058536 1.772130 0.272042
v -0.067901 1.757928 0.300556
v -0.068066 1.758515 0.295170
v -0.067230 1.759418 0.289770
v -0.065487 1.760590 0.284566
v -0.205450 2.065096 0.259340
v -0.230369 2.047253 0.312451
v -0.141415 2.080210 0.250818
v -0.091272 2.098710 0.269107
v -0.062928 1.761982 0.279769
v -0.059642 1.763535 0.275589
v -0.055717 1.765189 0.272234
v -0.118774 2.093694 0.250522
v -0.063586 2.000338 0.288729
v -0.064570 1.751773 0.299537
v -0.064714 1.752302 0.294409
v -0.063906 1.753132 0.289266
v -0.069998 2.079662 0.287566
v -0.062240 1.754234 0.284309
v -0.059810 1.755573 0.279743
v -0.056696 1.757080 0.275764
v -0.052975 1.758683 0.272573
v -0.061263 1.746235 0.298574
v -0.061372 1.746675 0.293733
v -0.050948 2.004650 0.298240
v -0.214754 2.079724 0.254635
v -0.117277 2.149701 0.322653
v -0.060582 1.747400 0.288874
v -0.059453 2.017917 0.289792
v -0.107786 2.062681 0.276773
v -0.058998 1.748414 0.284193
v -0.071947 2.049824 0.370477
v -0.048156 2.004719 0.341660
v -0.231209 2.055994 0.294272
v -0.056716 1.749704 0.279883
v -0.053805 1.751185 0.276131
v -0.113862 2.134035 0.268386
v -0.050323 1.752756 0.273123
v -0.111191 1.990777 0.323900
v -0.057976 1.741453 0.297686
v -0.058022 1.741763 0.293174
v -0.081296 2.008801 0.385290
v -0.057235 1.742341 0.288634
v -0.082030 1.974818 0.316484
v -0.151905 1.986589 0.319818
v -0.055735 1.743245 0.284257
v -0.053624 1.744494 0.280231
v -0.050955 1.745974 0.276732
v -0.047767 1.747538 0.273933
v -0.054749 1.737501 0.296944
v -0.054661 1.737617 0.292817
v -0.053834 1.738012 0.288615
v -0.052402 1.738796 0.284538
v -0.050471 1.740016 0.280789
v -0.048096 1.741530 0.277540
v -0.045302 1.743132 0.274959
v -0.051630 1.734421 0.296467
v -0.051280 1.734265 0.292778
v -0.050345 1.734451 0.288898
v -0.048948 1.735123 0.285073
v -0.047186 1.736334 0.281546
v -0.045146 1.737922 0.278501
v -0.042885 1.739634 0.276115
v -0.070313 1.843045 0.267807
v -0.062900 1.845376 0.267827
v -0.055457 1.847543 0.269285
v -0.048241 1.849293 0.272035
v -0.041635 1.851099 0.275985
v -0.035807 1.852340 0.280978
v -0.031077 1.853120 0.286894
v -0.067419 1.833138 0.267422
v -0.060295 1.835379 0.267447
v -0.053124 1.837465 0.268882
v -0.046170 1.839235 0.271587
v -0.039764 1.840888 0.275442
v -0.034121 1.842082 0.280307
v -0.029539 1.842835 0.286050
v -0.064530 1.823793 0.267328
v -0.057682 1.825947 0.267355
v -0.050780 1.827953 0.268749
v -0.044088 1.829705 0.271378
v -0.037899 1.831246 0.275113
v -0.032453 1.832396 0.279821
v -0.028028 1.833121 0.285371
v -0.061705 1.814936 0.267388
v -0.055119 1.817007 0.267415
v -0.048478 1.818936 0.268763
v -0.042040 1.820645 0.271303
v -0.036072 1.822103 0.274909
v -0.030824 1.823209 0.279453
v -0.026558 1.823907 0.284804
v -0.058962 1.806499 0.267533
v -0.052628 1.808489 0.267559
v -0.046239 1.810344 0.268859
v -0.040044 1.811997 0.271308
v -0.034296 1.813391 0.274783
v -0.029242 1.814454 0.279160
v -0.025132 1.815126 0.284315
v -0.056302 1.798413 0.267725
v -0.050210 1.800327 0.267750
v -0.044063 1.802111 0.269002
v -0.038103 1.803702 0.271360
v -0.032570 1.805041 0.274706
v -0.027705 1.806064 0.278919
v -0.023748 1.806710 0.283880
v -0.053715 1.790615 0.267946
v -0.047857 1.792455 0.267969
v -0.041946 1.794170 0.269173
v -0.036213 1.795700 0.271442
v -0.030890 1.796986 0.274660
v -0.026209 1.797970 0.278714
v -0.022401 1.798592 0.283486
v -0.025985 1.853028 0.300898
v -0.025787 1.852158 0.308527
v -0.027011 1.850832 0.316181
v -0.029528 1.849107 0.323553
v -0.033225 1.847128 0.330363
v -0.037962 1.844905 0.336299
v -0.043615 1.842537 0.341066
v -0.024593 1.842754 0.299589
v -0.024386 1.841921 0.306951
v -0.025549 1.840651 0.314330
v -0.027960 1.839016 0.321440
v -0.031500 1.837098 0.327996
v -0.036044 1.834965 0.333711
v -0.041469 1.832694 0.338300
v -0.023244 1.833046 0.298431
v -0.023035 1.832248 0.305526
v -0.024145 1.831030 0.312635
v -0.026456 1.829463 0.319484
v -0.029853 1.827620 0.325797
v -0.034215 1.825572 0.331300
v -0.039424 1.823392 0.335716
v -0.021940 1.823838 0.297387
v -0.021732 1.823072 0.304220
v -0.022794 1.821902 0.311067
v -0.025013 1.820398 0.317662
v -0.028275 1.818627 0.323740
v -0.032466 1.816660 0.329038
v -0.037471 1.814565 0.333290
v -0.020679 1.815061 0.296430
v -0.020475 1.814325 0.303009
v -0.021493 1.813201 0.309601
v -0.023624 1.811756 0.315950
v -0.026759 1.810055 0.321802
v -0.030788 1.808164 0.326903
v -0.035600 1.806150 0.330995
v -0.019457 1.806648 0.295541
v -0.019259 1.805941 0.301873
v -0.020236 1.804861 0.308217
v -0.022284 1.803472 0.314329
v -0.025298 1.801837 0.319962
v -0.029171 1.800020 0.324871
v -0.033798 1.798084 0.328810
v -0.018270 1.798532 0.294703
v -0.018078 1.797853 0.300795
v -0.019016 1.796815 0.306899
v -0.020985 1.795480 0.312779
v -0.023882 1.793909 0.318199
v -0.027606 1.792162 0.322922
v -0.032054 1.790301 0.326712
v -0.057119 1.837683 0.345970
v -0.064544 1.835347 0.345948
v -0.072037 1.833173 0.344442
v -0.079293 1.831216 0.341591
v -0.086039 1.829608 0.337554
v -0.091960 1.828366 0.332463
v -0.096764 1.827586 0.326470
v -0.054433 1.828034 0.343015
v -0.061565 1.825792 0.342992
v -0.068763 1.823704 0.341540
v -0.075741 1.821837 0.338796
v -0.082222 1.820277 0.334905
v -0.087917 1.819083 0.330001
v -0.092543 1.818331 0.324227
v -0.051879 1.818916 0.340253
v -0.058733 1.816762 0.340229
v -0.065650 1.814755 0.338830
v -0.072360 1.812965 0.336189
v -0.078590 1.811462 0.332441
v -0.084068 1.810313 0.327720
v -0.088521 1.809589 0.322161
v -0.049443 1.810264 0.337656
v -0.056032 1.808193 0.337631
v -0.062683 1.806265 0.336284
v -0.195195 2.058855 0.273116
v -0.188573 2.013315 0.308346
v -0.178141 1.976648 0.331326
v -0.193434 1.997898 0.329353
v -0.064766 2.085696 0.313358
v -0.124557 2.016119 0.320087
v -0.120480 2.079321 0.254930
v -0.086548 1.990809 0.315908
v -0.109777 2.118377 0.260905
v -0.076880 1.794064 0.323584
v -0.081003 1.793392 0.318434
v -0.044867 1.794109 0.332854
v -0.050960 1.792195 0.332831
v -0.057112 1.790412 0.331583
v -0.063080 1.788821 0.329229
v -0.068623 1.787484 0.325888
v -0.073499 1.786462 0.321680
v -0.077466 1.785816 0.316723
v -0.042696 1.786480 0.330603
v -0.048556 1.784640 0.330581
v -0.054471 1.782926 0.329381
v -0.060210 1.781397 0.327117
v -0.065540 1.780111 0.323904
v -0.070229 1.779129 0.319856
v -0.074045 1.778508 0.315088
v -0.101907 1.827683 0.312403
v -0.102077 1.828556 0.304788
v -0.100797 1.829882 0.297175
v -0.098118 1.831383 0.289838
v -0.094438 1.833588 0.283139
v -0.089624 1.835816 0.277289
v -0.083903 1.838186 0.272606
v -0.097518 1.818416 0.310663
v -0.097707 1.819251 0.303307
v -0.096510 1.820522 0.295944
v -0.094007 1.822043 0.288849
v -0.090472 1.824073 0.282337
v -0.085886 1.826206 0.276655
v -0.080426 1.828477 0.272098
v -0.093324 1.809666 0.309094
v -0.093522 1.810465 0.302001
v -0.092390 1.811683 0.294896
v -0.090027 1.813197 0.288050
v -0.086627 1.815091 0.281751
v -0.082238 1.817138 0.276258
v -0.077008 1.819318 0.271851
v -0.089312 1.801367 0.307657
v -0.089513 1.802134 0.300823
v -0.088436 1.803303 0.293976
v -0.086190 1.804787 0.287378
v -0.082918 1.806576 0.281300
v -0.078709 1.808542 0.276002
v -0.073690 1.810636 0.271750
v -0.085466 1.793459 0.306322
v -0.085665 1.794195 0.299742
v -0.084636 1.795318 0.293148
v -0.082490 1.796758 0.286793
v -0.079344 1.798463 0.280936
v -0.075303 1.800352 0.275832
v -0.070481 1.802365 0.271735
v -0.081763 1.785879 0.305068
v -0.081958 1.786586 0.298735
v -0.080973 1.787665 0.292387
v -0.078915 1.789053 0.286270
v -0.075892 1.790688 0.280630
v -0.072010 1.792504 0.275716
v -0.067376 1.794439 0.271772
v -0.078180 1.778568 0.303876
v -0.078370 1.779247 0.297783
v -0.077425 1.780284 0.291675
v -0.075450 1.781618 0.285790
v -0.072546 1.783189 0.280364
v -0.068816 1.784934 0.275635
v -0.064362 1.786795 0.271840
v -0.066335 1.949272 0.297232
v -0.074413 1.942541 0.315518
v -0.055759 1.954261 0.291289
v -0.061679 1.951906 0.292177
v -0.069658 1.946262 0.305916
v -0.069135 1.804544 0.333742
v -0.071811 1.795126 0.327958
v -0.075127 1.803098 0.330135
v -0.080396 1.801994 0.325590
v -0.084681 1.801296 0.320238
v -0.047110 1.802016 0.335197
v -0.053446 1.800025 0.335173
v -0.059843 1.798171 0.333876
v -0.066048 1.796516 0.331430
v -0.076403 1.876759 0.275651
v -0.059294 1.907396 0.290253
v -0.048633 1.911671 0.287221
v -0.035576 1.887941 0.291241
v -0.067636 1.890846 0.283258
v -0.049687 1.956231 0.293971
v -0.037034 1.900808 0.293339
v -0.075334 1.864848 0.270952
v -0.067318 1.867355 0.270916
v -0.059436 1.869682 0.272175
v -0.051872 1.871210 0.274585
v -0.045054 1.873501 0.278446
v -0.039027 1.874832 0.283376
v -0.030292 1.886801 0.314510
v -0.040502 1.928080 0.297170
v -0.103395 1.916310 0.313199
v -0.050795 1.925272 0.289115
v -0.044331 1.878556 0.345348
v -0.033689 1.915092 0.310166
v -0.030377 1.887812 0.306144
v -0.047814 1.935591 0.352017
v -0.073833 1.902902 0.298475
v -0.036901 1.925053 0.330547
v -0.036973 1.943019 0.314543
v -0.065977 1.917861 0.300927
v -0.142951 1.919516 0.325902
v -0.061162 1.920663 0.293947
v -0.045306 1.926954 0.291890
v -0.035037 1.910903 0.327789
v -0.115765 1.913532 0.310777
v -0.044414 1.957652 0.299429
v -0.049124 1.904275 0.352413
v -0.138853 1.921367 0.319340
v -0.031902 1.899670 0.316911
v -0.041006 1.893717 0.341922
v -0.053280 1.896618 0.282693
v -0.060601 1.881105 0.275805
v -0.038980 1.940384 0.333721
v -0.060087 1.893674 0.282629
v -0.042625 1.938233 0.343212
v -0.034129 1.875664 0.289414
v -0.050764 1.875863 0.350687
v -0.028881 1.875538 0.304148
v -0.028741 1.874580 0.312285
v -0.030123 1.873128 0.320479
v -0.032865 1.871062 0.328347
v -0.036933 1.869093 0.335710
v -0.042101 1.866673 0.342104
v -0.048257 1.864095 0.347247
v -0.056255 1.923144 0.289631
v -0.126392 1.911667 0.312172
v -0.038663 1.914186 0.295403
v -0.038892 1.957400 0.325907
v -0.136804 1.907464 0.323259
v -0.090406 1.918904 0.372695
v -0.047477 1.941293 0.293132
v -0.050313 1.950838 0.355224
v -0.118803 1.910127 0.362045
v -0.038753 1.958283 0.316022
v -0.053273 1.939433 0.290312
v -0.076593 1.908506 0.368380
v -0.040963 1.955802 0.336060
v -0.067774 1.931537 0.304068
v -0.046671 1.891092 0.348801
v -0.051697 1.918112 0.356101
v -0.037054 1.942042 0.323993
v -0.126573 1.894363 0.344674
v -0.054396 1.932619 0.359768
v -0.072453 1.914922 0.307074
v -0.091209 1.889452 0.362473
v -0.042436 1.942576 0.298533
v -0.108252 1.884857 0.354304
v -0.046301 1.885708 0.280919
v -0.078167 1.879671 0.360133
v -0.086982 1.877062 0.358429
v -0.095554 1.874520 0.355047
v -0.103675 1.872708 0.350312
v -0.110542 1.871234 0.344389
v -0.116083 1.870697 0.337717
v -0.066093 1.870334 0.356222
v -0.074495 1.867675 0.356226
v -0.082960 1.865201 0.354568
v -0.091047 1.862736 0.351328
v -0.098721 1.861152 0.346921
v -0.105359 1.859749 0.341264
v -0.110860 1.859054 0.334554
v -0.062941 1.858811 0.352560
v -0.071003 1.856272 0.352551
v -0.079129 1.853909 0.350941
v -0.086946 1.851669 0.347843
v -0.094286 1.850044 0.343544
v -0.100680 1.848703 0.338074
v -0.105850 1.847868 0.331644
v -0.144194 1.918498 0.334069
v -0.036465 1.895352 0.333921
v -0.053400 1.888280 0.354343
v -0.131509 1.923948 0.315706
v -0.120368 1.926684 0.315907
v -0.093631 1.933994 0.322565
v -0.080476 1.922342 0.372624
v -0.054030 1.909740 0.287252
v -0.034631 1.882923 0.331045
v -0.094951 1.932955 0.377001
v -0.105346 1.929366 0.375058
v -0.095667 1.902328 0.366624
v -0.124525 1.923174 0.365903
v -0.100375 1.915648 0.370825
v -0.044827 1.953581 0.345981
v -0.115344 1.926062 0.371285
v -0.040415 1.887073 0.285390
v -0.109976 1.912683 0.367206
v -0.132455 1.920838 0.359160
v -0.038924 1.881076 0.338715
v -0.084575 1.936699 0.376906
v -0.086104 1.905316 0.368430
v -0.058992 1.937123 0.290885
v -0.068121 1.879328 0.275423
v -0.132459 1.906722 0.348055
v -0.092389 1.921045 0.317241
v -0.041730 1.899884 0.287839
v -0.053155 1.883467 0.277706
v -0.138683 1.919192 0.351338
v -0.043308 1.913182 0.290151
v -0.121034 1.882210 0.341230
v -0.072905 1.895206 0.364188
v -0.035341 1.928440 0.321298
v -0.120743 1.895540 0.351937
v -0.082031 1.892228 0.364224
v -0.059438 1.915355 0.362365
v -0.038322 1.909050 0.336744
v -0.115369 1.883239 0.348271
v -0.137882 1.906384 0.331329
v -0.106198 1.927339 0.318483
v -0.075841 1.889701 0.285285
v -0.133069 1.909280 0.316499
v -0.100072 1.886962 0.359104
v -0.033628 1.913802 0.319118
v -0.065728 1.945555 0.370320
v -0.045454 1.920979 0.348689
v -0.040529 1.923497 0.340222
v -0.035255 1.928351 0.312667
v -0.062446 1.930520 0.366370
v -0.069411 1.882472 0.360113
v -0.032013 1.901163 0.308133
v -0.104887 1.899632 0.363140
v -0.113378 1.897333 0.358173
v -0.043185 1.907020 0.345280
v -0.057249 1.947745 0.363373
v -0.047274 1.898476 0.284198
v -0.063779 1.934476 0.295597
v -0.031775 1.885280 0.322963
v -0.056175 1.901341 0.358173
v -0.033492 1.898072 0.325631
v -0.072863 1.928389 0.313122
v -0.126441 1.908098 0.355574
v -0.065802 1.903794 0.294011
v -0.031545 1.728918 0.295661
v -0.029803 1.729492 0.291843
v -0.028306 1.730849 0.288122
v -0.027106 1.732956 0.284617
v -0.026251 1.735779 0.281449
v -0.032130 1.731474 0.304712
v -0.030008 1.730444 0.301161
v -0.028006 1.730240 0.297465
v -0.026241 1.730820 0.293716
v -0.033480 1.729156 0.299455
v -0.035554 1.730233 0.303105
v -0.024807 1.732147 0.290017
v -0.023715 1.734196 0.286511
v -0.029878 1.735185 0.279921
v -0.022953 1.736945 0.283350
v -0.030804 1.732395 0.283001
v -0.028983 1.733320 0.306083
v -0.026845 1.732435 0.302765
v -0.024805 1.732310 0.299252
v -0.032086 1.730298 0.286414
v -0.023041 1.732899 0.295626
v -0.021689 1.734168 0.291999
v -0.020736 1.736077 0.288544
v -0.020120 1.738604 0.285452
v -0.033610 1.728947 0.290068
v -0.026335 1.735629 0.307269
v -0.024171 1.735046 0.304318
v -0.035285 1.728390 0.293861
v -0.225378 2.118285 0.277557
v -0.022086 1.735076 0.301028
v -0.020320 1.735696 0.297517
v -0.019042 1.736890 0.293944
v -0.018247 1.738578 0.290527
v -0.198403 2.155626 0.308957
v -0.017848 1.740689 0.287513
v -0.118483 2.070887 0.267212
v -0.197133 2.153730 0.336336
v -0.193066 2.157938 0.326042
v -0.037098 1.728643 0.297651
v -0.187547 2.161032 0.314920
v -0.181183 2.162494 0.303448
v -0.118681 1.886999 0.303004
v -0.121009 1.871497 0.313880
v -0.174439 2.162019 0.292217
v -0.039056 1.729714 0.301285
v -0.033600 1.735178 0.278777
v -0.034637 1.732544 0.281661
v -0.207200 2.148668 0.332491
v -0.199999 2.117036 0.248694
v -0.203663 2.152745 0.320887
v -0.191965 2.156965 0.297048
v -0.177087 2.154628 0.275181
v -0.036008 1.730529 0.284910
v -0.188671 2.082350 0.242020
v -0.123353 1.884988 0.309482
v -0.217059 2.141656 0.328399
v -0.208573 2.148111 0.303430
v -0.125972 1.883321 0.317058
v -0.037544 1.729214 0.288447
v -0.039124 1.728671 0.292164
v -0.040747 1.728902 0.295884
v -0.225923 2.133157 0.323868
v -0.205428 2.107650 0.247934
v -0.243918 2.082195 0.324535
v -0.042464 1.729894 0.299411
v -0.222702 2.136670 0.311150
v -0.203340 2.139871 0.273976
v -0.233140 2.123657 0.318955
v -0.185305 2.136142 0.254497
v -0.082809 2.087686 0.273902
v -0.225352 2.128597 0.293591
v -0.037159 1.735781 0.277951
v -0.218986 2.129504 0.281188
v -0.202434 2.128692 0.259403
v -0.090771 2.082064 0.266094
v -0.121406 2.147071 0.277508
v -0.217759 2.118583 0.266472
v -0.099991 2.131619 0.284380
v -0.038412 1.733452 0.280543
v -0.122306 1.899259 0.307743
v -0.039923 1.731583 0.283606
v -0.235842 2.106231 0.286722
v -0.230051 2.106830 0.275023
v -0.168922 2.151579 0.266427
v -0.132115 2.151936 0.275191
v -0.041486 1.730317 0.287038
v -0.217671 2.138947 0.298296
v -0.110541 2.140285 0.280620
v -0.080883 2.109687 0.292615
v -0.230118 2.126711 0.306359
v -0.194438 2.089097 0.241210
v -0.186121 2.147365 0.268814
v -0.186970 2.150411 0.353159
v -0.114248 1.899942 0.303699
v -0.180449 2.146441 0.361381
v -0.239832 2.105465 0.298679
v -0.172550 2.140372 0.369753
v -0.163644 2.132175 0.377617
v -0.154071 2.121912 0.384504
v -0.144233 2.109895 0.390187
v -0.134551 2.096500 0.394501
v -0.241535 2.073397 0.329921
v -0.237490 2.063953 0.335283
v -0.225025 2.043927 0.344823
v -0.214132 2.107793 0.255214
v -0.042967 1.729769 0.290691
v -0.198962 2.095440 0.242094
v -0.164792 2.075358 0.265805
v -0.093176 1.907999 0.307589
v -0.244700 2.089981 0.319516
v -0.231864 2.054103 0.340319
v -0.142013 2.154927 0.273760
v -0.044338 1.729920 0.294335
v -0.104157 1.892241 0.295542
v -0.235837 2.116143 0.302016
v -0.045648 1.730721 0.297710
v -0.090512 1.859528 0.275506
v -0.238525 2.113795 0.314116
v -0.099973 2.076470 0.261564
v -0.096990 1.856915 0.280135
v -0.211120 2.140007 0.285755
v -0.202029 2.149315 0.291096
v -0.193091 2.126748 0.250779
v -0.217415 2.033464 0.348609
v -0.181802 2.076163 0.245110
v -0.160864 2.156688 0.273290
v -0.211214 2.129566 0.269662
v -0.102472 1.854459 0.286042
v -0.106569 1.851722 0.292848
v -0.109779 1.850399 0.300561
v -0.111335 1.848955 0.308559
v -0.111276 1.847996 0.316620
v -0.092987 1.871148 0.279117
v -0.194635 2.138566 0.263406
v -0.100161 1.868355 0.283161
v -0.194473 2.149017 0.279390
v -0.177132 2.144580 0.259896
v -0.109021 1.876929 0.291999
v -0.106232 1.865764 0.288676
v -0.121267 1.870454 0.322102
v -0.154541 2.082417 0.281991
v -0.173774 2.072093 0.251831
v -0.102592 1.880191 0.288101
v -0.131171 1.895357 0.320274
v -0.125411 2.074636 0.278886
v -0.127975 1.897105 0.313140
v -0.110719 1.862680 0.295206
v -0.114341 1.861515 0.302959
v -0.113100 2.088378 0.390505
v -0.116141 1.860006 0.311008
v -0.131989 1.894262 0.328357
v -0.116208 1.859006 0.319200
v -0.209099 2.118260 0.256745
v -0.104730 1.904638 0.304850
v -0.094283 1.883196 0.285612
v -0.126489 1.882241 0.325224
v -0.231449 2.117534 0.289610
v -0.114630 1.874702 0.298344
v -0.222606 2.107407 0.264364
v -0.167619 2.159911 0.281913
v -0.184794 2.156550 0.285596
v -0.118862 1.873085 0.305962
v -0.076622 2.092816 0.284300
v -0.242067 2.104206 0.310029
v -0.090029 2.121327 0.288487
v -0.109626 2.071917 0.261423
v -0.094266 1.895355 0.295814
v -0.111964 1.887978 0.297355
v -0.213725 2.145504 0.315987
v -0.020938 1.806918 0.289468
v -0.185983 1.989448 0.354165
v -0.170787 1.966389 0.352127
v -0.056119 2.053717 0.304327
v -0.156269 1.942683 0.348110
v -0.163415 1.954618 0.350312
v -0.051960 1.971613 0.294135
v -0.201554 2.011837 0.353304
v -0.017307 1.783198 0.287746
v -0.189080 2.033667 0.298913
v -0.016252 1.775785 0.287264
v -0.015418 1.768780 0.286877
v -0.071643 2.099928 0.310752
v -0.014904 1.762305 0.286620
v -0.060544 2.068839 0.302278
v -0.014788 1.756481 0.286521
v -0.015061 1.751426 0.286575
v -0.015663 1.747289 0.286761
v -0.033382 1.773604 0.325120
v -0.043112 1.971740 0.338130
v -0.031637 1.766604 0.323047
v -0.030060 1.760044 0.320942
v -0.028718 1.754064 0.318765
v -0.027667 1.748799 0.316492
v -0.026922 1.744351 0.314181
v -0.026483 1.740835 0.311946
v -0.073245 2.101405 0.325610
v -0.069952 1.764305 0.307015
v -0.066642 1.757705 0.305717
v -0.063379 1.751574 0.304448
v -0.053011 1.966656 0.358339
v -0.109895 2.051520 0.398145
v -0.060153 1.746074 0.303203
v -0.056973 1.741351 0.301985
v -0.053913 1.737492 0.300820
v -0.208884 2.018303 0.324583
v -0.051106 1.734578 0.299758
v -0.040281 1.741030 0.274567
v -0.042047 1.744565 0.273207
v -0.069428 1.965028 0.298913
v -0.044087 1.749031 0.272004
v -0.046330 1.754313 0.271046
v -0.048724 1.760308 0.270367
v -0.051241 1.766883 0.269916
v -0.204211 2.019273 0.312455
v -0.053855 1.773896 0.269620
v -0.051189 1.783039 0.268183
v -0.045559 1.784807 0.268206
v -0.180809 2.051805 0.299511
v -0.039877 1.786455 0.269362
v -0.066048 2.083276 0.299648
v -0.034365 1.787925 0.271543
v -0.094197 1.984967 0.321647
v -0.029248 1.789161 0.274637
v -0.024747 1.790107 0.278533
v -0.021084 1.790704 0.283120
v -0.210714 2.019557 0.337984
v -0.027741 1.853444 0.293601
v -0.026296 1.843101 0.292536
v -0.024891 1.833359 0.291628
v -0.023531 1.824132 0.290834
v -0.046479 1.973161 0.299694
v -0.022214 1.815343 0.290120
v -0.064487 1.967395 0.293202
v -0.019696 1.798792 0.288861
v -0.017111 1.790648 0.293904
v -0.016924 1.789995 0.299761
v -0.017826 1.788998 0.305630
v -0.019717 1.787716 0.311285
v -0.022501 1.786206 0.316497
v -0.026080 1.784528 0.321039
v -0.030355 1.782740 0.324683
v -0.050054 1.840107 0.344366
v -0.047649 1.830359 0.341473
v -0.045361 1.821149 0.338771
v -0.043177 1.812410 0.336229
v -0.041086 1.804079 0.333824
v -0.039073 1.796092 0.331533
v -0.037126 1.788387 0.329332
v -0.040583 1.779068 0.328425
v -0.046214 1.777300 0.328404
v -0.051899 1.775653 0.327251
v -0.057415 1.774183 0.325074
v -0.062538 1.772948 0.321985
v -0.067046 1.772003 0.318094
v -0.070713 1.771407 0.313511
v -0.100197 1.827433 0.319743
v -0.095833 1.818132 0.317733
v -0.091681 1.809371 0.315901
v -0.087721 1.801075 0.314210
v -0.083929 1.793177 0.312631
v -0.080282 1.785609 0.311139
v -0.076754 1.778308 0.309717
v -0.074690 1.771464 0.302731
v -0.074874 1.772116 0.296873
v -0.073969 1.773112 0.291000
v -0.072072 1.774394 0.285342
v -0.069283 1.775903 0.280124
v -0.065699 1.777581 0.275577
v -0.061420 1.779368 0.271928
v -0.059287 1.788708 0.269217
v -0.062097 1.796431 0.269046
v -0.064992 1.804444 0.268904
v -0.067984 1.812818 0.268812
v -0.071079 1.821628 0.268806
v -0.074263 1.830953 0.268954
v -0.077486 1.840875 0.269392
v -0.047216 1.969491 0.348587
v -0.087180 1.987228 0.387128
v -0.116996 2.041362 0.310158
v -0.044635 1.989978 0.307611
v -0.073067 1.853595 0.268774
v -0.065352 1.856018 0.268781
v -0.057652 1.858265 0.270214
v -0.050206 1.859937 0.272916
v -0.043442 1.861952 0.276900
v -0.032620 1.864046 0.287982
v -0.037467 1.863240 0.281947
v -0.060312 1.963411 0.366943
v -0.089545 1.969399 0.321974
v -0.159296 2.071233 0.295339
v -0.117230 2.067054 0.398438
v -0.138503 2.074809 0.400727
v -0.077595 1.958278 0.316114
v -0.178328 1.977998 0.353452
v -0.040880 1.973301 0.327444
v -0.058300 1.969611 0.291692
v -0.197872 2.034220 0.375625
v -0.103325 2.035635 0.396639
v -0.101816 2.093516 0.380845
v -0.124620 2.058907 0.301865
v -0.091888 2.097454 0.368904
v -0.073058 1.962157 0.307476
v -0.052521 2.038070 0.305775
v -0.151830 2.066777 0.400969
v -0.164929 2.058351 0.398290
v -0.082694 1.971299 0.383028
v -0.097415 2.019532 0.394149
v -0.177302 2.049879 0.392976
v -0.193726 2.000732 0.354154
v -0.099233 1.999373 0.320796
v -0.188451 2.041715 0.385319
v -0.077325 2.101456 0.340668
v -0.069201 1.960978 0.374247
v -0.205052 2.027768 0.364223
v -0.049501 2.022114 0.306701
v -0.046910 2.006042 0.307282
v -0.092063 2.003350 0.390905
v -0.040670 1.974085 0.317052
v -0.110589 2.026524 0.315481
v -0.083628 2.100121 0.355303
v -0.104659 2.012928 0.318827
v -0.197210 2.023789 0.302951
v -0.075488 1.843226 0.347568
v -0.061145 1.885774 0.358327
v -0.096212 1.838226 0.335142
v -0.030711 1.876288 0.296465
v -0.090058 1.839516 0.340424
v -0.064331 1.898899 0.362383
v -0.083026 1.841151 0.344599
v -0.035275 1.914574 0.302366
v -0.067686 1.845491 0.349127
v -0.040628 1.958370 0.306984
v -0.067920 1.912151 0.366568
v -0.033822 1.901712 0.300046
v -0.074636 1.940523 0.374599
v -0.099752 1.947421 0.381359
v -0.070971 1.925862 0.370439
v -0.037013 1.928571 0.304282
v -0.059951 1.847925 0.349144
v -0.138761 1.933681 0.362682
v -0.055285 1.861539 0.350843
v -0.101198 1.837418 0.328929
v -0.027416 1.863939 0.302402
v -0.027238 1.863027 0.310293
v -0.038793 1.943163 0.305865
v -0.028534 1.861642 0.318220
v -0.058134 1.873309 0.354464
v -0.145205 1.931688 0.354499
v -0.032214 1.888856 0.298350
v -0.031163 1.859781 0.325849
v -0.035034 1.857776 0.332926
v -0.039979 1.855456 0.339089
v -0.045875 1.852987 0.344041
v -0.120991 1.939707 0.375380
v -0.088925 1.951540 0.381244
v -0.130533 1.936407 0.369744
v -0.110585 1.943429 0.379331
v -0.043685 1.733508 0.282488
v -0.045318 1.732282 0.285900
v -0.041955 1.735217 0.279522
v -0.096643 1.947857 0.324083
v -0.046728 1.731694 0.289572
v -0.040289 1.737166 0.277175
v -0.082473 1.938449 0.321716
v -0.047849 1.731704 0.293242
v -0.048634 1.732193 0.296596
v -0.047185 1.732173 0.300519
v -0.044412 1.731656 0.302550
v -0.041176 1.731616 0.304609
v -0.037716 1.732175 0.306489
v -0.034253 1.733376 0.308036
v -0.031003 1.735063 0.309187
v -0.081771 1.911682 0.309218
v -0.028203 1.736997 0.309914
v -0.024483 1.738330 0.308550
v -0.022177 1.738228 0.305950
v -0.019994 1.738489 0.302806
v -0.085550 1.886898 0.285546
v -0.018193 1.739176 0.299329
v -0.083381 1.898725 0.297188
v -0.016952 1.740303 0.295724
v -0.016285 1.741742 0.292234
v -0.016142 1.743305 0.289134
v -0.017590 1.743325 0.285210
v -0.157564 2.162780 0.288305
v -0.083323 1.862870 0.272604
v -0.019721 1.741790 0.282925
v -0.022503 1.740381 0.280686
v -0.025794 1.739283 0.278738
v -0.029425 1.738621 0.277257
v -0.033128 1.738382 0.276285
v -0.036570 1.738500 0.275811
v -0.087341 1.848520 0.273597
v -0.093379 1.846038 0.278342
v -0.109854 1.940049 0.321448
v -0.163515 2.164976 0.298860
v -0.125572 1.939200 0.318822
v -0.084976 1.874998 0.277240
v -0.169935 2.165442 0.310132
v -0.098474 1.843705 0.284297
v -0.102329 1.841267 0.291120
v -0.149490 1.931424 0.328105
v -0.176388 2.163869 0.321396
v -0.182462 2.160602 0.331915
v -0.187706 2.156259 0.340894
v -0.198590 2.149193 0.345824
v -0.105235 1.839831 0.298674
v -0.106627 1.838446 0.306510
v -0.208299 2.143807 0.343630
v -0.218126 2.136741 0.340321
v -0.227045 2.128389 0.335998
v -0.234288 2.119217 0.330844
v -0.081338 1.924860 0.317791
v -0.130438 1.893914 0.336680
v -0.137470 1.936037 0.318258
v -0.136401 1.906123 0.339818
v -0.119531 1.870057 0.330217
v -0.114626 1.858905 0.327058
v -0.106496 1.837530 0.314368
v -0.124844 1.881858 0.333437
v -0.145179 1.933283 0.321545
v -0.109611 1.847935 0.324497
v -0.142733 1.918379 0.342801
v -0.150840 1.930511 0.336507
v -0.152544 2.159416 0.279254
v -0.242175 2.095044 0.297096
v -0.153633 2.153155 0.267329
v -0.208363 2.099050 0.247673
v -0.197481 2.106083 0.242648
v -0.167649 2.140892 0.253173
v -0.238426 2.095149 0.285322
v -0.232765 2.095631 0.273762
v -0.225365 2.096526 0.263284
v -0.018482 1.790897 0.288288
v -0.216912 2.097720 0.254433
v -0.244029 2.095225 0.308008
v -0.035229 1.780901 0.327203
v -0.073318 1.771214 0.308346
v -0.160126 2.147867 0.260005
v -0.056544 1.781207 0.269406
v -0.242937 2.101492 0.319884
v -0.191086 2.114449 0.242546
v -0.183632 2.123590 0.244152
v -0.175654 2.132643 0.247697
v -0.239610 2.109958 0.325287
v -0.029218 1.864482 0.294888
v -0.125440 2.082106 0.397282
v -0.052594 1.850476 0.347479
v -0.209469 2.022757 0.351495
v -0.104788 1.837352 0.321981
v -0.072750 2.097023 0.296755
v -0.080614 1.851491 0.270406
v -0.149372 1.930592 0.345586
v -0.135456 2.076467 0.290449
v -0.016333 1.744566 0.286985
v -0.078536 1.955692 0.378802
v -0.085271 1.953465 0.322199
v -0.042566 1.974034 0.307568
v -0.026318 1.738611 0.310227
v -0.049039 1.732837 0.298980
v -0.039051 1.738791 0.275734
v -0.149257 2.156210 0.273199
v -0.191243 2.152338 0.346865
v -0.244356 2.095511 0.315846
v -0.201770 2.100126 0.243681
vn 0.4655 0.7915 0.3960
vn -0.9039 0.0346 0.4264
vn -0.1485 0.1306 -0.9802
vn -0.3372 -0.1429 -0.9305
vn 0.3157 0.2010 -0.9273
vn 0.0527 -0.3691 -0.9279
vn -0.6163 0.2124 -0.7583
vn 0.6298 -0.1570 -0.7607
vn 0.8298 -0.5514 0.0859
vn 0.7987 -0.2715 -0.5370
vn 0.4995 -0.0786 -0.8628
vn 0.8459 -0.3696 -0.3844
vn 0.2239 0.4998 -0.8367
vn 0.1043 -0.1344 -0.9854
vn 0.7518 -0.4226 -0.5061
vn 0.7763 -0.3409 -0.5302
vn 0.4304 0.0034 -0.9026
vn 0.0924 -0.2052 -0.9744
vn -0.6863 0.1752 -0.7059
vn 0.4115 0.0449 -0.9103
vn 0.8896 -0.1142 -0.4422
vn -0.9860 0.1335 -0.0996
vn -0.5840 0.1959 -0.7877
vn -0.5539 0.0165 -0.8324
vn -0.5472 0.1105 -0.8297
vn 0.8711 -0.3396 -0.3546
vn -0.9321 0.1622 -0.3240
vn 0.7532 0.0093 -0.6577
vn -0.8203 0.1772 -0.5438
vn 0.0274 0.3610 -0.9322
vn -0.9464 0.1774 -0.2698
vn -0.9604 0.0743 0.2685
vn -0.9044 0.0349 0.4253
vn -0.9590 0.0698 0.2747
vn 0.2766 -0.2931 -0.9152
vn -0.9317 0.1606 -0.3258
vn -0.9303 0.1617 -0.3293
vn -0.9842 0.1395 -0.1095
vn -0.9282 0.1629 -0.3344
vn -0.1907 0.1993 -0.9612
vn 0.3466 -0.1051 -0.9321
vn 0.8630 -0.1658 -0.4772
vn -0.6503 0.2070 -0.7309
vn -0.0350 0.3988 -0.9164
vn -0.8073 0.1836 -0.5608
vn 0.7188 -0.1498 -0.6789
vn 0.2263 -0.8276 -0.5137
vn 0.7256 -0.4686 0.5039
vn 0.7828 0.1583 -0.6018
vn 0.6367 -0.2367 -0.7339
vn 0.8231 -0.0994 -0.5591
vn 0.8264 -0.4030 -0.3933
vn -0.1081 0.0681 -0.9918
vn -0.1210 -0.1379 -0.9830
vn 0.4732 -0.2566 -0.8427
vn 0.8263 -0.2102 -0.5225
vn 0.5543 -0.7811 -0.2872
vn 0.9958 0.0310 0.0859
vn -0.5666 -0.0755 0.8205
vn -0.0565 0.6027 -0.7960
vn 0.7417 0.3347 -0.5812
vn 0.4297 0.5467 -0.7186
vn -0.5107 0.7543 -0.4126
vn -0.2736 -0.8878 -0.3701
vn 0.2214 -0.4593 -0.8602
vn -0.2886 0.6124 -0.7360
vn 0.7917 -0.5355 0.2940
vn 0.8170 0.3393 -0.4663
vn -0.2006 -0.2169 0.9554
vn -0.1546 0.0760 -0.9850
vn -0.1432 0.1952 -0.9702
vn -0.3400 0.3925 -0.8546
vn -0.0893 -0.5132 -0.8536
vn -0.3240 0.0901 0.9418
vn -0.5152 0.4409 -0.7350
vn 0.1944 0.0561 -0.9793
vn -0.2876 -0.2697 -0.9190
vn -0.3845 -0.1769 0.9060
vn -0.0162 -0.2271 0.9737
vn -0.1157 -0.8607 -0.4957
vn 0.1406 -0.3341 0.9320
vn -0.1931 -0.9777 -0.0828
vn -0.7873 0.1481 0.5985
vn 0.8298 -0.4857 0.2748
vn -0.8217 0.4828 -0.3029
vn 0.4038 -0.6116 -0.6804
vn 0.7818 -0.5315 0.3260
vn 0.5626 -0.4662 0.6827
vn -0.4960 0.2037 -0.8441
vn 0.8711 -0.4905 -0.0227
vn -0.1897 0.9659 -0.1761
vn -0.1323 0.9903 -0.0431
vn -0.0645 0.9937 0.0920
vn 0.0107 0.9755 0.2196
vn 0.7234 -0.5064 -0.4693
vn 0.0880 0.9388 0.3331
vn 0.1698 0.8831 0.4374
vn 0.5845 -0.3907 0.7111
vn -0.3468 0.9324 -0.1014
vn 0.3142 -0.2098 -0.9259
vn -0.2952 0.9542 0.0477
vn -0.2277 0.9554 0.1881
vn -0.1467 0.9370 0.3171
vn -0.0535 0.8993 0.4340
vn 0.8198 -0.2749 0.5024
vn 0.0589 0.8390 0.5409
vn -0.3917 -0.1844 0.9014
vn -0.4799 0.8765 -0.0383
vn -0.3621 0.8938 0.2648
vn -0.2774 0.8754 0.3959
vn -0.1736 0.8383 0.5168
vn -0.0448 0.7776 0.6271
vn -0.0208 -0.2797 0.9599
vn 0.8420 -0.4598 0.2823
vn -0.5694 0.1696 -0.8044
vn -0.4692 0.8215 0.3240
vn -0.3833 0.8024 0.4574
vn 0.4438 -0.3531 0.8236
vn 0.4301 -0.3811 0.8184
vn -0.2755 0.7649 0.5823
vn -0.0681 -0.3974 -0.9151
vn -0.1398 0.7027 0.6976
vn 0.0253 0.7678 -0.6402
vn -0.6759 0.7350 0.0546
vn -0.5551 0.7452 0.3696
vn -0.4691 0.7245 0.5051
vn -0.3604 0.6852 0.6330
vn -0.2218 0.6209 0.7518
vn -0.7754 0.6221 -0.1086
vn -0.6948 0.6721 0.2560
vn -0.6264 0.6659 0.4051
vn -0.5405 0.6434 0.5421
vn -0.4314 0.6023 0.6716
vn -0.2918 0.5371 0.7915
vn -0.3986 -0.1101 -0.9105
vn -0.2046 -0.1138 -0.9722
vn -0.7563 0.5898 0.2831
vn -0.6890 0.5812 0.4329
vn -0.6036 0.5569 0.5706
vn 0.9074 -0.4168 0.0542
vn -0.4943 0.5148 0.7005
vn 0.5664 0.1468 -0.8110
vn 0.6992 -0.1292 -0.7032
vn -0.3541 0.4495 0.8201
vn 0.4179 0.7253 0.5471
vn 0.5406 0.6511 0.5327
vn -0.9340 0.1433 -0.3273
vn 0.6527 0.5675 0.5019
vn 0.7577 0.4703 0.4525
vn 0.8480 0.3642 0.3851
vn 0.9171 0.2561 0.3054
vn -0.1918 -0.2516 0.9486
vn -0.2363 0.9217 -0.3076
vn 0.3471 0.6574 0.6688
vn -0.5299 0.1311 -0.8378
vn 0.4837 0.5605 0.6722
vn 0.6037 0.4625 0.6494
vn 0.7126 0.3583 0.6032
vn 0.8089 0.2491 0.5326
vn 0.8879 0.1378 0.4388
vn 0.9486 0.0219 0.3158
vn 0.2718 0.5793 0.7684
vn 0.4169 0.4681 0.7792
vn 0.5427 0.3590 0.7593
vn 0.6547 0.2497 0.7134
vn 0.7553 0.1391 0.6404
vn 0.8427 0.0264 0.5377
vn 0.9128 -0.0910 0.3982
vn 0.1965 0.4945 0.8467
vn 0.3489 0.3768 0.8581
vn 0.4798 0.2632 0.8370
vn 0.5948 0.1525 0.7893
vn 0.6983 0.0417 0.7146
vn 0.7907 -0.0722 0.6079
vn 0.8667 -0.1918 0.4605
vn 0.1257 0.4090 0.9039
vn 0.2843 0.2906 0.9136
vn 0.4202 0.1776 0.8899
vn 0.5388 0.0684 0.8397
vn 0.6450 -0.0410 0.7631
vn 0.7404 -0.1547 0.6541
vn 0.8829 -0.4689 -0.0249
vn 0.0627 0.3267 0.9431
vn 0.2259 0.2107 0.9511
vn 0.3661 0.1007 0.9251
vn 0.4885 -0.0051 0.8726
vn 0.5981 -0.1110 0.7937
vn 0.6969 -0.2211 0.6823
vn 0.7801 -0.3373 0.5270
vn 0.0054 0.2442 0.9697
vn 0.1724 0.1330 0.9760
vn 0.3167 0.0281 0.9481
vn 0.4431 -0.0721 0.8936
vn 0.5570 -0.1719 0.8126
vn -0.5381 0.0604 -0.8407
vn 0.7492 -0.3828 0.5405
vn -0.0643 -0.0891 -0.9939
vn 0.3398 0.6427 -0.6867
vn 0.6556 0.3220 -0.6830
vn 0.6530 -0.0897 -0.7521
vn 0.5322 -0.0864 -0.8422
vn 0.9845 -0.1736 -0.0265
vn 0.5187 0.5039 -0.6907
vn 0.5545 0.3005 -0.7760
vn 0.7622 0.4850 -0.4287
vn 0.4621 0.6867 -0.5612
vn -0.0666 -0.0045 -0.9978
vn -0.9262 0.2027 0.3179
vn 0.9482 0.3069 -0.0822
vn 0.9034 0.4276 -0.0316
vn 0.7537 -0.5627 -0.3396
vn 0.5836 0.1225 -0.8027
vn -0.2583 0.8510 -0.4572
vn 0.7209 0.1419 -0.6784
vn 0.8021 -0.5790 -0.1460
vn 0.9594 0.1524 -0.2373
vn 0.7862 -0.5224 0.3302
vn -0.2467 -0.8910 -0.3810
vn -0.7921 0.3948 0.4656
vn 0.6135 -0.6841 -0.3945
vn -0.7253 0.1506 -0.6718
vn -0.8091 0.0297 0.5869
vn -0.0725 0.9260 -0.3704
vn 0.8934 -0.2656 -0.3624
vn 0.7479 -0.6422 -0.1680
vn 0.3348 -0.1408 -0.9317
vn -0.4622 -0.8540 -0.2389
vn 0.9177 0.1516 -0.3671
vn 0.9207 0.3240 -0.2176
vn 0.9838 -0.0896 0.1552
vn 0.3296 0.3683 -0.8693
vn 0.7802 -0.5423 0.3119
vn 0.6789 0.1326 -0.7221
vn 0.7939 -0.5095 0.3320
vn 0.7575 0.5949 -0.2688
vn 0.4980 0.4311 -0.7524
vn 0.2164 -0.6898 -0.6909
vn -0.2388 -0.4782 -0.8452
vn 0.3627 0.3559 -0.8613
vn 0.6263 0.5988 -0.4992
vn 0.8068 0.5753 -0.1349
vn 0.2908 -0.2167 -0.9319
vn 0.6669 -0.1819 -0.7226
vn -0.9113 0.2570 0.3217
vn 0.7446 -0.3545 -0.5656
vn -0.9007 0.4082 0.1486
vn 0.2120 0.2284 -0.9502
vn -0.9460 0.1118 0.3042
vn 0.1093 0.6901 -0.7154
vn 0.6234 0.7040 -0.3402
vn 0.6045 0.4657 -0.6463
vn 0.1999 0.5900 -0.7823
vn 0.2395 -0.3753 -0.8954
vn -0.3715 -0.0348 0.9278
vn 0.2668 0.8556 -0.4437
vn 0.8435 0.5366 0.0225
vn 0.8847 -0.2138 -0.4142
vn 0.5849 -0.2013 -0.7857
vn 0.5505 -0.5772 -0.6031
vn 0.8073 -0.4898 0.3292
vn -0.1730 -0.6183 -0.7667
vn 0.1721 -0.0849 -0.9814
vn -0.9869 0.1075 0.1203
vn -0.8172 0.1821 -0.5469
vn -0.0289 0.2240 -0.9742
vn -0.2126 0.4990 -0.8401
vn 0.3195 0.5092 -0.7991
vn 0.1208 -0.0780 -0.9896
vn -0.6017 0.3228 0.7305
vn -0.4620 0.2590 0.8482
vn 0.1852 -0.9363 -0.2983
vn 0.2248 -0.5632 -0.7952
vn -0.6389 0.2356 0.7324
vn -0.5001 0.1731 0.8485
vn -0.1341 0.3567 -0.9246
vn 0.8950 -0.4457 -0.0184
vn -0.9671 0.2515 -0.0391
vn -0.8921 0.0540 0.4486
vn -0.8667 0.1811 0.4649
vn -0.5274 0.1009 0.8436
vn 0.0285 -0.6185 -0.7853
vn 0.9225 -0.3322 -0.1963
vn 0.0469 -0.2763 -0.9599
vn -0.3925 0.0008 -0.9197
vn -0.5460 0.0428 0.8367
vn 0.8545 -0.4969 -0.1512
vn 0.5722 -0.3125 -0.7583
vn -0.2193 -0.5885 -0.7782
vn -0.5579 -0.0022 0.8299
vn -0.4762 0.6474 -0.5950
vn 0.7250 0.0545 -0.6866
vn 0.6715 -0.6173 -0.4100
vn 0.5722 -0.5149 -0.6384
vn -0.3422 0.1204 -0.9319
vn 0.0750 -0.7078 -0.7024
vn -0.3672 -0.1908 -0.9104
vn -0.5645 -0.0358 0.8247
vn -0.2522 0.2431 -0.9366
vn -0.9739 0.1752 0.1441
vn -0.6653 0.1619 0.7288
vn 0.1304 -0.9910 0.0313
vn -0.5670 -0.0598 0.8216
vn -0.0958 0.0733 0.9927
vn 0.2173 0.4567 -0.8626
vn 0.0779 -0.0224 0.9967
vn 0.2300 -0.1109 0.9669
vn -0.5722 -0.1139 0.8122
vn -0.9895 0.1037 0.1007
vn 0.0872 0.4071 -0.9092
vn 0.4892 -0.2754 0.8275
vn 0.6849 -0.4332 -0.5860
vn 0.7091 -0.4421 0.5493
vn -0.1336 -0.0022 0.9910
vn 0.1967 -0.1703 0.9656
vn 0.0132 0.4865 -0.8736
vn -0.9470 0.1520 -0.2831
vn -0.1618 -0.0654 0.9847
vn -0.6369 0.0114 -0.7709
vn 0.1714 -0.2199 0.9603
vn 0.3125 -0.2878 0.9053
vn 0.5691 -0.4178 0.7082
vn -0.8369 0.2620 -0.4805
vn -0.9274 0.2722 -0.2566
vn -0.9068 0.0380 0.4199
vn -0.9896 0.1069 0.0966
vn -0.1813 -0.1164 0.9765
vn -0.1403 0.1009 -0.9850
vn 0.9105 -0.4129 0.0223
vn -0.7185 -0.0568 0.6932
vn 0.1536 -0.2596 0.9534
vn 0.0418 -0.1678 -0.9849
vn -0.7660 0.3826 -0.5166
vn 0.1458 -0.3384 0.9297
vn -0.1976 -0.2248 0.9542
vn -0.8281 -0.0046 0.5606
vn -0.1921 -0.2430 0.9508
vn -0.1938 -0.1560 0.9686
vn 0.1425 -0.2902 0.9463
vn 0.4337 -0.4262 0.7939
vn 0.2866 -0.3478 0.8927
vn 0.5534 -0.4547 0.6978
vn -0.7211 -0.0546 0.6907
vn 0.1579 -0.3535 0.9220
vn -0.2006 -0.1853 0.9620
vn -0.1945 -0.2328 0.9529
vn 0.1372 -0.3125 0.9400
vn 0.3566 0.3939 -0.8472
vn -0.0130 -0.2926 0.9561
vn 0.2824 -0.3663 0.8866
vn -0.2024 -0.2052 0.9576
vn 0.1369 -0.3268 0.9351
vn 0.7654 -0.5803 -0.2782
vn 0.5704 -0.4632 0.6782
vn -0.0079 -0.3058 0.9521
vn 0.5562 -0.4674 0.6871
vn 0.3088 -0.3938 0.8658
vn 0.6877 -0.5043 0.5223
vn -0.6610 0.5017 -0.5580
vn -0.3906 -0.1104 0.9139
vn 0.2995 -0.3874 0.8719
vn 0.4267 -0.4264 0.7976
vn 0.4514 -0.4275 0.7833
vn -0.2612 -0.2645 -0.9283
vn -0.4341 0.2922 -0.8522
vn -0.2539 -0.2128 -0.9435
vn -0.9854 0.1359 -0.1021
vn -0.1865 -0.2097 -0.9598
vn -0.1571 -0.3064 -0.9389
vn 0.7652 -0.6252 -0.1537
vn -0.9351 0.1323 -0.3287
vn -0.9878 0.1267 -0.0908
vn 0.7210 -0.4763 -0.5033
vn -0.4158 0.5258 -0.7421
vn 0.7932 -0.4811 -0.3735
vn -0.8895 0.0671 0.4519
vn -0.9828 0.1299 0.1309
vn -0.2366 -0.8149 -0.5291
vn -0.5801 0.5734 -0.5785
vn -0.8558 0.4090 0.3167
vn -0.3446 -0.5391 -0.7685
vn -0.4461 -0.1209 -0.8868
vn 0.8453 -0.5342 -0.0071
vn -0.1253 0.3692 -0.9209
vn -0.3516 0.7156 -0.6035
vn -0.0933 0.0643 -0.9936
vn 0.1557 -0.7964 -0.5843
vn 0.6604 -0.2748 0.6988
vn -0.2453 -0.0821 -0.9660
vn -0.6371 0.3027 -0.7089
vn 0.0866 -0.0709 -0.9937
vn -0.1053 -0.0095 -0.9944
vn -0.2745 0.0402 -0.9607
vn -0.4264 0.0803 -0.9009
vn -0.5676 0.1128 -0.8156
vn -0.7015 0.1382 -0.6991
vn -0.8259 0.1551 -0.5420
vn 0.0807 -0.0892 -0.9927
vn -0.1105 -0.0276 -0.9935
vn -0.2791 0.0223 -0.9600
vn -0.4306 0.0626 -0.9004
vn -0.5713 0.0951 -0.8152
vn -0.7048 0.1204 -0.6991
vn -0.8288 0.1373 -0.5425
vn 0.0704 -0.1215 -0.9901
vn -0.1192 -0.0597 -0.9911
vn -0.2867 -0.0095 -0.9580
vn -0.4376 0.0310 -0.8986
vn -0.5778 0.0633 -0.8137
vn -0.7106 0.0882 -0.6981
vn -0.8335 0.1046 -0.5425
vn 0.0548 -0.1716 -0.9836
vn -0.1316 -0.1101 -0.9852
vn -0.2974 -0.0596 -0.9529
vn -0.4478 -0.0188 -0.8939
vn -0.5875 0.0132 -0.8091
vn -0.7188 0.0372 -0.6942
vn -0.8396 0.0528 -0.5407
vn 0.0345 -0.2392 -0.9704
vn -0.1471 -0.1810 -0.9724
vn -0.3105 -0.1326 -0.9413
vn -0.4608 -0.0922 -0.8827
vn -0.6000 -0.0597 -0.7977
vn -0.7283 -0.0349 -0.6844
vn -0.8448 -0.0181 -0.5348
vn 0.0092 -0.3238 -0.9461
vn -0.1650 -0.2757 -0.9470
vn -0.3244 -0.2339 -0.9166
vn -0.4748 -0.1952 -0.8582
vn -0.6132 -0.1611 -0.7734
vn -0.7362 -0.1318 -0.6639
vn -0.8457 -0.1084 -0.5225
vn -0.0208 -0.4267 -0.9041
vn -0.1798 -0.3996 -0.8989
vn -0.3334 -0.3680 -0.8680
vn -0.4851 -0.3321 -0.8090
vn -0.6235 -0.2947 -0.7241
vn -0.9515 0.0838 0.2961
vn -0.7399 -0.2581 -0.6212
vn -0.8380 -0.2204 -0.4992
vn -0.8058 0.5811 0.1136
vn -0.9811 0.1498 -0.1226
vn -0.9887 0.1284 0.0772
vn -0.9626 0.0994 0.2522
vn -0.9107 0.0640 0.4080
vn -0.8340 0.0215 0.5514
vn -0.7271 -0.0301 0.6859
vn -0.1076 0.1045 -0.9887
vn -0.5807 -0.0929 0.8088
vn 0.6806 -0.4952 0.5400
vn -0.9833 0.1326 -0.1245
vn -0.9909 0.1116 0.0748
vn -0.9649 0.0830 0.2493
vn 0.3353 -0.2453 0.9096
vn -0.9132 0.0479 0.4048
vn 0.0439 -0.0074 -0.9990
vn -0.8366 0.0054 0.5478
vn -0.7300 -0.0462 0.6819
vn -0.7091 0.3667 0.6023
vn -0.5841 -0.1089 0.8043
vn -0.9867 0.1002 -0.1279
vn -0.9943 0.0801 0.0699
vn -0.9685 0.0523 0.2436
vn -0.7695 0.5483 -0.3274
vn -0.9170 0.0176 0.3986
vn -0.8407 -0.0249 0.5410
vn -0.7347 -0.0767 0.6741
vn -0.5898 -0.1394 0.7954
vn -0.9898 0.0488 -0.1338
vn -0.9977 0.0298 0.0610
vn -0.9724 0.0031 0.2332
vn -0.9212 -0.0311 0.3879
vn -0.8450 -0.0737 0.5297
vn -0.7398 -0.1256 0.6610
vn -0.5970 -0.1880 0.7799
vn -0.9896 -0.0217 -0.1424
vn -0.9980 -0.0415 0.0466
vn -0.9740 -0.0689 0.2157
vn -0.9232 -0.1034 0.3701
vn -0.8468 -0.1455 0.5116
vn -0.7427 -0.1952 0.6405
vn -0.6033 -0.2542 0.7559
vn -0.9819 -0.1116 -0.1533
vn -0.9902 -0.1377 0.0250
vn -0.9675 -0.1692 0.1877
vn -0.9172 -0.2053 0.3414
vn -0.8406 -0.2455 0.4828
vn -0.7392 -0.2885 0.6086
vn -0.6062 -0.3374 0.7202
vn -0.9604 -0.2231 -0.1670
vn 0.5554 -0.4779 -0.6806
vn -0.8769 0.1383 0.4604
vn -0.9647 -0.2631 -0.0110
vn -0.9428 -0.3016 0.1423
vn -0.8923 -0.3407 0.2960
vn -0.8152 -0.3781 0.4387
vn -0.7185 -0.4108 0.5613
vn -0.6011 -0.4387 0.6680
vn -0.1827 -0.2351 0.9547
vn 0.0096 -0.2933 0.9560
vn 0.1791 -0.3406 0.9230
vn 0.3310 -0.3799 0.8638
vn 0.4717 -0.4136 0.7788
vn 0.6050 -0.4418 0.6624
vn 0.7288 -0.4623 0.5051
vn -0.1874 -0.2507 0.9497
vn 0.0043 -0.3087 0.9511
vn 0.1734 -0.3557 0.9184
vn 0.3249 -0.3950 0.8593
vn 0.4652 -0.4287 0.7744
vn 0.5980 -0.4572 0.6583
vn 0.7212 -0.4779 0.5015
vn -0.1964 -0.2801 0.9397
vn 0.2964 -0.3218 0.8992
vn 0.4221 -0.4022 0.8124
vn -0.0060 -0.3373 0.9414
vn 0.5587 -0.4391 0.7036
vn 0.1623 -0.3837 0.9091
vn 0.3134 -0.4228 0.8503
vn 0.4531 -0.4566 0.7656
vn 0.5848 -0.4854 0.6499
vn 0.7067 -0.5064 0.4940
vn -0.2110 -0.3261 0.9215
vn -0.0233 -0.3820 0.9239
vn 0.1436 -0.4275 0.8925
vn 0.2944 -0.4662 0.8342
vn 0.8010 -0.0735 -0.5942
vn 0.4334 -0.5003 0.7496
vn 0.5633 -0.5293 0.6344
vn 0.6827 -0.5505 0.4805
vn -0.2312 -0.3874 0.8925
vn -0.0494 -0.4434 0.8950
vn 0.1143 -0.4895 0.8645
vn 0.2647 -0.5288 0.8064
vn 0.4036 -0.5623 0.7217
vn 0.5313 -0.5895 0.6084
vn 0.6475 -0.6084 0.4589
vn -0.2561 -0.4627 0.8487
vn -0.0860 -0.5224 0.8484
vn 0.0705 -0.5718 0.8174
vn 0.2200 -0.6126 0.7591
vn 0.1541 -0.0119 -0.9880
vn 0.3591 -0.6445 0.6750
vn 0.4847 -0.6662 0.5668
vn 0.5982 -0.6780 0.4272
vn -0.2863 -0.5515 0.7835
vn -0.1401 -0.6179 0.7737
vn 0.4635 -0.3180 0.8271
vn 0.0060 -0.6722 0.7403
vn -0.0042 -0.1920 0.9814
vn 0.1550 -0.7159 0.6808
vn 0.2959 -0.7454 0.5973
vn 0.0148 -0.1465 0.9891
vn 0.4195 -0.7592 0.4976
vn 0.5304 -0.7576 0.3806
vn 0.8850 -0.4577 0.0852
vn 0.8940 -0.4332 -0.1147
vn 0.8688 -0.4015 -0.2896
vn 0.0093 -0.2515 -0.9678
vn 0.2926 0.5170 -0.8044
vn 0.8175 -0.3650 -0.4455
vn 0.7406 -0.3231 -0.5891
vn 0.6331 -0.2737 -0.7241
vn 0.4856 -0.2137 -0.8476
vn 0.8768 -0.4737 0.0830
vn 0.8858 -0.4494 -0.1161
vn 0.8608 -0.4179 -0.2906
vn -0.9833 0.1736 -0.0542
vn -0.9207 0.3876 -0.0458
vn 0.8095 -0.3816 -0.4461
vn 0.9162 -0.3179 -0.2440
vn 0.2372 -0.7131 -0.6597
vn 0.7328 -0.3401 -0.5894
vn -0.0807 0.0316 -0.9962
vn -0.9880 0.1357 -0.0737
vn 0.0651 -0.0278 -0.9975
vn 0.8090 -0.4404 -0.3894
vn -0.0712 0.1170 -0.9906
vn 0.6254 -0.2911 -0.7240
vn 0.4783 -0.2315 -0.8471
vn 0.8609 -0.5027 0.0791
vn -0.0790 0.0679 -0.9946
vn -0.5013 -0.8652 0.0072
vn 0.8587 -0.5121 -0.0170
vn 0.8701 -0.4783 -0.1185
vn 0.6958 -0.4639 0.5483
vn 0.6862 -0.4816 0.5451
vn 0.8457 -0.4468 -0.2920
vn 0.7947 -0.4106 -0.4470
vn 0.7181 -0.3695 -0.5898
vn 0.0419 -0.0900 0.9951
vn 0.6110 -0.3213 -0.7235
vn 0.4647 -0.2627 -0.8456
vn 0.8338 -0.5471 0.0734
vn 0.8437 -0.5229 -0.1211
vn 0.8202 -0.4914 -0.2929
vn -0.9377 0.1243 -0.3245
vn 0.7698 -0.4552 -0.4475
vn -0.8683 0.4131 -0.2747
vn -0.9878 0.1034 0.1163
vn 0.6930 -0.4145 -0.5898
vn -0.8299 0.0897 -0.5506
vn 0.5931 -0.4989 -0.6319
vn 0.5863 -0.3674 -0.7220
vn 0.4417 -0.3102 -0.8418
vn 0.7932 -0.6054 0.0664
vn 0.8026 -0.5838 -0.1227
vn 0.7795 -0.5543 -0.2918
vn 0.7292 -0.5188 -0.4463
vn 0.6525 -0.4778 -0.5882
vn 0.5477 -0.4301 -0.7177
vn 0.4075 -0.3729 -0.8336
vn 0.7353 -0.6753 0.0579
vn 0.7402 -0.6612 -0.1221
vn 0.7155 -0.6375 -0.2859
vn 0.6646 -0.6038 -0.4402
vn 0.5888 -0.5613 -0.5817
vn 0.4897 -0.5105 -0.7068
vn 0.3602 -0.4496 -0.8174
vn 0.6536 -0.7553 0.0485
vn 0.6458 -0.7551 -0.1126
vn 0.6170 -0.7396 -0.2689
vn 0.5643 -0.7084 -0.4239
vn 0.4897 -0.6632 -0.5660
vn 0.4001 -0.6076 -0.6861
vn 0.2949 -0.5399 -0.7883
vn 0.1182 0.0315 -0.9925
vn -0.0719 0.0804 -0.9942
vn -0.2438 0.1135 -0.9632
vn -0.4037 0.1365 -0.9046
vn -0.5510 0.1538 -0.8202
vn -0.6930 0.1647 -0.7019
vn -0.8236 0.1694 -0.5413
vn 0.1064 -0.0078 -0.9943
vn -0.0856 0.0465 -0.9952
vn -0.2569 0.0871 -0.9625
vn -0.4133 0.1178 -0.9030
vn -0.5580 0.1413 -0.8177
vn -0.6964 0.1580 -0.7001
vn -0.8242 0.1671 -0.5410
vn 0.0996 -0.0297 -0.9946
vn -0.0930 0.0276 -0.9953
vn -0.2637 0.0720 -0.9619
vn -0.4183 0.1066 -0.9020
vn -0.5617 0.1337 -0.8165
vn -0.6982 0.1538 -0.6992
vn -0.8246 0.1656 -0.5410
vn 0.0954 -0.0426 -0.9945
vn -0.0972 0.0163 -0.9951
vn -0.2675 0.0629 -0.9615
vn -0.4211 0.0997 -0.9015
vn -0.5637 0.1289 -0.8159
vn -0.6992 0.1510 -0.6988
vn -0.8247 0.1646 -0.5410
vn 0.0928 -0.0507 -0.9944
vn -0.0997 0.0092 -0.9950
vn -0.2697 0.0570 -0.9612
vn -0.4227 0.0952 -0.9012
vn -0.5648 0.1257 -0.8156
vn -0.6997 0.1491 -0.6987
vn -0.8248 0.1639 -0.5412
vn 0.0912 -0.0560 -0.9943
vn -0.1012 0.0046 -0.9949
vn -0.2710 0.0532 -0.9611
vn -0.4236 0.0922 -0.9011
vn -0.5654 0.1235 -0.8155
vn -0.6999 0.1477 -0.6988
vn -0.8248 0.1634 -0.5413
vn 0.0901 -0.0596 -0.9941
vn -0.1022 0.0014 -0.9948
vn -0.2718 0.0505 -0.9610
vn -0.4242 0.0901 -0.9011
vn -0.5657 0.1219 -0.8155
vn -0.7000 0.1467 -0.6989
vn -0.8248 0.1630 -0.5415
vn -0.9822 0.1467 -0.1174
vn -0.9892 0.1208 0.0825
vn -0.9623 0.0894 0.2570
vn -0.9098 0.0529 0.4117
vn -0.8321 0.0099 0.5545
vn -0.7250 -0.0413 0.6875
vn -0.5791 -0.1031 0.8087
vn -0.9816 0.1495 -0.1191
vn -0.9889 0.1247 0.0807
vn -0.9623 0.0937 0.2555
vn -0.9100 0.0573 0.4107
vn -0.8326 0.0142 0.5538
vn -0.7254 -0.0372 0.6873
vn -0.5793 -0.0993 0.8090
vn -0.9811 0.1517 -0.1202
vn -0.9886 0.1277 0.0797
vn -0.9622 0.0971 0.2546
vn -0.9100 0.0609 0.4101
vn -0.8328 0.0179 0.5533
vn -0.7256 -0.0336 0.6873
vn -0.5793 -0.0960 0.8094
vn -0.9808 0.1534 -0.1208
vn -0.9883 0.1301 0.0791
vn -0.9620 0.0999 0.2541
vn -0.9100 0.0638 0.4097
vn -0.8329 0.0209 0.5531
vn -0.7257 -0.0307 0.6873
vn -0.5793 -0.0933 0.8097
vn -0.9805 0.1547 -0.1212
vn -0.9881 0.1319 0.0787
vn -0.9619 0.1020 0.2537
vn -0.9099 0.0661 0.4095
vn -0.8329 0.0232 0.5530
vn -0.7258 -0.0285 0.6873
vn -0.5793 -0.0911 0.8100
vn -0.9803 0.1556 -0.1215
vn -0.9880 0.1333 0.0784
vn -0.9618 0.1036 0.2535
vn -0.9098 0.0678 0.4094
vn -0.8329 0.0250 0.5529
vn -0.7258 -0.0267 0.6874
vn -0.5793 -0.0894 0.8102
vn -0.9802 0.1562 -0.1217
vn -0.9878 0.1343 0.0783
vn -0.9617 0.1048 0.2534
vn -0.9097 0.0691 0.4094
vn -0.8328 0.0264 0.5529
vn -0.7258 -0.0252 0.6874
vn -0.5792 -0.0880 0.8104
vn -0.1847 -0.2423 0.9525
vn 0.0063 -0.2992 0.9542
vn 0.1753 -0.3451 0.9220
vn 0.3277 -0.3830 0.8636
vn 0.4694 -0.4147 0.7795
vn 0.6048 -0.4402 0.6636
vn 0.7320 -0.4564 0.5059
vn -0.1836 -0.2392 0.9535
vn 0.0078 -0.2964 0.9550
vn 0.1770 -0.3426 0.9227
vn 0.3293 -0.3808 0.8640
vn 0.4708 -0.4129 0.7797
vn 0.6056 -0.4390 0.6637
vn 0.7319 -0.4563 0.5061
vn -0.1827 -0.2365 0.9543
vn 0.0090 -0.2940 0.9558
vn 0.1783 -0.3404 0.9232
vn 0.3305 -0.3789 0.8644
vn 0.4718 -0.4114 0.7799
vn 0.6062 -0.4381 0.6637
vn 0.7318 -0.4562 0.5063
vn -0.1821 -0.2343 0.9549
vn 0.0099 -0.2920 0.9564
vn 0.1793 -0.3387 0.9237
vn 0.3315 -0.3774 0.8647
vn 0.4726 -0.4102 0.7800
vn 0.6067 -0.4373 0.6638
vn 0.7318 -0.4561 0.5064
vn -0.1816 -0.2326 0.9555
vn 0.0105 -0.2904 0.9568
vn 0.1800 -0.3373 0.9240
vn 0.3321 -0.3762 0.8650
vn 0.4732 -0.4092 0.7802
vn 0.6071 -0.4367 0.6639
vn 0.7318 -0.4560 0.5065
vn -0.1812 -0.2312 0.9559
vn 0.0110 -0.2892 0.9572
vn 0.1806 -0.3362 0.9243
vn 0.3327 -0.3753 0.8652
vn 0.4736 -0.4085 0.7803
vn 0.6074 -0.4362 0.6639
vn 0.7318 -0.4559 0.5065
vn -0.1810 -0.2300 0.9562
vn 0.0114 -0.2882 0.9575
vn 0.1810 -0.3353 0.9246
vn 0.3330 -0.3745 0.8653
vn 0.4739 -0.4079 0.7804
vn 0.6076 -0.4359 0.6640
vn 0.8964 -0.4361 0.0800
vn 0.9079 -0.4005 -0.1241
vn 0.8843 -0.3561 -0.3021
vn 0.8343 -0.3073 -0.4576
vn 0.7576 -0.2497 -0.6030
vn 0.6516 -0.1852 -0.7356
vn 0.5066 -0.1130 -0.8547
vn 0.8939 -0.4407 0.0823
vn 0.9046 -0.4089 -0.1201
vn 0.8806 -0.3693 -0.2968
vn 0.8304 -0.3251 -0.4525
vn 0.7539 -0.2742 -0.5971
vn 0.6474 -0.2165 -0.7307
vn 0.5014 -0.1502 -0.8521
vn 0.8921 -0.4440 0.0838
vn 0.9023 -0.4147 -0.1177
vn 0.8780 -0.3779 -0.2938
vn 0.8274 -0.3366 -0.4496
vn 0.7508 -0.2894 -0.5937
vn 0.6440 -0.2352 -0.7280
vn 0.4973 -0.1717 -0.8505
vn 0.8909 -0.4463 0.0847
vn 0.9007 -0.4187 -0.1162
vn 0.8761 -0.3838 -0.2919
vn 0.8252 -0.3442 -0.4478
vn 0.7485 -0.2991 -0.5918
vn 0.6414 -0.2468 -0.7264
vn 0.4943 -0.1848 -0.8494
vn 0.8900 -0.4480 0.0853
vn 0.8995 -0.4215 -0.1153
vn 0.8747 -0.3878 -0.2908
vn 0.8236 -0.3493 -0.4468
vn 0.7469 -0.3055 -0.5907
vn 0.6395 -0.2543 -0.7255
vn 0.4922 -0.1931 -0.8488
vn 0.8893 -0.4492 0.0856
vn 0.8986 -0.4235 -0.1147
vn 0.8737 -0.3906 -0.2901
vn 0.8225 -0.3529 -0.4461
vn 0.7456 -0.3098 -0.5899
vn 0.6382 -0.2594 -0.7249
vn 0.4907 -0.1986 -0.8484
vn 0.8889 -0.4500 0.0859
vn 0.8980 -0.4248 -0.1144
vn 0.8729 -0.3925 -0.2896
vn 0.8217 -0.3554 -0.4456
vn 0.7448 -0.3128 -0.5895
vn 0.6372 -0.2628 -0.7245
vn 0.4897 -0.2024 -0.8481
vn 0.9256 -0.0614 -0.3735
vn -0.7980 0.1034 0.5937
vn -0.8030 0.1028 -0.5871
vn -0.6723 0.2526 -0.6959
vn 0.8112 -0.5784 0.0856
vn -0.1967 -0.7768 -0.5983
vn -0.1227 0.0266 -0.9921
vn -0.7450 0.2800 0.6054
vn 0.5853 0.2842 -0.7594
vn 0.5528 -0.4641 0.6921
vn 0.6792 -0.5039 0.5336
vn -0.0224 -0.2529 0.9672
vn 0.7806 -0.5202 -0.3464
vn 0.2552 0.6346 -0.7295
vn 0.4213 -0.4243 0.8016
vn 0.6820 -0.5067 0.5274
vn 0.4194 -0.4166 0.8066
vn 0.4417 -0.8891 -0.1198
vn 0.5680 0.2640 -0.7795
vn -0.9417 0.1239 -0.3128
vn 0.1740 0.2465 -0.9534
vn 0.0138 0.2636 -0.9645
vn -0.1576 0.2498 -0.9554
vn -0.3431 0.2264 -0.9116
vn -0.5045 0.2104 -0.8374
vn -0.6735 0.1903 -0.7143
vn -0.7008 0.0228 0.7130
vn 0.0469 0.6380 -0.7686
vn -0.8042 0.0704 0.5901
vn -0.7047 -0.0298 0.7089
vn -0.9793 0.1489 0.1374
vn 0.0720 0.5807 -0.8109
vn -0.1299 -0.3564 -0.9252
vn -0.7319 0.0942 -0.6749
vn -0.9580 0.0707 0.2778
vn 0.4575 -0.7157 -0.5276
vn -0.5652 -0.1083 0.8178
vn 0.2832 -0.3775 0.8816
vn 0.8318 -0.4339 -0.3462
vn -0.9595 0.0721 0.2722
vn 0.9093 -0.3791 -0.1713
vn -0.7149 -0.0556 0.6970
vn 0.8174 -0.5745 0.0427
vn 0.5500 -0.7173 -0.4278
vn -0.8257 -0.0068 0.5641
vn -0.5748 -0.1162 0.8100
vn -0.5922 0.0037 -0.8058
vn -0.5768 -0.1149 0.8088
vn 0.3896 -0.3173 -0.8646
vn -0.9897 0.1113 0.0901
vn -0.9615 0.0791 0.2633
vn -0.9083 0.0427 0.4161
vn -0.8301 -0.0001 0.5577
vn -0.7230 -0.0506 0.6890
vn -0.5780 -0.1115 0.8084
vn -0.0166 -0.2858 0.9581
vn 0.2938 -0.3846 0.8751
vn 0.5367 -0.3228 -0.7796
vn -0.7034 -0.0014 0.7108
vn 0.7041 -0.4918 0.5123
vn 0.1504 -0.3432 0.9271
vn -0.8147 0.0870 -0.5733
vn -0.1007 -0.0282 -0.9945
vn 0.5782 -0.4602 0.6738
vn 0.0815 -0.3052 -0.9488
vn 0.7842 -0.5417 0.3025
vn 0.6744 -0.6473 -0.3552
vn 0.3043 -0.3910 0.8686
vn 0.5352 -0.4529 -0.7131
vn -0.1933 -0.2484 0.9492
vn 0.5906 -0.4541 0.6670
vn 0.1625 -0.3557 0.9204
vn 0.3159 -0.3953 0.8625
vn 0.4609 -0.4284 0.7772
vn 0.6003 -0.4532 0.6590
vn 0.7317 -0.4655 0.4980
vn -0.1898 -0.2513 0.9491
vn -0.0014 -0.3080 0.9514
vn 0.1664 -0.3540 0.9203
vn 0.3187 -0.3920 0.8630
vn 0.4603 -0.4239 0.7800
vn 0.5988 -0.4485 0.6635
vn 0.7319 -0.4609 0.5018
vn -0.1878 -0.2488 0.9502
vn 0.0017 -0.3054 0.9522
vn 0.1700 -0.3512 0.9207
vn 0.3227 -0.3889 0.8629
vn 0.4647 -0.4200 0.7795
vn 0.6016 -0.4443 0.6638
vn 0.7314 -0.4580 0.5053
vn 0.0695 0.0701 -0.9951
vn -0.9865 0.1510 -0.0639
vn 0.0053 0.2412 -0.9704
vn 0.8630 -0.4994 0.0765
vn 0.3694 0.1553 -0.9162
vn 0.1245 0.4470 -0.8859
vn 0.0647 -0.0828 -0.9945
vn -0.2727 -0.2977 -0.9149
vn 0.7860 -0.1277 -0.6049
vn -0.4319 -0.8724 -0.2289
vn 0.3653 -0.1941 0.9104
vn 0.5825 -0.6811 -0.4436
vn 0.1266 -0.5072 -0.8525
vn 0.1461 0.6559 -0.7406
vn 0.9108 -0.4107 0.0429
vn 0.8091 -0.0542 -0.5851
vn 0.9529 -0.2275 -0.2007
vn 0.9075 -0.4161 0.0571
vn 0.9213 -0.3529 -0.1635
vn 0.8949 -0.2649 -0.3591
vn 0.8397 -0.1725 -0.5149
vn 0.7396 -0.0399 -0.6718
vn 0.6079 0.1137 -0.7858
vn 0.4498 0.2724 -0.8506
vn 0.9035 -0.4229 0.0695
vn 0.9170 -0.3725 -0.1430
vn 0.8933 -0.3073 -0.3280
vn 0.8420 -0.2376 -0.4843
vn 0.7590 -0.1436 -0.6351
vn 0.6479 -0.0383 -0.7608
vn 0.5028 0.0745 -0.8612
vn 0.3988 -0.9059 0.1425
vn 0.3607 -0.9326 -0.0114
vn 0.3099 -0.9351 -0.1721
vn 0.2452 -0.9086 -0.3380
vn 0.1723 -0.8528 -0.4930
vn 0.0981 -0.7756 -0.6235
vn 0.0240 -0.6815 -0.7314
vn 0.2696 -0.9340 0.2343
vn 0.2026 -0.9768 0.0697
vn 0.1335 -0.9860 -0.1001
vn 0.0606 -0.9604 -0.2720
vn -0.0106 -0.9000 -0.4358
vn -0.0770 -0.8098 -0.5817
vn -0.1354 -0.6918 -0.7092
vn 0.1265 -0.9379 0.3232
vn 0.0397 -0.9873 0.1536
vn -0.0437 -0.9988 -0.0214
vn -0.1219 -0.9728 -0.1968
vn -0.1920 -0.9104 -0.3665
vn -0.2516 -0.8135 -0.5243
vn -0.2982 -0.6840 -0.6657
vn -0.0304 -0.9129 0.4071
vn -0.1274 -0.9631 0.2370
vn -0.2172 -0.9742 0.0613
vn -0.2977 -0.9477 -0.1149
vn -0.3669 -0.8850 -0.2868
vn -0.4225 -0.7871 -0.4494
vn -0.4624 -0.6548 -0.5978
vn -0.1865 -0.8585 0.4777
vn -0.2880 -0.9042 0.3155
vn -0.3807 -0.9132 0.1452
vn -0.4620 -0.8864 -0.0286
vn -0.5290 -0.8248 -0.1996
vn -0.5794 -0.7303 -0.3619
vn -0.6115 -0.6046 -0.5105
vn -0.3277 -0.7827 0.5291
vn -0.4332 -0.8155 0.3837
vn -0.5286 -0.8179 0.2271
vn -0.6100 -0.7901 0.0597
vn -0.6728 -0.7319 -0.1081
vn -0.7131 -0.6484 -0.2666
vn -0.7331 -0.5403 -0.4131
vn -0.4541 -0.6900 0.5636
vn -0.5606 -0.6993 0.4436
vn -0.6560 -0.6903 0.3052
vn -0.7369 -0.6596 0.1476
vn -0.7939 -0.6079 -0.0150
vn -0.8235 -0.5420 -0.1673
vn -0.8296 -0.4653 -0.3087
vn 0.4462 0.8585 0.2526
vn 0.4031 0.9062 0.1278
vn 0.3517 0.9361 0.0033
vn 0.2893 0.9491 -0.1246
vn 0.2168 0.9436 -0.2501
vn 0.7200 -0.4761 0.5049
vn 0.5655 0.8003 0.1992
vn 0.5334 0.8444 0.0498
vn 0.5848 -0.4574 0.6699
vn 0.4272 0.8787 -0.2132
vn -0.8020 0.1513 -0.5778
vn -0.5887 0.8083 0.0134
vn -0.9896 0.1011 0.1026
vn -0.8887 0.3264 0.3220
vn 0.1607 0.8209 -0.5480
vn 0.6686 0.7300 0.1415
vn -0.7463 0.6599 0.0871
vn 0.4462 -0.4273 0.7863
vn -0.5876 0.3648 -0.7222
vn 0.5945 0.7885 -0.1577
vn 0.7720 -0.5534 -0.3127
vn -0.0104 -0.2999 0.9539
vn 0.2986 -0.7363 -0.6073
vn -0.6237 0.7495 0.2219
vn -0.7094 -0.0502 0.7030
vn 0.3705 0.7780 -0.5073
vn 0.2541 0.7474 -0.6139
vn 0.7635 0.6407 0.0809
vn -0.0240 -0.6514 -0.7584
vn 0.8059 -0.2934 -0.5143
vn 0.7293 0.6796 -0.0795
vn -0.8182 -0.0031 0.5749
vn 0.2454 -0.3570 -0.9013
vn 0.9517 -0.3064 0.0191
vn 0.8530 -0.1611 -0.4964
vn 0.5504 0.7011 -0.4532
vn -0.5100 0.8322 -0.2174
vn -0.6187 0.7658 -0.1754
vn -0.8997 0.0361 0.4350
vn 0.3475 0.6533 -0.6726
vn 0.7127 -0.4840 0.5077
vn 0.7512 -0.6339 -0.1840
vn -0.8953 0.0431 0.4433
vn -0.7066 -0.0415 0.7064
vn -0.7065 0.6939 -0.1389
vn 0.6977 0.6024 -0.3877
vn -0.9870 0.1307 -0.0939
vn 0.5399 0.5826 -0.6075
vn -0.1330 -0.1134 -0.9846
vn -0.0874 -0.6111 -0.7867
vn 0.1542 -0.3489 0.9244
vn 0.8237 -0.5664 0.0260
vn 0.8689 0.4609 -0.1805
vn -0.8141 0.0054 0.5807
vn -0.5666 -0.0975 0.8182
vn 0.6898 0.4813 -0.5409
vn 0.1883 -0.5736 -0.7972
vn 0.8979 -0.3197 -0.3026
vn -0.8507 0.2379 0.4687
vn 0.8773 0.3352 -0.3435
vn -0.9523 0.2629 0.1549
vn -0.8266 0.3097 0.4699
vn -0.9539 0.0747 0.2907
vn 0.0602 0.8827 -0.4661
vn -0.3875 0.8110 -0.4384
vn -0.3839 -0.0781 0.9201
vn -0.6179 0.6866 -0.3833
vn 0.8541 0.1483 -0.4985
vn -0.7202 0.4389 -0.5372
vn 0.2781 0.8042 0.5253
vn 0.1965 0.7550 0.6256
vn 0.1102 0.6885 0.7168
vn 0.0252 0.6095 0.7924
vn -0.0521 0.5257 0.8491
vn 0.5624 -0.5668 -0.6020
vn -0.1192 0.4420 0.8891
vn -0.1796 0.3558 0.9171
vn -0.2123 0.3357 -0.9178
vn 0.4431 -0.5080 -0.7387
vn -0.5612 0.1438 -0.8151
vn 0.9536 -0.2077 0.2181
vn 0.8672 -0.3961 0.3019
vn 0.5097 -0.1745 -0.8425
vn 0.4926 0.3274 -0.8063
vn 0.9821 0.1513 -0.1126
vn -0.0151 0.9638 -0.2663
vn -0.0602 -0.8780 -0.4749
vn 0.8218 0.4781 -0.3099
vn -0.9776 0.2056 -0.0454
vn 0.5355 0.7956 -0.2834
vn 0.9052 -0.4249 -0.0008
vn 0.4870 0.8692 -0.0852
vn 0.2877 -0.3824 0.8781
vn 0.2142 0.6174 -0.7569
vn -0.8565 0.2016 -0.4751
vn 0.8203 -0.5003 0.2773
vn 0.7538 -0.0565 -0.6546
vn -0.1100 -0.9721 -0.2073
vn -0.0631 0.5239 -0.8494
vn -0.3361 -0.9371 0.0937
vn -0.4120 0.3548 0.8393
vn -0.5525 0.4192 0.7204
vn -0.8831 0.1069 0.4568
vn -0.9419 0.1332 0.3083
vn -0.6611 0.4621 0.5911
vn -0.7150 0.0476 -0.6975
vn -0.3813 0.8866 -0.2619
vn -0.2189 -0.1505 -0.9641
vn -0.7454 0.4882 0.4539
vn -0.8870 0.0839 0.4541
vn -0.5375 0.8243 0.1780
vn -0.8616 0.1513 -0.4846
vn -0.4297 0.8949 0.1208
vn 0.4237 0.2380 -0.8740
vn -0.3910 -0.1817 0.9023
vn -0.8320 0.5487 -0.0826
vn -0.9884 0.1245 -0.0872
vn -0.9489 0.0961 0.3005
vn 0.4183 -0.6769 -0.6056
vn 0.6300 -0.3195 0.7078
vn 0.5206 -0.2264 0.8232
vn 0.7995 -0.2026 -0.5655
vn 0.9667 0.1432 0.2122
vn -0.8074 0.0465 0.5881
vn -0.6797 0.0238 -0.7331
vn 0.2938 0.0892 -0.9517
vn 0.4017 -0.1354 0.9057
vn 0.2708 -0.0431 0.9617
vn 0.1224 0.0542 0.9910
vn -0.0483 0.1583 0.9862
vn 0.1247 0.3630 -0.9234
vn -0.9852 0.1167 0.1252
vn -0.2855 0.1722 0.9428
vn 0.4290 -0.2904 -0.8554
vn -0.9357 0.1624 0.3130
vn -0.3948 -0.3779 -0.8374
vn -0.2970 -0.3514 -0.8878
vn 0.0321 0.4906 -0.8708
vn -0.5201 -0.0780 -0.8505
vn -0.9026 0.3397 -0.2644
vn 0.8075 -0.5843 0.0805
vn 0.7796 -0.5383 0.3200
vn 0.7523 -0.6235 -0.2128
vn 0.1991 -0.6658 -0.7191
vn -0.1361 0.6952 -0.7058
vn 0.8009 -0.5251 0.2878
vn -0.4361 0.2538 -0.8634
vn 0.6046 -0.6201 -0.5000
vn -0.6833 0.1025 0.7229
vn -0.8110 0.0167 0.5848
vn 0.6954 -0.4987 0.5174
vn 0.1578 -0.4157 -0.8957
vn -0.0530 0.8273 -0.5592
vn 0.5543 -0.2585 -0.7912
vn -0.5449 0.0771 -0.8350
vn -0.9265 0.1597 -0.3407
vn -0.9290 0.1421 -0.3418
vn -0.9328 0.1093 -0.3435
vn 0.6829 0.1220 -0.7203
vn -0.9367 0.0572 -0.3453
vn -0.9381 -0.0130 -0.3462
vn -0.9333 -0.0993 -0.3450
vn -0.9196 -0.1959 -0.3405
vn -0.3907 -0.1651 0.9056
vn -0.3948 -0.1810 0.9008
vn -0.4021 -0.2111 0.8909
vn -0.4128 -0.2586 0.8733
vn -0.4254 -0.3216 0.8459
vn -0.4381 -0.3969 0.8066
vn -0.4485 -0.4787 0.7548
vn 0.8316 -0.4536 0.3206
vn 0.8294 -0.4690 0.3035
vn 0.3779 -0.8769 -0.2970
vn 0.8213 -0.4849 0.3005
vn 0.8058 -0.5137 0.2947
vn 0.7795 -0.5579 0.2848
vn 0.7409 -0.6149 0.2703
vn 0.6884 -0.6807 0.2505
vn 0.6229 -0.7490 0.2260
vn 0.1523 -0.4664 -0.8713
vn 0.1938 -0.3832 -0.9031
vn -0.2567 -0.3148 -0.9138
vn 0.2289 -0.3064 -0.9240
vn 0.2563 -0.2420 -0.9358
vn -0.1542 -0.0233 -0.9878
vn -0.3423 -0.2148 -0.9147
vn 0.2759 -0.1929 -0.9416
vn 0.2881 -0.1610 -0.9440
vn -0.8089 0.3263 -0.4891
vn 0.2948 -0.1428 -0.9448
vn 0.0891 -0.0630 -0.9940
vn -0.1031 -0.0017 -0.9947
vn 0.8082 -0.5847 0.0701
vn 0.6072 -0.3060 -0.7333
vn -0.2725 0.0478 -0.9610
vn 0.5409 -0.5181 -0.6625
vn 0.6938 -0.3091 -0.6504
vn 0.5624 -0.6263 -0.5399
vn 0.5862 -0.6511 -0.4821
vn 0.8124 -0.5803 0.0572
vn -0.4247 0.0877 -0.9011
vn 0.5545 0.4220 -0.7173
vn -0.5661 0.1199 -0.8156
vn -0.7003 0.1451 -0.6990
vn -0.8108 0.4995 0.3049
vn -0.8249 0.1617 -0.5417
vn -0.9273 0.1639 -0.3366
vn -0.9315 0.3290 0.1550
vn -0.9267 0.1648 -0.3378
vn -0.9263 0.1655 -0.3386
vn -0.9260 0.1660 -0.3391
vn -0.9258 0.1664 -0.3394
vn -0.9256 0.1667 -0.3397
vn -0.9489 0.3133 -0.0384
vn -0.9255 0.1669 -0.3400
vn -0.8110 0.1847 -0.5551
vn -0.9802 0.1558 -0.1219
vn -0.9879 0.1341 0.0781
vn -0.9617 0.1049 0.2532
vn -0.9098 0.0693 0.4092
vn -0.3179 0.2638 -0.9107
vn 0.4404 -0.4265 0.7900
vn -0.8329 0.0267 0.5527
vn -0.7259 -0.0249 0.6873
vn -0.5794 -0.0877 0.8103
vn 0.2700 0.5964 -0.7559
vn -0.3907 -0.1739 0.9039
vn -0.9859 0.1345 -0.0997
vn -0.3903 -0.1705 0.9048
vn -0.3899 -0.1675 0.9055
vn -0.3896 -0.1650 0.9061
vn -0.3894 -0.1630 0.9065
vn -0.9894 0.1039 0.1015
vn -0.8231 -0.0072 0.5678
vn -0.3893 -0.1614 0.9069
vn -0.3891 -0.1601 0.9072
vn -0.1810 -0.2299 0.9562
vn 0.1810 -0.3354 0.9245
vn 0.3330 -0.3747 0.8653
vn 0.4739 -0.4082 0.7803
vn -0.0421 0.2920 -0.9555
vn 0.6074 -0.4364 0.6638
vn 0.7315 -0.4566 0.5064
vn 0.8370 -0.4564 0.3018
vn 0.8356 -0.4583 0.3029
vn 0.8346 -0.4596 0.3036
vn 0.8339 -0.4606 0.3040
vn 0.8335 -0.4612 0.3043
vn 0.8332 -0.4617 0.3045
vn 0.8329 -0.4620 0.3046
vn 0.8882 -0.4514 0.0859
vn 0.8972 -0.4267 -0.1142
vn 0.8720 -0.3948 -0.2894
vn 0.8207 -0.3579 -0.4454
vn 0.7438 -0.3158 -0.5892
vn 0.6362 -0.2660 -0.7242
vn 0.4886 -0.2058 -0.8479
vn 0.2986 -0.1313 -0.9453
vn 0.2997 -0.1275 -0.9455
vn 0.3012 -0.1218 -0.9457
vn 0.3035 -0.1132 -0.9461
vn 0.3070 -0.0993 -0.9465
vn 0.3122 -0.0760 -0.9470
vn 0.3196 -0.0340 -0.9470
vn -0.5523 -0.0219 -0.8334
vn -0.2087 0.7732 -0.5989
vn 0.3936 -0.0452 -0.9182
vn -0.8436 0.1028 -0.5271
vn -0.0048 -0.3086 0.9512
vn -0.0541 -0.1027 -0.9932
vn 0.1391 0.1062 -0.9846
vn -0.0443 0.1443 -0.9885
vn -0.2166 0.1618 -0.9628
vn -0.3846 0.1687 -0.9075
vn -0.5367 0.1747 -0.8255
vn -0.9330 0.1559 -0.3245
vn -0.8223 0.1727 -0.5421
vn -0.7040 -0.0177 0.7100
vn 0.7584 -0.0862 -0.6460
vn 0.8533 -0.0763 -0.5159
vn 0.5764 -0.3898 -0.7182
vn 0.9725 -0.0434 -0.2286
vn -0.6946 0.0568 0.7172
vn -0.0236 -0.2701 0.9626
vn -0.9298 0.1617 -0.3307
vn -0.9830 0.1433 -0.1144
vn -0.9895 0.1163 0.0855
vn -0.9620 0.0844 0.2595
vn -0.9093 0.0479 0.4134
vn -0.8313 0.0050 0.5557
vn -0.7242 -0.0459 0.6880
vn -0.5787 -0.1073 0.8084
vn 0.6049 -0.3579 0.7114
vn 0.7760 -0.2776 -0.5664
vn -0.3899 -0.1559 0.9076
vn -0.3892 -0.1646 0.9063
vn 0.2880 -0.4919 -0.8216
vn -0.0325 -0.3282 -0.9441
vn -0.7080 0.2102 -0.6743
vn -0.3918 -0.1840 0.9015
vn -0.3915 -0.1812 0.9021
vn -0.1860 -0.2456 0.9514
vn -0.8550 0.1206 -0.5044
vn 0.0043 -0.3022 0.9532
vn 0.1730 -0.3480 0.9214
vn 0.3256 -0.3857 0.8633
vn 0.4675 -0.4170 0.7795
vn 0.0915 -0.4130 -0.9061
vn 0.8162 -0.1355 -0.5616
vn 0.6036 -0.4418 0.6637
vn 0.7320 -0.4567 0.5056
vn 0.0193 0.0499 -0.9986
vn -0.0670 0.1919 -0.9791
vn -0.8000 0.1283 -0.5861
vn -0.5940 -0.6662 -0.4510
vn 0.8374 -0.4711 0.2772
vn 0.8433 -0.4542 0.2872
vn 0.8437 -0.4523 0.2892
vn 0.8405 -0.4529 0.2975
vn 0.8997 -0.4299 0.0761
vn 0.9121 -0.3885 -0.1310
vn 0.8888 -0.3362 -0.3114
vn 0.8389 -0.2797 -0.4669
vn 0.7609 -0.2094 -0.6142
vn 0.6545 -0.1313 -0.7446
vn 0.5108 -0.0462 -0.8585
vn 0.3280 0.1948 -0.9244
vn 0.2908 0.4203 -0.8595
vn -0.5628 0.0463 -0.8253
vn 0.1690 0.6952 -0.6987
vn 0.2228 0.5979 -0.7700
vn 0.3830 0.0854 -0.9198
vn 0.1861 -0.6355 -0.7493
vn 0.2657 -0.7055 -0.6571
vn 0.5329 -0.3870 -0.7525
vn -0.9885 0.1275 -0.0819
vn 0.3467 -0.7691 -0.5370
vn -0.9452 0.1340 -0.2976
vn 0.4204 -0.8191 -0.3904
vn 0.4777 -0.8475 -0.2313
vn 0.5140 -0.8543 -0.0777
vn 0.5334 -0.8437 0.0607
vn 0.4474 -0.8451 0.2925
vn -0.9413 0.2162 -0.2594
vn 0.7590 -0.6033 -0.2450
vn -0.8045 0.1705 -0.5689
vn 0.3426 -0.8571 0.3847
vn 0.2150 -0.8519 0.4776
vn 0.0681 -0.8249 0.5611
vn -0.0831 -0.7764 0.6247
vn 0.8775 -0.0390 -0.4779
vn -0.2227 -0.7141 0.6636
vn 0.8329 -0.5533 0.0081
vn -0.3430 -0.6453 0.6826
vn -0.5627 -0.5667 0.6019
vn -0.8581 0.4949 0.1371
vn -0.6610 -0.5572 0.5026
vn -0.7552 -0.5357 0.3778
vn -0.8340 -0.5017 0.2297
vn -0.8864 -0.4571 0.0730
vn -0.9098 -0.4081 -0.0753
vn -0.9105 -0.3582 -0.2064
vn -0.8252 -0.3564 -0.4381
vn -0.7395 -0.4046 -0.5379
vn -0.6253 -0.4519 -0.6362
vn -0.4834 -0.4949 -0.7221
vn -0.3269 -0.5274 -0.7842
vn -0.1739 -0.5478 -0.8183
vn -0.8815 0.4688 -0.0567
vn -0.0342 -0.5565 -0.8301
vn -0.7040 0.6156 -0.3541
vn -0.5658 -0.0866 0.8200
vn 0.0485 0.9878 -0.1482
vn 0.1186 0.9928 -0.0185
vn 0.1870 0.9763 0.1087
vn 0.2483 0.9425 0.2238
vn 0.3020 0.8964 0.3243
vn 0.1417 0.9214 -0.3617
vn -0.3918 -0.1464 0.9083
vn 0.3528 0.8740 -0.3341
vn 0.5715 0.7353 0.3644
vn 0.6756 0.6627 0.3231
vn 0.7767 0.5698 0.2684
vn 0.8605 0.4665 0.2045
vn 0.9221 0.3609 0.1394
vn 0.9634 0.2567 0.0767
vn -0.9656 0.2120 0.1504
vn 0.9967 -0.0216 -0.0787
vn -0.7704 0.2067 0.6032
vn 0.2513 0.1161 -0.9609
vn -0.2360 0.2643 0.9351
vn 0.2874 0.4759 -0.8312
vn 0.3281 0.0456 -0.9435
vn 0.8388 -0.4543 0.3002
vn -0.3911 -0.1776 0.9030
vn 0.2975 -0.1348 -0.9451
vn 0.8324 -0.4631 0.3045
vn -0.3892 -0.1599 0.9071
vn -0.9256 0.1661 -0.3402
vn 0.6821 0.6980 -0.2182
vn 0.4638 -0.0165 -0.8858
vn -0.3928 -0.1327 0.9100
vn 0.7718 0.1422 -0.6198
vn -0.3521 0.0210 0.9357
vn 0.7263 -0.4159 0.5473
vn 0.4610 0.7920 -0.4002
vn 0.6400 0.7682 -0.0179
vn 0.9113 -0.3126 0.2680
vn -0.7210 -0.4763 -0.5033
vn -0.2455 -0.3569 -0.9013
vn 0.9828 0.1299 0.1309
vn -0.5721 -0.5149 -0.6384
vn 0.4960 0.2037 -0.8441
vn 0.9007 0.4082 0.1486
vn -0.8940 -0.3014 -0.3316
vn -0.4550 -0.5646 0.6887
vn 0.5428 -0.8166 0.1961
vn 0.1045 -0.5537 -0.8261
vn 0.3525 0.8374 0.4177
vn -0.4221 -0.4022 0.8124
vn 0.2193 -0.5884 -0.7783
vn -0.1557 -0.7964 -0.5843
vn -0.4438 -0.3531 0.8236
vn 0.0565 0.6027 -0.7960
vn 0.4762 0.6474 -0.5950
vn -0.2938 0.0892 -0.9517
vn 0.4341 0.2922 -0.8522
vn 0.5100 0.8322 -0.2174
vn 0.5887 0.8083 0.0134
vn 0.2886 0.6124 -0.7360
vn -0.4290 -0.2904 -0.8554
vn 0.4158 0.5258 -0.7421
vn 0.7151 0.0476 -0.6974
vn 0.1546 0.0760 -0.9850
vn 0.7319 0.0942 -0.6749
vn 0.3400 0.3925 -0.8546
vn 0.8320 0.5487 -0.0826
vn 0.7463 0.6599 0.0871
vn 0.0893 -0.5132 -0.8536
vn 0.6187 0.7658 -0.1754
vn -0.7801 -0.3373 0.5270
vn 0.5152 0.4409 -0.7350
vn 0.6237 0.7495 0.2219
vn -0.7652 -0.6252 -0.1537
vn 0.2876 -0.2697 -0.9190
vn 0.5940 -0.6662 -0.4510
vn 0.1929 -0.9777 -0.0828
vn -0.9517 -0.3064 0.0191
vn -0.2986 -0.7363 -0.6073
vn -0.4575 -0.7157 -0.5276
vn 0.1299 -0.3565 -0.9252
vn 0.9489 0.3133 -0.0385
vn -0.4733 -0.2567 -0.8426
vn -0.1991 -0.6658 -0.7191
vn 0.3813 0.8866 -0.2619
vn -0.8059 -0.2934 -0.5143
vn 0.2363 0.9217 -0.3076
vn 0.1897 0.9659 -0.1761
vn 0.1323 0.9903 -0.0431
vn 0.0645 0.9937 0.0920
vn -0.0107 0.9755 0.2196
vn -0.0880 0.9388 0.3331
vn -0.1698 0.8831 0.4374
vn 0.4297 0.8949 0.1208
vn 0.0602 -0.8780 -0.4749
vn 0.2952 0.9542 0.0477
vn 0.2277 0.9554 0.1881
vn 0.1467 0.9370 0.3171
vn 0.0535 0.8993 0.4340
vn -0.0589 0.8390 0.5409
vn -0.9967 -0.0216 -0.0787
vn -0.6075 -0.3066 -0.7327
vn 0.4799 0.8765 -0.0383
vn -0.8318 -0.4339 -0.3462
vn -0.9486 0.0219 0.3158
vn -0.4213 -0.4243 0.8015
vn -0.6938 -0.3091 -0.6504
vn 0.3620 0.8938 0.2648
vn 0.2774 0.8754 0.3959
vn -0.7654 -0.5803 -0.2782
vn 0.1736 0.8383 0.5168
vn 0.0448 0.7776 0.6271
vn -0.0527 -0.3692 -0.9279
vn 0.4692 0.8215 0.3240
vn 0.3833 0.8024 0.4574
vn 0.2755 0.7649 0.5823
vn 0.1398 0.7027 0.6976
vn 0.6759 0.7350 0.0546
vn 0.3446 -0.5391 -0.7685
vn 0.5551 0.7452 0.3696
vn 0.4691 0.7245 0.5051
vn 0.3604 0.6852 0.6330
vn 0.2218 0.6209 0.7518
vn 0.7754 0.6221 -0.1086
vn -0.5505 -0.5772 -0.6031
vn -0.1278 0.8751 -0.4667
vn 0.6948 0.6721 0.2560
vn -0.8264 -0.2102 -0.5224
vn 0.6264 0.6659 0.4051
vn -0.1042 -0.1343 -0.9854
vn -0.7995 -0.2025 -0.5654
vn 0.5405 0.6434 0.5421
vn 0.4314 0.6023 0.6716
vn 0.2918 0.5371 0.7915
vn -0.7515 -0.4225 -0.5067
vn 0.3371 -0.1429 -0.9306
vn 0.7563 0.5898 0.2831
vn 0.6890 0.5812 0.4329
vn 0.6036 0.5569 0.5706
vn 0.8105 -0.5131 0.2825
vn -0.7985 -0.2719 -0.5371
vn 0.4943 0.5148 0.7005
vn -0.0923 -0.2051 -0.9744
vn -0.8934 -0.2656 -0.3624
vn 0.3541 0.4495 0.8201
vn -0.4179 0.7253 0.5471
vn -0.5406 0.6511 0.5327
vn -0.6527 0.5675 0.5019
vn -0.7577 0.4703 0.4525
vn -0.8480 0.3642 0.3851
vn 0.8058 0.5811 0.1136
vn -0.9171 0.2561 0.3054
vn -0.9667 0.1432 0.2122
vn -0.3471 0.6574 0.6688
vn -0.4837 0.5605 0.6722
vn -0.6037 0.4625 0.6494
vn -0.7126 0.3583 0.6032
vn -0.8089 0.2491 0.5326
vn -0.8879 0.1378 0.4388
vn -0.2718 0.5793 0.7684
vn -0.4169 0.4681 0.7792
vn -0.5322 -0.0864 -0.8422
vn -0.5427 0.3590 0.7593
vn -0.6547 0.2497 0.7134
vn -0.7553 0.1391 0.6404
vn -0.8427 0.0264 0.5377
vn -0.9128 -0.0910 0.3982
vn -0.1965 0.4945 0.8467
vn -0.3489 0.3768 0.8581
vn -0.4798 0.2632 0.8370
vn -0.5948 0.1525 0.7893
vn -0.6983 0.0417 0.7146
vn -0.7907 -0.0722 0.6079
vn -0.8667 -0.1918 0.4605
vn -0.1257 0.4090 0.9039
vn -0.2843 0.2906 0.9136
vn -0.4202 0.1776 0.8899
vn -0.5388 0.0684 0.8397
vn -0.6450 -0.0410 0.7631
vn -0.7404 -0.1547 0.6541
vn -0.8198 -0.2749 0.5024
vn -0.0627 0.3267 0.9431
vn -0.2259 0.2107 0.9511
vn -0.3661 0.1007 0.9251
vn -0.4885 -0.0051 0.8726
vn -0.5981 -0.1110 0.7937
vn -0.6969 -0.2211 0.6823
vn -0.0054 0.2442 0.9697
vn -0.1724 0.1330 0.9760
vn -0.3167 0.0281 0.9481
vn -0.4431 -0.0721 0.8936
vn -0.5570 -0.1719 0.8126
vn -0.6604 -0.2748 0.6988
vn -0.7492 -0.3828 0.5405
vn -0.9256 -0.0614 -0.3735
vn -0.7584 -0.0862 -0.6460
vn 0.1967 -0.7768 -0.5983
vn 0.8436 0.1028 -0.5271
vn -0.9529 -0.2275 -0.2007
vn 0.1571 -0.3064 -0.9389
vn 0.2126 0.4990 -0.8401
vn -0.1247 0.3630 -0.9234
vn 0.5014 -0.8652 0.0072
vn 0.2453 -0.0821 -0.9660
vn 0.0541 -0.1027 -0.9932
vn 0.0289 0.2240 -0.9742
vn -0.8545 -0.4969 -0.1512
vn -0.7479 -0.6422 -0.1680
vn 0.8074 0.0465 0.5881
vn -0.8298 -0.5514 0.0859
vn 0.3422 0.1204 -0.9319
vn -0.8630 -0.4994 0.0765
vn -0.6744 -0.6473 -0.3552
vn 0.3468 0.9324 -0.1014
vn 0.6610 0.5017 -0.5580
vn 0.2467 -0.8911 -0.3810
vn -0.6806 -0.4952 0.5400
vn -0.1207 -0.0779 -0.9896
vn 0.9671 0.2515 -0.0390
vn 0.4623 -0.8540 -0.2387
vn -0.0415 -0.1673 -0.9850
vn 0.2522 0.2431 -0.9366
vn 0.3925 0.0008 -0.9197
vn 0.0644 -0.0891 -0.9939
vn 0.5449 0.0771 -0.8350
vn 0.2087 0.7732 -0.5989
vn 0.2190 -0.1503 -0.9641
vn -0.7231 -0.5066 -0.4696
vn 0.7065 0.6939 -0.1389
vn 0.9460 0.1118 0.3042
vn 0.8549 0.1206 -0.5045
vn -0.1721 -0.0849 -0.9814
vn 0.1361 0.6952 -0.7058
vn -0.5825 -0.6811 -0.4436
vn -0.5558 -0.4779 -0.6802
vn -0.2120 0.2284 -0.9502
vn 0.3516 0.7156 -0.6035
vn -0.0695 0.0701 -0.9951
vn 0.0162 -0.2271 0.9737
vn 0.4768 0.1136 -0.8716
vn -0.9725 -0.0434 -0.2286
vn 0.7980 0.1034 0.5937
vn -0.0321 0.4906 -0.8708
vn -0.4431 -0.5080 -0.7387
vn -0.4301 -0.3811 0.8184
vn -0.5845 -0.3907 0.7111
vn -0.6958 -0.4639 0.5483
vn -0.0148 -0.1465 0.9891
vn 0.0788 0.0679 -0.9946
vn 0.0933 0.0643 -0.9936
vn -0.6848 -0.4332 -0.5860
vn 0.3672 -0.1908 -0.9104
vn -0.0915 -0.4130 -0.9061
vn -0.6713 -0.6172 -0.4104
vn -0.8237 -0.5664 0.0260
vn 0.7091 0.3667 0.6023
vn 0.5523 -0.0219 -0.8334
vn 0.4620 0.2590 0.8482
vn -0.9074 -0.4168 0.0542
vn 0.1227 0.0267 -0.9921
vn 0.5539 0.0165 -0.8324
vn 0.2727 -0.2977 -0.9149
vn -0.7807 -0.5202 -0.3464
vn 0.8870 0.0839 0.4541
vn 0.7450 0.2800 0.6054
vn 0.5001 0.1731 0.8485
vn -0.6792 -0.5039 0.5336
vn -0.5626 -0.5668 -0.6019
vn -0.6049 -0.3579 0.7114
vn 0.9523 0.2629 0.1549
vn -0.3353 -0.2453 0.9096
vn -0.5931 -0.4989 -0.6319
vn -0.8082 -0.5847 0.0701
vn 0.9880 0.1357 -0.0737
vn 0.5274 0.1009 0.8436
vn 0.6797 0.0238 -0.7331
vn -0.4194 -0.4166 0.8066
vn 0.8831 0.1069 0.4567
vn -0.8587 -0.5121 -0.0170
vn 0.9793 0.1489 0.1373
vn -0.0419 -0.0900 0.9951
vn -0.5544 -0.2585 -0.7911
vn -0.2164 -0.6898 -0.6909
vn 0.7202 0.4389 -0.5372
vn 0.8042 0.0704 0.5901
vn 0.7660 0.3826 -0.5166
vn -0.0648 -0.0277 -0.9975
vn 0.6946 0.0568 0.7172
vn -0.4635 -0.3180 0.8271
vn -0.0814 -0.3052 -0.9488
vn -0.5352 -0.4529 -0.7131
vn 0.0958 0.0733 0.9927
vn -0.0779 -0.0224 0.9967
vn 0.7253 0.1506 -0.6718
vn -0.2300 -0.1109 0.9669
vn -0.4892 -0.2754 0.8275
vn -0.7091 -0.4421 0.5493
vn 0.1336 -0.0022 0.9910
vn -0.2880 -0.4919 -0.8216
vn -0.1967 -0.1703 0.9656
vn 0.7874 0.1481 0.5985
vn -0.3898 -0.3173 -0.8645
vn 0.1618 -0.0654 0.9847
vn -0.5501 -0.7172 -0.4278
vn -0.1714 -0.2199 0.9603
vn -0.3125 -0.2878 0.9053
vn -0.1540 -0.0119 -0.9880
vn -0.5691 -0.4178 0.7082
vn 0.2539 -0.2129 -0.9435
vn 0.1004 -0.0285 -0.9945
vn 0.1813 -0.1164 0.9765
vn -0.1536 -0.2596 0.9534
vn -0.5097 -0.1745 -0.8424
vn 0.1329 -0.1135 -0.9846
vn 0.7008 0.0229 0.7130
vn 0.1938 -0.1560 0.9686
vn 0.8887 0.3264 0.3220
vn -0.1425 -0.2902 0.9463
vn -0.2866 -0.3478 0.8927
vn 0.5460 0.0428 0.8367
vn -0.5534 -0.4547 0.6978
vn 0.9113 0.2570 0.3217
vn 0.2006 -0.1853 0.9620
vn 0.9315 0.3290 0.1550
vn -0.1372 -0.3125 0.9400
vn -0.2824 -0.3663 0.8866
vn -0.4183 -0.6770 -0.6056
vn -0.1305 -0.9910 0.0313
vn -0.1852 -0.9363 -0.2984
vn 0.9739 0.1752 0.1441
vn 0.2025 -0.2052 0.9576
vn 0.5299 0.1311 -0.8378
vn -0.1369 -0.3268 0.9351
vn 0.6371 0.3027 -0.7089
vn 0.6017 0.3228 0.7305
vn 0.6389 0.2356 0.7324
vn -0.5562 -0.4675 0.6871
vn -0.6877 -0.5043 0.5222
vn 0.9357 0.1624 0.3130
vn 0.0224 -0.2529 0.9672
vn -0.6530 -0.0897 -0.7521
vn 0.2612 -0.2645 -0.9283
vn 0.0683 -0.3972 -0.9152
vn -0.7761 -0.2776 -0.5663
vn 0.0042 -0.1920 0.9814
vn -0.5528 -0.4641 0.6921
vn 0.1865 -0.2098 -0.9598
vn 0.8558 0.4090 0.3167
vn -0.8174 -0.5746 0.0427
vn 0.0236 -0.2701 0.9626
vn -0.2832 -0.3775 0.8816
vn -0.8090 -0.4404 -0.3893
vn -0.6820 -0.5067 0.5274
vn 0.8266 0.3097 0.4699
vn 0.2047 -0.1138 -0.9722
vn -0.5624 -0.6263 -0.5399
vn -0.7523 -0.6235 -0.2128
vn 0.0804 0.0316 -0.9963
vn -0.5409 -0.5181 -0.6625
vn 0.7921 0.3948 0.4656
vn 0.0711 0.1170 -0.9906
vn 0.8147 0.0870 -0.5733
vn -0.3653 -0.1941 0.9104
vn 0.8667 0.1811 0.4649
vn 0.1076 0.1042 -0.9887
vn -0.0435 -0.0075 -0.9990
vn -0.0866 -0.0709 -0.9937
vn 0.1053 -0.0095 -0.9944
vn 0.6833 0.1025 0.7229
vn 0.2745 0.0402 -0.9607
vn 0.4264 0.0803 -0.9009
vn 0.5676 0.1128 -0.8156
vn 0.7015 0.1382 -0.6991
vn 0.8259 0.1551 -0.5420
vn -0.0807 -0.0892 -0.9927
vn 0.1105 -0.0276 -0.9935
vn 0.2791 0.0223 -0.9600
vn 0.4306 0.0626 -0.9004
vn 0.5713 0.0951 -0.8152
vn 0.7048 0.1204 -0.6991
vn 0.8288 0.1373 -0.5425
vn -0.0704 -0.1215 -0.9901
vn 0.1192 -0.0597 -0.9911
vn 0.2867 -0.0095 -0.9580
vn 0.4376 0.0310 -0.8986
vn 0.5778 0.0633 -0.8137
vn 0.7106 0.0882 -0.6981
vn 0.8335 0.1046 -0.5425
vn -0.0548 -0.1716 -0.9836
vn 0.1316 -0.1101 -0.9852
vn 0.2974 -0.0596 -0.9529
vn 0.4478 -0.0188 -0.8939
vn 0.5875 0.0132 -0.8091
vn 0.7188 0.0372 -0.6942
vn 0.8396 0.0528 -0.5407
vn -0.0345 -0.2392 -0.9704
vn 0.1471 -0.1810 -0.9724
vn 0.3105 -0.1326 -0.9413
vn 0.4608 -0.0922 -0.8827
vn 0.6000 -0.0597 -0.7977
vn 0.7283 -0.0349 -0.6844
vn 0.8448 -0.0181 -0.5348
vn -0.0092 -0.3238 -0.9461
vn 0.1650 -0.2757 -0.9470
vn 0.3244 -0.2339 -0.9166
vn 0.4748 -0.1952 -0.8582
vn 0.6132 -0.1611 -0.7734
vn 0.7362 -0.1318 -0.6639
vn 0.8457 -0.1084 -0.5225
vn 0.0208 -0.4267 -0.9041
vn 0.1798 -0.3996 -0.8989
vn 0.3334 -0.3680 -0.8680
vn 0.4851 -0.3321 -0.8090
vn 0.6235 -0.2947 -0.7241
vn 0.7399 -0.2581 -0.6212
vn 0.8380 -0.2204 -0.4992
vn 0.9811 0.1498 -0.1226
vn 0.9887 0.1284 0.0772
vn 0.9626 0.0994 0.2522
vn 0.9107 0.0640 0.4080
vn 0.8340 0.0215 0.5514
vn 0.7271 -0.0301 0.6859
vn 0.5807 -0.0929 0.8088
vn 0.9833 0.1326 -0.1245
vn 0.9909 0.1116 0.0748
vn 0.9649 0.0830 0.2493
vn 0.9132 0.0479 0.4048
vn 0.8366 0.0054 0.5478
vn 0.7300 -0.0462 0.6819
vn 0.5841 -0.1089 0.8043
vn 0.9867 0.1002 -0.1279
vn 0.9943 0.0801 0.0699
vn 0.9685 0.0523 0.2436
vn 0.9170 0.0176 0.3986
vn 0.8407 -0.0249 0.5410
vn 0.7347 -0.0767 0.6741
vn 0.5898 -0.1394 0.7954
vn 0.9898 0.0488 -0.1338
vn -0.7931 -0.4811 -0.3735
vn 0.9977 0.0298 0.0610
vn 0.9724 0.0031 0.2332
vn 0.5669 -0.0598 0.8216
vn 0.9262 0.2027 0.3180
vn 0.9212 -0.0311 0.3879
vn 0.8450 -0.0737 0.5297
vn -0.8330 -0.5533 0.0080
vn -0.5367 -0.3228 -0.7796
vn 0.7398 -0.1256 0.6610
vn -0.9093 -0.3791 -0.1713
vn 0.5970 -0.1880 0.7799
vn -0.6135 -0.6841 -0.3945
vn 0.9896 -0.0217 -0.1424
vn 0.9980 -0.0415 0.0466
vn -0.8453 -0.5342 -0.0071
vn 0.5645 -0.0358 0.8247
vn 0.9740 -0.0689 0.2157
vn 0.9656 0.2120 0.1504
vn 0.9232 -0.1034 0.3701
vn 0.9833 0.1736 -0.0541
vn 0.8468 -0.1455 0.5116
vn 0.7427 -0.1952 0.6405
vn 0.6033 -0.2542 0.7559
vn 0.8769 0.1383 0.4604
vn -0.6862 -0.4816 0.5451
vn 0.9819 -0.1116 -0.1533
vn 0.9902 -0.1377 0.0250
vn -0.5587 -0.4391 0.7036
vn 0.9865 0.1510 -0.0639
vn 0.9675 -0.1692 0.1877
vn 0.9172 -0.2053 0.3414
vn 0.9776 0.2056 -0.0454
vn 0.8406 -0.2455 0.4828
vn 0.7392 -0.2885 0.6086
vn 0.6062 -0.3374 0.7202
vn 0.9604 -0.2231 -0.1670
vn 0.9647 -0.2631 -0.0110
vn 0.9428 -0.3016 0.1423
vn 0.8923 -0.3407 0.2960
vn 0.8152 -0.3781 0.4387
vn 0.7185 -0.4108 0.5613
vn 0.6011 -0.4387 0.6680
vn 0.1827 -0.2351 0.9547
vn -0.0096 -0.2933 0.9560
vn -0.1791 -0.3406 0.9230
vn -0.3310 -0.3799 0.8638
vn -0.4717 -0.4136 0.7788
vn -0.6050 -0.4418 0.6624
vn -0.7288 -0.4623 0.5051
vn 0.1874 -0.2507 0.9497
vn -0.0043 -0.3087 0.9511
vn -0.5329 -0.3870 -0.7525
vn -0.1734 -0.3557 0.9184
vn 0.4461 -0.1210 -0.8868
vn 0.5923 0.0036 -0.8057
vn -0.5769 -0.3897 -0.7179
vn -0.3249 -0.3950 0.8593
vn 0.5201 -0.0780 -0.8505
vn -0.6046 -0.6201 -0.5000
vn -0.4652 -0.4287 0.7744
vn -0.5980 -0.4572 0.6583
vn -0.7212 -0.4779 0.5015
vn 0.7034 -0.0014 0.7108
vn 0.1964 -0.2801 0.9397
vn 0.0060 -0.3373 0.9414
vn -0.1623 -0.3837 0.9091
vn -0.3134 -0.4228 0.8503
vn -0.4531 -0.4566 0.7656
vn -0.5848 -0.4854 0.6499
vn 0.0328 -0.3282 -0.9440
vn -0.7067 -0.5064 0.4940
vn 0.2110 -0.3261 0.9215
vn 0.0233 -0.3820 0.9239
vn -0.1436 -0.4275 0.8925
vn -0.8124 -0.5803 0.0572
vn -0.2944 -0.4662 0.8342
vn 0.8507 0.2379 0.4687
vn -0.4334 -0.5003 0.7496
vn -0.5633 -0.5293 0.6344
vn -0.6827 -0.5505 0.4805
vn 0.2312 -0.3874 0.8925
vn 0.0494 -0.4434 0.8950
vn -0.1143 -0.4895 0.8645
vn -0.2647 -0.5288 0.8064
vn -0.4036 -0.5623 0.7217
vn -0.5313 -0.5895 0.6084
vn -0.0469 -0.2763 -0.9599
vn -0.7446 -0.3545 -0.5656
vn -0.8112 -0.5784 0.0856
vn -0.4037 -0.6115 -0.6805
vn 0.9886 0.1495 0.0152
vn -0.6475 -0.6084 0.4589
vn 0.1253 0.3692 -0.9209
vn 0.2561 -0.4627 0.8487
vn 0.0860 -0.5224 0.8484
vn 0.2365 -0.8149 -0.5291
vn 0.3758 -0.0746 -0.9237
vn -0.7758 -0.3411 -0.5309
vn -0.0705 -0.5718 0.8174
vn -0.2200 -0.6126 0.7591
vn -0.3591 -0.6445 0.6750
vn -0.4847 -0.6662 0.5668
vn -0.5982 -0.6780 0.4272
vn 0.2863 -0.5515 0.7835
vn 0.1401 -0.6179 0.7737
vn 0.6653 0.1619 0.7288
vn 0.2567 -0.3148 -0.9138
vn -0.0060 -0.6722 0.7403
vn -0.1550 -0.7159 0.6808
vn 0.8565 0.2016 -0.4751
vn -0.2959 -0.7454 0.5973
vn -0.4195 -0.7592 0.4976
vn -0.2964 -0.3218 0.8992
vn -0.0751 -0.7078 -0.7024
vn -0.5304 -0.7576 0.3806
vn -0.8850 -0.4577 0.0852
vn 0.8616 0.1513 -0.4846
vn -0.8940 -0.4332 -0.1147
vn -0.8688 -0.4015 -0.2896
vn -0.8533 -0.0763 -0.5159
vn -0.9845 -0.1736 -0.0265
vn -0.8175 -0.3650 -0.4455
vn -0.7406 -0.3231 -0.5891
vn 0.2388 -0.4782 -0.8452
vn -0.6331 -0.2737 -0.7241
vn -0.4856 -0.2137 -0.8476
vn -0.8768 -0.4737 0.0830
vn -0.8858 -0.4494 -0.1161
vn -0.8608 -0.4179 -0.2906
vn -0.8095 -0.3816 -0.4461
vn -0.2372 -0.7131 -0.6597
vn -0.8021 -0.5790 -0.1460
vn 0.1158 -0.8607 -0.4958
vn 0.6723 0.2526 -0.6959
vn -0.7328 -0.3401 -0.5894
vn -0.6254 -0.2911 -0.7240
vn -0.4783 -0.2315 -0.8471
vn 0.3986 -0.1101 -0.9105
vn 0.1211 -0.1380 -0.9830
vn -0.8609 -0.5027 0.0791
vn -0.8701 -0.4783 -0.1185
vn -0.8457 -0.4468 -0.2920
vn 0.8369 0.2620 -0.4805
vn -0.7947 -0.4106 -0.4470
vn -0.7181 -0.3695 -0.5898
vn -0.6110 -0.3213 -0.7235
vn -0.4647 -0.2627 -0.8456
vn -0.8338 -0.5471 0.0734
vn -0.8437 -0.5229 -0.1211
vn 0.8300 0.0896 -0.5506
vn -0.5722 -0.3125 -0.7583
vn 0.5375 0.8243 0.1780
vn -0.8202 -0.4914 -0.2929
vn 0.6369 0.0114 -0.7709
vn -0.5544 -0.7811 -0.2873
vn -0.7698 -0.4552 -0.4475
vn 0.7704 0.2067 0.6032
vn 0.9419 0.1333 0.3083
vn -0.7537 -0.5627 -0.3396
vn -0.6930 -0.4145 -0.5898
vn -0.5863 -0.3674 -0.7220
vn 0.5801 0.5734 -0.5785
vn -0.4417 -0.3102 -0.8418
vn -0.0644 -0.0827 -0.9945
vn -0.7932 -0.6054 0.0664
vn -0.8026 -0.5838 -0.1227
vn 0.5579 -0.0022 0.8299
vn -0.7795 -0.5543 -0.2918
vn -0.6671 -0.1820 -0.7224
vn 0.1543 -0.0233 -0.9878
vn -0.7292 -0.5188 -0.4463
vn -0.6525 -0.4778 -0.5882
vn -0.5477 -0.4301 -0.7177
vn -0.4075 -0.3729 -0.8336
vn -0.7353 -0.6753 0.0579
vn -0.7402 -0.6612 -0.1221
vn -0.7155 -0.6375 -0.2859
vn -0.6646 -0.6038 -0.4402
vn -0.5888 -0.5613 -0.5817
vn -0.4897 -0.5105 -0.7068
vn -0.3602 -0.4496 -0.8174
vn -0.6536 -0.7553 0.0485
vn -0.6458 -0.7551 -0.1126
vn -0.6170 -0.7396 -0.2689
vn -0.5643 -0.7084 -0.4239
vn -0.4897 -0.6632 -0.5660
vn -0.4001 -0.6076 -0.6861
vn -0.2949 -0.5399 -0.7883
vn -0.1182 0.0315 -0.9925
vn 0.0719 0.0804 -0.9942
vn 0.2438 0.1135 -0.9632
vn 0.4037 0.1365 -0.9046
vn 0.5510 0.1538 -0.8202
vn 0.6930 0.1647 -0.7019
vn 0.8236 0.1694 -0.5413
vn -0.1064 -0.0078 -0.9943
vn 0.0857 0.0465 -0.9952
vn 0.2569 0.0871 -0.9625
vn 0.4133 0.1178 -0.9030
vn 0.5580 0.1413 -0.8177
vn 0.6964 0.1580 -0.7001
vn 0.8242 0.1671 -0.5410
vn -0.0996 -0.0297 -0.9946
vn 0.0930 0.0276 -0.9953
vn 0.2637 0.0720 -0.9619
vn 0.4183 0.1066 -0.9020
vn 0.5617 0.1337 -0.8165
vn 0.6982 0.1538 -0.6992
vn 0.8246 0.1656 -0.5410
vn -0.0954 -0.0426 -0.9945
vn 0.0972 0.0163 -0.9951
vn 0.2675 0.0629 -0.9615
vn 0.4211 0.0997 -0.9015
vn 0.5637 0.1289 -0.8159
vn 0.6992 0.1510 -0.6988
vn 0.8247 0.1646 -0.5410
vn -0.0928 -0.0507 -0.9944
vn 0.0997 0.0092 -0.9950
vn 0.2697 0.0570 -0.9612
vn 0.4227 0.0952 -0.9012
vn 0.5648 0.1257 -0.8156
vn 0.6997 0.1491 -0.6987
vn 0.8248 0.1639 -0.5412
vn -0.0912 -0.0560 -0.9943
vn 0.1012 0.0046 -0.9949
vn 0.2710 0.0532 -0.9611
vn 0.4236 0.0922 -0.9011
vn 0.5654 0.1235 -0.8155
vn 0.6999 0.1477 -0.6988
vn 0.8248 0.1634 -0.5413
vn -0.0901 -0.0596 -0.9941
vn 0.1022 0.0014 -0.9948
vn 0.2718 0.0505 -0.9610
vn 0.4242 0.0901 -0.9011
vn 0.5657 0.1219 -0.8155
vn 0.7000 0.1467 -0.6989
vn 0.8248 0.1630 -0.5415
vn 0.9822 0.1467 -0.1174
vn 0.9892 0.1208 0.0825
vn 0.9623 0.0894 0.2570
vn 0.9098 0.0529 0.4117
vn 0.8321 0.0099 0.5545
vn 0.7250 -0.0413 0.6875
vn 0.5791 -0.1031 0.8087
vn 0.9816 0.1495 -0.1191
vn 0.9889 0.1247 0.0807
vn 0.9623 0.0937 0.2555
vn 0.9100 0.0573 0.4107
vn 0.8326 0.0142 0.5538
vn 0.7254 -0.0372 0.6873
vn 0.5793 -0.0993 0.8090
vn 0.9811 0.1517 -0.1202
vn 0.9886 0.1277 0.0797
vn 0.9622 0.0971 0.2546
vn 0.9100 0.0609 0.4101
vn 0.8328 0.0179 0.5533
vn 0.7256 -0.0336 0.6873
vn 0.5793 -0.0960 0.8094
vn 0.9808 0.1534 -0.1208
vn 0.9883 0.1301 0.0791
vn 0.9620 0.0999 0.2541
vn 0.9100 0.0638 0.4097
vn 0.8329 0.0209 0.5531
vn 0.7257 -0.0307 0.6873
vn 0.5793 -0.0933 0.8097
vn 0.9805 0.1547 -0.1212
vn 0.9881 0.1319 0.0787
vn 0.9619 0.1020 0.2537
vn 0.9099 0.0661 0.4095
vn 0.8329 0.0232 0.5530
vn 0.7258 -0.0285 0.6873
vn 0.5793 -0.0911 0.8100
vn 0.9803 0.1556 -0.1215
vn 0.9880 0.1333 0.0784
vn 0.9618 0.1036 0.2535
vn 0.9098 0.0678 0.4094
vn 0.8329 0.0250 0.5529
vn 0.7258 -0.0267 0.6874
vn 0.5793 -0.0894 0.8102
vn 0.9802 0.1562 -0.1217
vn 0.9878 0.1343 0.0783
vn 0.9617 0.1048 0.2534
vn 0.9097 0.0691 0.4094
vn 0.8328 0.0264 0.5529
vn 0.7258 -0.0252 0.6874
vn 0.5792 -0.0880 0.8104
vn 0.1847 -0.2423 0.9525
vn -0.0063 -0.2992 0.9542
vn -0.1753 -0.3451 0.9220
vn -0.3277 -0.3830 0.8636
vn -0.4694 -0.4147 0.7795
vn -0.6048 -0.4402 0.6636
vn -0.7320 -0.4564 0.5059
vn 0.1836 -0.2392 0.9535
vn -0.0078 -0.2964 0.9550
vn -0.1770 -0.3426 0.9227
vn -0.3293 -0.3808 0.8640
vn -0.4708 -0.4129 0.7797
vn -0.6056 -0.4390 0.6637
vn -0.7319 -0.4563 0.5061
vn 0.1827 -0.2365 0.9543
vn -0.0090 -0.2940 0.9558
vn -0.1783 -0.3404 0.9232
vn -0.3305 -0.3789 0.8644
vn -0.4718 -0.4114 0.7799
vn -0.6062 -0.4381 0.6637
vn -0.7318 -0.4562 0.5063
vn 0.1821 -0.2343 0.9549
vn -0.0099 -0.2920 0.9564
vn -0.1793 -0.3387 0.9237
vn 0.4319 -0.8724 -0.2290
vn -0.1266 -0.5072 -0.8525
vn -0.7720 -0.5534 -0.3127
vn -0.7590 -0.6033 -0.2450
vn 0.9207 0.3876 -0.0458
vn -0.0091 -0.2511 -0.9679
vn 0.0874 -0.6111 -0.7867
vn -0.6370 -0.2371 -0.7335
vn 0.5876 0.3648 -0.7222
vn -0.6071 -0.4367 0.6639
vn -0.7318 -0.4560 0.5065
vn 0.1812 -0.2312 0.9559
vn -0.0110 -0.2892 0.9572
vn -0.1806 -0.3362 0.9243
vn -0.3327 -0.3753 0.8652
vn -0.4736 -0.4085 0.7803
vn -0.6074 -0.4362 0.6639
vn -0.7318 -0.4559 0.5065
vn 0.1810 -0.2300 0.9562
vn -0.0114 -0.2882 0.9575
vn -0.1810 -0.3353 0.9246
vn -0.3330 -0.3745 0.8653
vn -0.4739 -0.4079 0.7804
vn -0.6076 -0.4359 0.6640
vn -0.8964 -0.4361 0.0800
vn -0.9079 -0.4005 -0.1241
vn -0.8843 -0.3561 -0.3021
vn -0.8343 -0.3073 -0.4576
vn -0.7576 -0.2497 -0.6030
vn -0.6516 -0.1852 -0.7356
vn -0.5066 -0.1130 -0.8547
vn -0.8939 -0.4407 0.0823
vn -0.9046 -0.4089 -0.1201
vn -0.8806 -0.3693 -0.2968
vn -0.8304 -0.3251 -0.4525
vn -0.7539 -0.2742 -0.5971
vn -0.6474 -0.2165 -0.7307
vn -0.5014 -0.1502 -0.8521
vn -0.8921 -0.4440 0.0838
vn -0.9023 -0.4147 -0.1177
vn -0.8780 -0.3779 -0.2938
vn -0.8274 -0.3366 -0.4496
vn -0.7508 -0.2894 -0.5937
vn -0.6440 -0.2352 -0.7280
vn -0.4973 -0.1717 -0.8505
vn -0.8909 -0.4463 0.0847
vn -0.9007 -0.4187 -0.1162
vn -0.8761 -0.3838 -0.2919
vn -0.8252 -0.3442 -0.4478
vn -0.7485 -0.2991 -0.5918
vn -0.6414 -0.2468 -0.7264
vn -0.4943 -0.1848 -0.8494
vn -0.8900 -0.4480 0.0853
vn -0.8995 -0.4215 -0.1153
vn -0.8747 -0.3878 -0.2908
vn -0.8236 -0.3493 -0.4468
vn -0.7469 -0.3055 -0.5907
vn -0.6395 -0.2543 -0.7255
vn -0.4922 -0.1931 -0.8488
vn -0.8893 -0.4492 0.0856
vn -0.8986 -0.4235 -0.1147
vn -0.8737 -0.3906 -0.2901
vn -0.8225 -0.3529 -0.4461
vn -0.7456 -0.3098 -0.5899
vn -0.6382 -0.2594 -0.7249
vn -0.4907 -0.1986 -0.8484
vn -0.8889 -0.4500 0.0859
vn -0.8980 -0.4248 -0.1144
vn -0.8729 -0.3925 -0.2896
vn -0.8217 -0.3554 -0.4456
vn -0.7448 -0.3128 -0.5895
vn -0.6372 -0.2628 -0.7245
vn -0.4897 -0.2024 -0.8481
vn -0.8231 -0.0994 -0.5591
vn -0.7537 -0.0561 -0.6548
vn 0.1081 0.0681 -0.9918
vn -0.4638 -0.0165 -0.8858
vn -0.8896 -0.1141 -0.4422
vn -0.3315 -0.3774 0.8647
vn -0.4732 -0.4092 0.7802
vn -0.4726 -0.4102 0.7800
vn -0.6067 -0.4373 0.6638
vn -0.7318 -0.4561 0.5064
vn 0.1816 -0.2326 0.9555
vn -0.0105 -0.2904 0.9568
vn -0.1800 -0.3373 0.9240
vn -0.3321 -0.3762 0.8650
vn -0.2172 0.4568 -0.8626
vn -0.5852 0.2843 -0.7594
vn 0.1907 0.1994 -0.9612
vn 0.8172 0.1821 -0.5469
vn -0.2701 0.5963 -0.7560
vn 0.5472 0.1105 -0.8297
vn 0.8110 0.1847 -0.5552
vn -0.1740 0.2465 -0.9534
vn -0.0138 0.2636 -0.9645
vn 0.1576 0.2498 -0.9554
vn 0.3431 0.2264 -0.9116
vn 0.5045 0.2104 -0.8374
vn 0.6735 0.1903 -0.7143
vn 0.9896 0.1069 0.0966
vn 0.8045 0.1705 -0.5690
vn 0.0632 0.5240 -0.8494
vn 0.1486 0.1307 -0.9802
vn 0.7211 -0.0546 0.6907
vn 0.9860 0.1335 -0.0995
vn 0.9854 0.1359 -0.1021
vn 0.8141 0.0054 0.5807
vn -0.3400 0.6425 -0.6867
vn 0.9580 0.0707 0.2778
vn 0.9878 0.1267 -0.0908
vn -0.7826 0.1585 -0.6020
vn -0.8459 -0.3697 -0.3844
vn -0.7533 0.0093 -0.6577
vn 0.5694 0.1695 -0.8044
vn 0.9595 0.0721 0.2722
vn -0.0872 0.4071 -0.9092
vn 0.8000 0.1283 -0.5861
vn 0.7149 -0.0556 0.6970
vn -0.6298 -0.1571 -0.7608
vn 0.9894 0.1039 0.1015
vn 0.8257 -0.0068 0.5641
vn -0.0274 0.3610 -0.9322
vn 0.0350 0.3988 -0.9164
vn 0.9539 0.0747 0.2907
vn -0.2238 0.4998 -0.8367
vn 0.8953 0.0431 0.4433
vn 0.8203 0.1772 -0.5438
vn 0.5768 -0.1149 0.8088
vn 0.9842 0.1395 -0.1095
vn 0.9897 0.1113 0.0901
vn 0.9615 0.0791 0.2633
vn 0.9083 0.0427 0.4161
vn 0.8301 -0.0001 0.5577
vn 0.7230 -0.0506 0.6890
vn 0.5780 -0.1115 0.8084
vn -0.4113 0.0450 -0.9104
vn -0.3694 0.1553 -0.9162
vn 0.8073 0.1836 -0.5608
vn 0.9869 0.1075 0.1203
vn -0.8711 -0.3397 -0.3546
vn 0.0130 -0.2926 0.9561
vn 0.5613 0.1438 -0.8150
vn 0.8110 0.0167 0.5848
vn -0.4404 -0.4265 0.7900
vn 0.9884 0.1245 -0.0872
vn 0.1402 0.1008 -0.9850
vn 0.1921 -0.2430 0.9508
vn 0.9515 0.0838 0.2961
vn -0.8774 -0.0389 -0.4781
vn 0.7185 -0.0568 0.6932
vn 0.7094 -0.0502 0.7030
vn 0.9878 0.1034 0.1163
vn -0.7200 -0.4761 0.5050
vn 0.7066 -0.0415 0.7064
vn -0.5544 0.4221 -0.7173
vn -0.1579 -0.3535 0.9220
vn 0.8021 0.1513 -0.5778
vn -0.4514 -0.4275 0.7833
vn 0.4361 0.2538 -0.8634
vn 0.0048 -0.3086 0.9512
vn -0.1625 -0.3557 0.9204
vn -0.3159 -0.3953 0.8625
vn -0.4609 -0.4284 0.7772
vn -0.6003 -0.4532 0.6590
vn -0.7317 -0.4655 0.4979
vn 0.1898 -0.2513 0.9491
vn 0.0014 -0.3080 0.9514
vn -0.1664 -0.3540 0.9203
vn -0.3186 -0.3920 0.8630
vn -0.4603 -0.4239 0.7800
vn -0.5988 -0.4485 0.6636
vn -0.7319 -0.4610 0.5018
vn 0.1878 -0.2488 0.9502
vn -0.0017 -0.3054 0.9522
vn -0.1700 -0.3512 0.9207
vn -0.3227 -0.3889 0.8629
vn -0.4647 -0.4200 0.7795
vn -0.6016 -0.4443 0.6638
vn -0.7314 -0.4580 0.5053
vn -0.8829 -0.4689 -0.0249
vn 0.9044 0.0349 0.4253
vn 0.5748 -0.1162 0.8100
vn -0.2513 0.1162 -0.9609
vn 0.0422 0.2921 -0.9555
vn -0.0056 0.2412 -0.9705
vn 0.1945 -0.2328 0.9529
vn -0.3157 0.2010 -0.9273
vn 0.9068 0.0380 0.4199
vn 0.0166 -0.2858 0.9581
vn -0.1458 -0.3384 0.9297
vn -0.1542 -0.3489 0.9244
vn -0.4337 -0.4262 0.7939
vn -0.1504 -0.3433 0.9271
vn 0.8921 0.0539 0.4486
vn -0.2938 -0.3846 0.8751
vn 0.6504 0.2070 -0.7309
vn -0.2995 -0.3874 0.8719
vn -0.5705 -0.4632 0.6782
vn 0.8281 -0.0046 0.5606
vn 0.1976 -0.2248 0.9542
vn 0.0104 -0.2999 0.9539
vn -0.4304 0.0033 -0.9026
vn -0.1245 0.4469 -0.8859
vn -0.7127 -0.4840 0.5077
vn -0.0132 0.4866 -0.8735
vn 0.6163 0.2124 -0.7583
vn 0.2123 0.3357 -0.9178
vn -0.7041 -0.4918 0.5123
vn 0.5841 0.1960 -0.7877
vn -0.7256 -0.4686 0.5039
vn 0.1933 -0.2484 0.9492
vn 0.9896 0.1011 0.1025
vn -0.5848 -0.4574 0.6699
vn 0.0079 -0.3058 0.9521
vn 0.5652 -0.1083 0.8178
vn 0.9039 0.0346 0.4264
vn -0.5906 -0.4541 0.6670
vn -0.8950 -0.4457 -0.0184
vn 0.1342 0.3569 -0.9244
vn -0.2553 0.6346 -0.7295
vn -0.6992 -0.1292 -0.7032
vn -0.3088 -0.3938 0.8658
vn 0.9895 0.1037 0.1007
vn 0.5657 -0.0866 0.8200
vn 0.8182 -0.0031 0.5749
vn 0.8997 0.0361 0.4350
vn 0.9870 0.1307 -0.0939
vn 0.5666 -0.0975 0.8182
vn 0.1918 -0.2516 0.9486
vn 0.9859 0.1345 -0.0996
vn -0.3043 -0.3909 0.8686
vn -0.4462 -0.4273 0.7863
vn 0.8231 -0.0072 0.5678
vn 0.7046 -0.0298 0.7089
vn 0.3179 0.2638 -0.9107
vn -0.8010 -0.0735 -0.5941
vn 0.9604 0.0743 0.2685
vn 0.5722 -0.1139 0.8122
vn 0.9590 0.0698 0.2747
vn -0.7208 0.1420 -0.6785
vn -0.5782 -0.4602 0.6738
vn -0.5186 0.5039 -0.6908
vn 0.2172 -0.9742 0.0613
vn 0.2977 -0.9477 -0.1149
vn 0.3669 -0.8850 -0.2868
vn 0.4225 -0.7871 -0.4494
vn 0.4624 -0.6548 -0.5978
vn 0.1865 -0.8585 0.4777
vn 0.2880 -0.9042 0.3155
vn 0.3807 -0.9132 0.1452
vn 0.4620 -0.8864 -0.0286
vn 0.1274 -0.9631 0.2370
vn 0.0304 -0.9129 0.4071
vn 0.5290 -0.8248 -0.1996
vn 0.5794 -0.7303 -0.3619
vn 0.2982 -0.6840 -0.6657
vn 0.6115 -0.6046 -0.5105
vn 0.2516 -0.8135 -0.5243
vn 0.3277 -0.7827 0.5291
vn 0.4332 -0.8155 0.3837
vn 0.5286 -0.8179 0.2271
vn 0.1920 -0.9104 -0.3665
vn 0.6100 -0.7901 0.0597
vn 0.6728 -0.7319 -0.1081
vn 0.7131 -0.6484 -0.2666
vn 0.7331 -0.5403 -0.4131
vn 0.1219 -0.9728 -0.1968
vn 0.4541 -0.6900 0.5636
vn 0.5606 -0.6993 0.4436
vn 0.0437 -0.9988 -0.0214
vn -0.7622 0.4850 -0.4287
vn 0.6560 -0.6903 0.3052
vn 0.7369 -0.6596 0.1476
vn 0.7939 -0.6079 -0.0150
vn 0.8235 -0.5420 -0.1673
vn -0.4870 0.8692 -0.0852
vn 0.8296 -0.4653 -0.3087
vn -0.3779 -0.8769 -0.2970
vn -0.4462 0.8585 0.2526
vn -0.4031 0.9062 0.1278
vn -0.0397 -0.9873 0.1536
vn -0.3517 0.9361 0.0033
vn -0.2893 0.9491 -0.1246
vn -0.7250 0.0545 -0.6866
vn -0.9225 -0.3322 -0.1963
vn -0.2168 0.9436 -0.2501
vn -0.1265 -0.9379 0.3232
vn 0.1354 -0.6918 -0.7092
vn 0.0770 -0.8098 -0.5817
vn -0.5655 0.8003 0.1992
vn -0.4980 0.4311 -0.7524
vn -0.5334 0.8444 0.0498
vn -0.4272 0.8787 -0.2132
vn -0.2668 0.8556 -0.4437
vn 0.0106 -0.9000 -0.4358
vn -0.1578 -0.4157 -0.8957
vn -0.8530 -0.1611 -0.4964
vn -0.6686 0.7300 0.1415
vn -0.5945 0.7885 -0.1577
vn -0.9162 -0.3179 -0.2440
vn -0.0606 -0.9604 -0.2720
vn -0.1335 -0.9860 -0.1001
vn -0.2026 -0.9768 0.0697
vn -0.7635 0.6407 0.0809
vn -0.5545 0.3005 -0.7760
vn -0.9838 -0.0896 0.1552
vn -0.2696 -0.9340 0.2343
vn -0.7293 0.6796 -0.0795
vn -0.5504 0.7011 -0.4532
vn -0.8435 0.5366 0.0225
vn -0.3475 0.6533 -0.6726
vn 0.7080 0.2102 -0.6743
vn -0.7575 0.5949 -0.2688
vn -0.0240 -0.6815 -0.7314
vn -0.6977 0.6024 -0.3877
vn -0.5399 0.5826 -0.6075
vn 0.5628 0.0463 -0.8253
vn 0.5107 0.7543 -0.4126
vn -0.6898 0.4813 -0.5409
vn 0.7040 0.6156 -0.3541
vn -0.0981 -0.7756 -0.6235
vn -0.5664 0.1468 -0.8110
vn -0.1723 -0.8528 -0.4930
vn -0.8773 0.3352 -0.3435
vn -0.8170 0.3393 -0.4663
vn -0.1607 0.8209 -0.5480
vn 0.3875 0.8110 -0.4384
vn -0.2452 -0.9086 -0.3380
vn -0.6821 0.6980 -0.2182
vn 0.6179 0.6866 -0.3833
vn 0.8217 0.4828 -0.3029
vn -0.8068 0.5753 -0.1349
vn -0.2908 -0.2167 -0.9319
vn -0.3705 0.7780 -0.5073
vn -0.2781 0.8042 0.5253
vn -0.3566 0.3939 -0.8472
vn -0.1965 0.7550 0.6256
vn -0.9207 0.3240 -0.2176
vn -0.1102 0.6885 0.7168
vn -0.0252 0.6095 0.7924
vn 0.0521 0.5257 0.8491
vn 0.1192 0.4420 0.8891
vn 0.1796 0.3558 0.9171
vn -0.9536 -0.2077 0.2181
vn -0.9113 -0.3126 0.2680
vn -0.8316 -0.4536 0.3206
vn -0.6556 0.3220 -0.6830
vn -0.3099 -0.9351 -0.1721
vn -0.3936 -0.0452 -0.9182
vn 0.3361 -0.9371 0.0938
vn -0.0468 0.6380 -0.7686
vn -0.9958 0.0310 0.0859
vn -0.8672 -0.3961 0.3019
vn 0.2583 0.8510 -0.4572
vn -0.3606 -0.9326 -0.0114
vn -0.2925 0.5170 -0.8044
vn -0.8689 0.4609 -0.1805
vn -0.3988 -0.9059 0.1425
vn -0.5028 0.0745 -0.8612
vn -0.9034 0.4276 -0.0316
vn 0.3423 -0.2148 -0.9147
vn -0.6479 -0.0383 -0.7608
vn -0.6234 0.7040 -0.3402
vn -0.5355 0.7956 -0.2834
vn -0.4297 0.5467 -0.7186
vn -0.8073 -0.4898 0.3292
vn 0.0240 -0.6514 -0.7584
vn -0.0602 0.8827 -0.4661
vn -0.6263 0.5988 -0.4992
vn -0.7590 -0.1436 -0.6351
vn -0.8420 -0.2377 -0.4843
vn -0.8933 -0.3073 -0.3280
vn -0.9170 -0.3725 -0.1430
vn -0.9035 -0.4229 0.0695
vn -0.4498 0.2724 -0.8505
vn -0.4621 0.6867 -0.5612
vn -0.6078 0.1138 -0.7859
vn -0.4610 0.7920 -0.4002
vn -0.2541 0.7474 -0.6139
vn -0.6829 0.1220 -0.7203
vn -0.7396 -0.0399 -0.6718
vn -0.9108 -0.4107 0.0429
vn 0.1098 -0.9721 -0.2074
vn 0.2737 -0.8878 -0.3700
vn -0.4926 0.3274 -0.8063
vn -0.8979 -0.3197 -0.3026
vn -0.4415 -0.8892 -0.1200
vn -0.7860 -0.1277 -0.6049
vn -0.8397 -0.1725 -0.5149
vn -0.8949 -0.2649 -0.3591
vn 0.4120 0.3548 0.8393
vn -0.9213 -0.3529 -0.1636
vn -0.9052 -0.4249 -0.0008
vn -0.9075 -0.4161 0.0571
vn -0.6045 0.4657 -0.6463
vn -0.0719 0.5807 -0.8109
vn -0.3196 0.5092 -0.7991
vn -0.9105 -0.4129 0.0223
vn -0.8218 0.4781 -0.3099
vn -0.8091 -0.0542 -0.5851
vn -0.7417 0.3347 -0.5812
vn -0.1417 0.9214 -0.3617
vn -0.3528 0.8740 -0.3341
vn -0.8847 -0.2138 -0.4142
vn 0.8089 0.3263 -0.4891
vn -0.9482 0.3069 -0.0822
vn 0.7695 0.5483 -0.3274
vn -0.0285 -0.6185 -0.7853
vn -0.1460 0.6559 -0.7406
vn -0.5680 0.2641 -0.7795
vn -0.6400 0.7682 -0.0179
vn 0.9256 0.1667 -0.3397
vn -0.7796 -0.5383 0.3200
vn -0.7842 -0.5417 0.3025
vn 0.9412 0.2163 -0.2594
vn -0.8009 -0.5251 0.2877
vn -0.7917 -0.5355 0.2940
vn 0.5381 0.0604 -0.8407
vn -0.7862 -0.5224 0.3302
vn 0.9265 0.1597 -0.3407
vn 0.2970 -0.3514 -0.8879
vn 0.9290 0.1421 -0.3418
vn 0.9328 0.1093 -0.3435
vn 0.8815 0.4688 -0.0567
vn 0.9367 0.0572 -0.3453
vn 0.9274 0.2722 -0.2566
vn 0.9381 -0.0130 -0.3462
vn 0.9333 -0.0993 -0.3450
vn 0.9196 -0.1959 -0.3405
vn 0.3907 -0.1651 0.9056
vn 0.9490 0.0960 0.3004
vn 0.3948 -0.1810 0.9008
vn 0.4021 -0.2111 0.8909
vn 0.4128 -0.2586 0.8733
vn 0.4254 -0.3216 0.8459
vn 0.4381 -0.3969 0.8066
vn 0.4485 -0.4787 0.7548
vn 0.8581 0.4949 0.1371
vn -0.8294 -0.4690 0.3035
vn -0.8213 -0.4849 0.3005
vn -0.8058 -0.5137 0.2947
vn 0.8091 0.0296 0.5869
vn 0.3240 0.0901 0.9418
vn -0.7795 -0.5579 0.2848
vn -0.7409 -0.6149 0.2703
vn -0.6884 -0.6807 0.2505
vn -0.7512 -0.6339 -0.1840
vn -0.6229 -0.7490 0.2260
vn -0.1523 -0.4664 -0.8713
vn -0.1938 -0.3832 -0.9031
vn -0.8164 -0.1356 -0.5614
vn -0.2289 -0.3064 -0.9240
vn -0.2563 -0.2420 -0.9358
vn -0.2759 -0.1929 -0.9416
vn -0.2881 -0.1610 -0.9440
vn -0.5862 -0.6511 -0.4821
vn -0.2948 -0.1428 -0.9448
vn -0.0891 -0.0630 -0.9940
vn 0.1031 -0.0017 -0.9947
vn 0.3948 -0.3778 -0.8375
vn 0.2725 0.0478 -0.9610
vn 0.9026 0.3397 -0.2645
vn 0.4247 0.0877 -0.9011
vn -0.3346 -0.1406 -0.9318
vn 0.5661 0.1199 -0.8156
vn 0.7003 0.1451 -0.6990
vn 0.8249 0.1617 -0.5417
vn -0.8075 -0.5843 0.0805
vn 0.9273 0.1639 -0.3366
vn 0.9267 0.1648 -0.3378
vn 0.9263 0.1655 -0.3386
vn 0.9260 0.1660 -0.3391
vn 0.8030 0.1028 -0.5870
vn 0.9258 0.1664 -0.3394
vn -0.4995 -0.0786 -0.8627
vn 0.9255 0.1669 -0.3400
vn 0.9802 0.1558 -0.1219
vn 0.9879 0.1341 0.0781
vn 0.9617 0.1049 0.2532
vn 0.9098 0.0693 0.4092
vn 0.8329 0.0267 0.5527
vn 0.7259 -0.0249 0.6873
vn 0.5794 -0.0877 0.8103
vn 0.3907 -0.1739 0.9039
vn 0.3903 -0.1705 0.9048
vn 0.3899 -0.1675 0.9055
vn 0.3896 -0.1650 0.9061
vn 0.3894 -0.1630 0.9065
vn 0.3893 -0.1614 0.9069
vn 0.3891 -0.1601 0.9072
vn 0.1810 -0.2299 0.9562
vn -0.1810 -0.3354 0.9245
vn -0.3330 -0.3747 0.8653
vn -0.4739 -0.4082 0.7803
vn -0.6074 -0.4364 0.6638
vn -0.7315 -0.4566 0.5064
vn -0.8370 -0.4564 0.3018
vn -0.8356 -0.4583 0.3029
vn -0.8346 -0.4596 0.3036
vn -0.8339 -0.4606 0.3040
vn -0.8335 -0.4612 0.3043
vn -0.8332 -0.4617 0.3045
vn -0.8329 -0.4620 0.3046
vn -0.8882 -0.4514 0.0859
vn -0.8972 -0.4267 -0.1142
vn -0.8720 -0.3948 -0.2894
vn -0.8207 -0.3579 -0.4454
vn -0.7438 -0.3158 -0.5892
vn -0.6362 -0.2660 -0.7242
vn -0.4886 -0.2058 -0.8479
vn -0.2986 -0.1313 -0.9453
vn -0.2997 -0.1275 -0.9455
vn -0.3012 -0.1218 -0.9457
vn -0.3035 -0.1132 -0.9461
vn -0.3070 -0.0993 -0.9465
vn -0.3122 -0.0760 -0.9470
vn -0.3196 -0.0340 -0.9469
vn 0.8896 0.0671 0.4519
vn 0.3906 -0.1104 0.9139
vn -0.2218 -0.4596 -0.8600
vn 0.9417 0.1238 -0.3128
vn -0.1391 0.1062 -0.9846
vn 0.0443 0.1443 -0.9885
vn 0.2166 0.1618 -0.9628
vn 0.3846 0.1687 -0.9075
vn 0.5367 0.1747 -0.8255
vn 0.8223 0.1727 -0.5421
vn 0.6863 0.1752 -0.7059
vn 0.7040 -0.0177 0.7100
vn -0.3465 -0.1049 -0.9322
vn 0.1730 -0.6183 -0.7667
vn 0.2855 0.1722 0.9428
vn 0.0483 0.1583 0.9862
vn -0.7187 -0.1495 -0.6790
vn -0.7802 -0.5423 0.3119
vn 0.9852 0.1167 0.1253
vn 0.0666 -0.0045 -0.9978
vn -0.6300 -0.3195 0.7078
vn 0.3521 0.0210 0.9357
vn 0.5525 0.4192 0.7204
vn -0.2251 -0.5633 -0.7950
vn 0.6611 0.4621 0.5911
vn -0.8631 -0.1660 -0.4770
vn 0.9464 0.1774 -0.2699
vn -0.1224 0.0542 0.9910
vn -0.2708 -0.0431 0.9617
vn 0.3928 -0.1327 0.9100
vn 0.3715 -0.0348 0.9278
vn -0.4017 -0.1354 0.9057
vn -0.7818 -0.5315 0.3260
vn -0.3144 -0.2100 -0.9258
vn -0.5206 -0.2264 0.8232
vn 0.8108 0.4995 0.3049
vn 0.5666 -0.0755 0.8205
vn -0.7263 -0.4159 0.5473
vn 0.9470 0.1520 -0.2831
vn 0.9452 0.1340 -0.2976
vn 0.3839 -0.0781 0.9201
vn 0.9885 0.1274 -0.0819
vn -0.2401 -0.3754 -0.8952
vn 0.7454 0.4882 0.4539
vn -0.2773 -0.2931 -0.9150
vn -0.1883 -0.5736 -0.7972
vn -0.1730 -0.3480 0.9214
vn 0.3918 -0.1844 0.9014
vn -0.6036 -0.4418 0.6637
vn 0.9298 0.1617 -0.3307
vn -0.4675 -0.4170 0.7795
vn 0.3910 -0.1817 0.9023
vn -0.3256 -0.3857 0.8633
vn 0.9321 0.1622 -0.3240
vn -0.0043 -0.3022 0.9532
vn 0.9351 0.1323 -0.3287
vn 0.3844 -0.1769 0.9060
vn 0.9303 0.1618 -0.3293
vn 0.3900 -0.1558 0.9075
vn 0.0208 -0.2797 0.9599
vn 0.3892 -0.1646 0.9063
vn 0.9330 0.1559 -0.3244
vn 0.1860 -0.2456 0.9514
vn -0.5626 -0.4662 0.6827
vn 0.3915 -0.1812 0.9021
vn -0.7320 -0.4567 0.5056
vn 0.9830 0.1433 -0.1144
vn 0.9895 0.1163 0.0855
vn 0.9340 0.1433 -0.3273
vn 0.9620 0.0844 0.2595
vn 0.3918 -0.1840 0.9015
vn -0.6954 -0.4987 0.5174
vn 0.9317 0.1606 -0.3258
vn 0.9093 0.0479 0.4134
vn 0.8313 0.0050 0.5557
vn 0.7242 -0.0459 0.6880
vn 0.5787 -0.1073 0.8084
vn -0.2877 -0.3824 0.8781
vn 0.2007 -0.2169 0.9554
vn -0.4267 -0.4264 0.7976
vn -0.1406 -0.3341 0.9320
vn -0.3467 -0.7691 -0.5370
vn -0.4204 -0.8191 -0.3904
vn -0.2657 -0.7055 -0.6571
vn -0.0195 0.0495 -0.9986
vn -0.4777 -0.8475 -0.2313
vn -0.1861 -0.6355 -0.7493
vn -0.3832 0.0854 -0.9197
vn -0.5140 -0.8543 -0.0777
vn -0.5334 -0.8437 0.0607
vn -0.4474 -0.8451 0.2925
vn -0.3426 -0.8571 0.3847
vn -0.2150 -0.8519 0.4776
vn -0.0681 -0.8249 0.5611
vn 0.0831 -0.7764 0.6247
vn 0.2227 -0.7141 0.6636
vn -0.2233 0.5979 -0.7699
vn 0.3430 -0.6453 0.6826
vn 0.5627 -0.5667 0.6019
vn 0.6610 -0.5572 0.5026
vn 0.7552 -0.5357 0.3778
vn -0.2142 0.6174 -0.7569
vn 0.8340 -0.5017 0.2297
vn -0.1693 0.6952 -0.6986
vn 0.8864 -0.4571 0.0730
vn 0.9098 -0.4081 -0.0753
vn 0.9105 -0.3582 -0.2064
vn 0.8252 -0.3564 -0.4381
vn 0.0151 0.9638 -0.2663
vn -0.3280 0.1948 -0.9244
vn 0.7395 -0.4046 -0.5379
vn 0.6253 -0.4519 -0.6362
vn 0.4834 -0.4949 -0.7221
vn 0.3269 -0.5274 -0.7842
vn 0.1739 -0.5478 -0.8183
vn 0.0342 -0.5565 -0.8301
vn -0.5108 -0.0462 -0.8585
vn -0.6545 -0.1313 -0.7446
vn 0.1434 0.1951 -0.9702
vn -0.0485 0.9878 -0.1482
vn 0.0670 0.1919 -0.9791
vn -0.2908 0.4202 -0.8595
vn -0.1186 0.9928 -0.0185
vn -0.7609 -0.2094 -0.6142
vn -0.8389 -0.2797 -0.4670
vn -0.8264 -0.4030 -0.3932
vn -0.1870 0.9763 0.1087
vn -0.2483 0.9425 0.2238
vn -0.3020 0.8964 0.3243
vn -0.4655 0.7915 0.3960
vn -0.8888 -0.3362 -0.3114
vn -0.9121 -0.3885 -0.1310
vn -0.5715 0.7353 0.3644
vn -0.6756 0.6627 0.3231
vn -0.7767 0.5698 0.2684
vn -0.8605 0.4665 0.2045
vn -0.3301 0.3681 -0.8692
vn -0.8374 -0.4711 0.2772
vn -0.1943 0.0562 -0.9793
vn -0.8298 -0.4857 0.2748
vn -0.8433 -0.4542 0.2871
vn -0.8437 -0.4523 0.2892
vn -0.8997 -0.4299 0.0761
vn -0.8420 -0.4598 0.2823
vn -0.5849 -0.2013 -0.7857
vn -0.8405 -0.4529 0.2975
vn -0.8203 -0.5003 0.2773
vn -0.8712 -0.4904 -0.0227
vn 0.0725 0.9260 -0.3704
vn -0.9594 0.1524 -0.2373
vn 0.0530 0.8273 -0.5592
vn -0.5836 0.1225 -0.8027
vn -0.4237 0.2380 -0.8740
vn -0.1093 0.6901 -0.7154
vn -0.9177 0.1516 -0.3671
vn -0.8541 0.1483 -0.4985
vn -0.7718 0.1422 -0.6198
vn 0.9256 0.1661 -0.3402
vn -0.6789 0.1326 -0.7221
vn -0.9821 0.1513 -0.1126
vn 0.3892 -0.1599 0.9071
vn -0.8324 -0.4631 0.3045
vn -0.0253 0.7678 -0.6402
vn -0.2975 -0.1348 -0.9451
vn -0.9634 0.2567 0.0767
vn -0.3627 0.3559 -0.8613
vn -0.2874 0.4759 -0.8312
vn -0.1999 0.5900 -0.7823
vn -0.9221 0.3609 0.1394
vn 0.9282 0.1629 -0.3344
vn 0.2360 0.2643 0.9351
vn 0.3911 -0.1776 0.9030
vn -0.7939 -0.5095 0.3320
vn -0.8388 -0.4543 0.3002
vn 0.8683 0.4131 -0.2747
vn -0.3281 0.0456 -0.9435
vn -0.8105 -0.5131 0.2824
vn -0.2264 -0.8277 -0.5134
vn 0.8940 -0.3014 -0.3316
vn 0.3918 -0.1464 0.9083
vn -0.3755 -0.0742 -0.9238
vn 0.9377 0.1243 -0.3246
vn 0.4550 -0.5646 0.6887
vn -0.5428 -0.8166 0.1961
vn -0.1045 -0.5537 -0.8261
vn 0.1278 0.8751 -0.4667
vn -0.3525 0.8374 0.4177
vn -0.9886 0.1495 0.0152
vn -0.4768 0.1136 -0.8716
s 1
f 1576//1574 1447//1445 1449//1447
f 2443//2440 1420//1418 1432//1430
f 2551//2548 1499//1497 2667//2663
f 337//337 1057//1056 359//359
f 2500//2497 1690//1688 1691//1689
f 1971//1969 1717//1715 1676//1674
f 2643//2639 2555//2552 1571//1569
f 1099//1098 4//4 1024//1023
f 2238//2235 2204//2201 2355//2352
f 1024//1023 6//6 293//293
f 1665//1663 1660//1658 1643//1641
f 1634//1632 1401//1399 1448//1446
f 1644//1642 1809//1807 1580//1578
f 1432//1430 1420//1418 1465//1463
f 1561//1559 1922//1920 1463//1461
f 2234//2231 2294//2291 2329//2326
f 1565//1563 2497//2494 2463//2460
f 1575//1573 1933//1931 1569//1567
f 1633//1631 1725//1723 1658//1656
f 1105//1104 239//239 236//236
f 1137//1136 357//357 1142//1141
f 107//107 307//307 867//866
f 1587//1585 1694//1692 1696//1694
f 248//248 852//851 376//376
f 2261//2258 2252//2249 2650//2646
f 1338//1336 1071//1070 115//115
f 2263//2260 2234//2231 2346//2343
f 1416//1414 2794//2790 1595//1593
f 876//875 869//868 342//342
f 208//208 244//244 1052//1051
f 85//85 1180//1179 598//598
f 2440//2437 1449//1447 1447//1445
f 195//195 24//24 197//197
f 1629//1627 1579//1577 2649//2645
f 2672//2668 2662//2658 1673//1671
f 349//349 346//346 351//351
f 2556//2553 2646//2642 1654//1652
f 2712//2708 1695//1693 1713//1711
f 573//573 385//385 581//581
f 2270//2267 2255//2252 2205//2202
f 2711//2707 1468//1466 1699//1697
f 340//340 338//338 346//346
f 1643//1641 1655//1653 1657//1655
f 1707//1705 1610//1608 1667//1665
f 1725//1723 2663//2659 2666//2662
f 2695//2691 1699//1697 1700//1698
f 1662//1660 1657//1655 1725//1723
f 832//831 341//341 831//830
f 918//917 884//883 573//573
f 261//261 227//227 1307//1305
f 1562//1560 1426//1424 1566//1564
f 1601//1599 1707//1705 1674//1672
f 1914//1912 1668//1666 1415//1413
f 320//320 319//319 330//330
f 100//100 331//331 918//917
f 124//124 1036//1035 129//129
f 1486//1484 1480//1478 1430//1428
f 1132//1131 234//234 217//217
f 1289//1287 571//571 295//295
f 284//284 238//238 135//135
f 1602//1600 212//212 201//201
f 1070//1069 1110//1109 571//571
f 275//275 309//309 1090//1089
f 847//846 1138//1137 846//845
f 1091//1090 227//227 1089//1088
f 305//305 303//303 313//313
f 331//331 1040//1039 884//883
f 1433//1431 1542//1540 1543//1541
f 237//237 1164//1163 57//57
f 1700//1698 1715//1713 2530//2527
f 2262//2259 2353//2350 2187//2184
f 284//284 77//77 238//238
f 2444//2441 1486//1484 1429//1427
f 1952//1950 1469//1467 1558//1556
f 363//363 1128//1127 919//918
f 1960//1958 1569//1567 1811//1809
f 1045//1044 1141//1140 278//278
f 1121//1120 1383//1381 1124//1123
f 1120//1119 1121//1120 303//303
f 1119//1118 1120//1119 305//305
f 1118//1117 1119//1118 306//306
f 200//200 233//233 1395//1393
f 1111//1110 1112//1111 310//310
f 1888//1886 1594//1592 1600//1598
f 2581//2578 2479//2476 1890//1888
f 40//40 3//3 20//20
f 325//325 38//38 871//870
f 2422//2419 2491//2488 2447//2444
f 1712//1710 1702//1700 1687//1685
f 850//849 491//491 1094//1093
f 2346//2343 2329//2326 2339//2336
f 202//202 1380//1378 58//58
f 1689//1687 1860//1858 1401//1399
f 342//342 866//865 335//335
f 121//121 1127//1126 363//363
f 65//65 121//121 1290//1288
f 378//378 1010//1009 358//358
f 35//35 558//558 331//331
f 2188//2185 2189//2186 2588//2585
f 1111//1110 387//387 194//194
f 1573//1571 1584//1582 1428//1426
f 1702//1700 1601//1599 1680//1678
f 1041//1040 271//271 1164//1163
f 344//344 1394//1392 350//350
f 2689//2685 2206//2203 2251//2248
f 129//129 463//463 85//85
f 877//876 345//345 348//348
f 1427//1425 1859//1857 1619//1617
f 2652//2648 1554//1552 1555//1553
f 1399//1397 999//998 998//997
f 258//258 12//12 8//8
f 1323//1321 315//315 849//848
f 1081//1080 1001//1000 1083//1082
f 274//274 270//270 269//269
f 1380//1378 1076//1075 1892//1890
f 1275//1273 1140//1139 83//83
f 1016//1015 1045//1044 1023//1022
f 114//114 48//48 897//896
f 1609//1607 1659//1657 2532//2529
f 328//328 1309//1307 926//925
f 1631//1629 2652//2648 2669//2665
f 379//379 1348//1346 246//246
f 1219//1218 22//22 27//27
f 1449//1447 2817//2813 2780//2776
f 1424//1422 1422//1420 1599//1597
f 576//576 90//90 52//52
f 1050//1049 1053//1052 1005//1004
f 1568//1566 1605//1603 1894//1892
f 1009//1008 356//356 362//362
f 34//34 1224//1223 325//325
f 1075//1074 840//839 1150//1149
f 250//250 1081//1080 1011//1010
f 1042//1041 354//354 343//343
f 2664//2660 2532//2529 1635//1633
f 270//270 1092//1091 1093//1092
f 1383//1381 1092//1091 270//270
f 1124//1123 270//270 274//274
f 2497//2494 1431//1429 1897//1895
f 516//516 119//119 514//514
f 1688//1686 1681//1679 1412//1410
f 1036//1035 1363//1361 463//463
f 2216//2213 2249//2246 2315//2312
f 1488//1486 223//223 1055//1054
f 1422//1420 1595//1593 1588//1586
f 2251//2248 2322//2319 2227//2224
f 1144//1143 1055//1054 1006//1005
f 1381//1379 1053//1052 1050//1049
f 1040//1039 1176//1175 884//883
f 244//244 1199//1198 1052//1051
f 324//324 32//32 872//871
f 1126//1125 208//208 1379//1377
f 273//273 458//458 829//828
f 2//2 34//34 33//33
f 881//880 885//884 1032//1031
f 32//32 325//325 871//870
f 890//889 834//833 1327//1325
f 1308//1306 48//48 114//114
f 861//860 1224//1223 34//34
f 829//828 219//219 1053//1052
f 222//222 1101//1100 375//375
f 121//121 261//261 1127//1126
f 375//375 248//248 1109//1108
f 1109//1108 376//376 1123//1122
f 567//567 31//31 316//316
f 113//113 334//334 877//876
f 1097//1096 855//854 1130//1129
f 81//81 877//876 333//333
f 573//573 828//827 385//385
f 277//277 323//323 1336//1334
f 1023//1022 1034//1033 1030//1029
f 1728//1726 1727//1725 1611//1609
f 80//80 82//82 301//301
f 29//29 264//264 43//43
f 311//311 95//95 15//15
f 847//846 43//43 1138//1137
f 1434//1432 1424//1422 1417//1415
f 1606//1604 1634//1632 1469//1467
f 2491//2488 2516//2513 2407//2404
f 846//845 1138//1137 1069//1068
f 219//219 1196//1195 379//379
f 2537//2534 1513//1511 2551//2548
f 335//335 866//865 33//33
f 1488//1486 1144//1143 1258//1256
f 307//307 858//857 1016//1015
f 1056//1055 384//384 290//290
f 1614//1612 1939//1937 1694//1692
f 458//458 1100//1099 219//219
f 1825//1823 1701//1699 1805//1803
f 41//41 226//226 575//575
f 22//22 1038//1037 1268//1266
f 269//269 1096//1095 458//458
f 2704//2700 2203//2200 2206//2203
f 43//43 7//7 1212//1211
f 13//13 1217//1216 917//916
f 1564//1562 2799//2795 1605//1603
f 1584//1582 1894//1892 1563//1561
f 822//821 228//228 216//216
f 1023//1022 1045//1044 1034//1033
f 1193//1192 214//214 231//231
f 88//88 339//339 353//353
f 1207//1206 45//45 23//23
f 343//343 1261//1259 893//892
f 7//7 23//23 40//40
f 1048//1047 923//922 1190//1189
f 1287//1285 1364//1362 1046//1045
f 1080//1079 1336//1334 31//31
f 831//830 836//835 355//355
f 286//286 1025//1024 140//140
f 30//30 5//5 830//829
f 34//34 325//325 32//32
f 345//345 78//78 336//336
f 1260//1258 1295//1293 1116//1115
f 210//210 1377//1375 1378//1376
f 353//353 1213//1212 885//884
f 197//197 55//55 1074//1073
f 23//23 115//115 3//3
f 217//217 312//312 585//585
f 1212//1211 5//5 30//30
f 440//440 1107//1106 1361//1359
f 1112//1111 922//921 310//310
f 1605//1603 2785//2781 1416//1414
f 5//5 20//20 28//28
f 319//319 549//549 330//330
f 119//119 513//513 340//340
f 585//585 321//321 586//586
f 308//308 1219//1218 1224//1223
f 4//4 6//6 1024//1023
f 54//54 870//869 55//55
f 306//306 590//590 314//314
f 552//552 326//326 549//549
f 1524//1522 2820//2816 2462//2459
f 252//252 1384//1382 1122//1121
f 329//329 863//862 1225//1224
f 276//276 1308//1306 1082//1081
f 1052//1051 1205//1204 277//277
f 1049//1048 328//328 570//570
f 355//355 361//361 88//88
f 1397//1395 1285//1283 312//312
f 2474//2471 1614//1612 1587//1585
f 1645//1643 1956//1954 2391//2388
f 246//246 1348//1346 1361//1359
f 919//918 924//923 1300//1298
f 365//365 1300//1298 886//885
f 1627//1625 1716//1714 1722//1720
f 346//346 1276//1274 351//351
f 372//372 224//224 860//859
f 547//547 320//320 118//118
f 1405//1403 1434//1432 2120//2118
f 263//263 1328//1326 1108//1107
f 2681//2677 2704//2700 2219//2216
f 602//602 1021//1020 372//372
f 115//115 1071//1070 327//327
f 318//318 4//4 1099//1098
f 1002//1001 1306//1304 25//25
f 867//866 307//307 863//862
f 858//857 1046//1045 1035//1034
f 196//196 189//189 188//188
f 194//194 187//187 186//186
f 193//193 186//186 185//185
f 192//192 185//185 184//184
f 191//191 184//184 183//183
f 377//377 64//64 1091//1090
f 188//188 181//181 180//180
f 187//187 180//180 179//179
f 186//186 179//179 178//178
f 185//185 178//178 177//177
f 184//184 177//177 176//176
f 1069//1068 844//843 845//844
f 181//181 174//174 173//173
f 180//180 173//173 172//172
f 179//179 172//172 171//171
f 178//178 171//171 170//170
f 177//177 170//170 169//169
f 175//175 168//168 167//167
f 174//174 167//167 166//166
f 173//173 166//166 165//165
f 172//172 165//165 164//164
f 171//171 164//164 163//163
f 170//170 163//163 162//162
f 168//168 161//161 160//160
f 167//167 160//160 159//159
f 166//166 159//159 158//158
f 165//165 158//158 157//157
f 164//164 157//157 156//156
f 163//163 156//156 154//154
f 885//884 1009//1008 1000//999
f 160//160 151//151 150//150
f 159//159 150//150 149//149
f 158//158 149//149 148//148
f 157//157 148//148 146//146
f 156//156 146//146 145//145
f 1457//1455 1932//1930 1915//1913
f 1472//1470 2115//2113 1487//1485
f 1012//1011 1043//1042 1345//1343
f 1112//1111 194//194 193//193
f 1118//1117 193//193 192//192
f 1119//1118 192//192 191//191
f 1120//1119 191//191 190//190
f 1121//1120 190//190 1068//1067
f 190//190 183//183 1067//1066
f 183//183 176//176 1065//1064
f 176//176 169//169 1064//1063
f 169//169 162//162 1063//1062
f 162//162 154//154 1062//1061
f 154//154 145//145 1061//1060
f 145//145 1//1 1411//1409
f 146//146 1373//1371 1//1
f 148//148 1374//1372 1373//1371
f 149//149 1375//1373 1374//1372
f 150//150 1376//1374 1375//1373
f 151//151 1377//1375 1376//1374
f 1830//1828 2671//2667 2670//2666
f 920//919 570//570 1026//1025
f 2120//2118 1963//1961 1577//1575
f 837//836 355//355 357//357
f 382//382 67//67 1137//1136
f 1261//1259 898//897 899//898
f 1621//1619 2457//2454 1440//1438
f 1574//1572 2458//2455 1621//1619
f 144//144 134//134 133//133
f 133//133 132//132 139//139
f 132//132 131//131 138//138
f 878//877 882//881 360//360
f 139//139 138//138 1100//1099
f 128//128 127//127 133//133
f 127//127 126//126 132//132
f 126//126 125//125 131//131
f 362//362 894//893 895//894
f 1690//1688 1934//1932 1691//1689
f 1030//1029 1054//1053 856//855
f 122//122 120//120 127//127
f 120//120 117//117 126//126
f 117//117 116//116 125//125
f 1894//1892 1416//1414 1563//1561
f 308//308 1004//1003 1038//1037
f 1292//1290 107//107 867//866
f 112//112 111//111 120//120
f 111//111 110//110 117//117
f 110//110 109//109 116//116
f 255//255 1372//1370 1398//1396
f 2506//2503 2331//2328 2253//2250
f 106//106 104//104 111//111
f 104//104 103//103 110//110
f 103//103 102//102 109//109
f 308//308 22//22 1219//1218
f 101//101 99//99 108//108
f 143//143 1049//1048 920//919
f 97//97 96//96 104//104
f 96//96 94//94 103//103
f 94//94 93//93 102//102
f 93//93 92//92 101//101
f 92//92 91//91 99//99
f 182//182 84//84 276//276
f 1383//1381 1068//1067 144//144
f 1092//1091 144//144 141//141
f 141//141 139//139 1096//1095
f 1071//1070 25//25 53//53
f 2681//2677 2240//2237 2203//2200
f 869//868 329//329 342//342
f 356//356 893//892 894//893
f 840//839 927//926 1150//1149
f 84//84 1032//1031 997//996
f 69//69 1287//1285 334//334
f 1135//1134 1014//1013 220//220
f 491//491 279//279 208//208
f 6//6 86//86 293//293
f 9//9 915//914 1073//1072
f 1366//1364 1365//1363 92//92
f 1367//1365 1366//1364 93//93
f 1368//1366 1367//1365 94//94
f 1369//1367 1368//1366 96//96
f 1411//1409 1369//1367 97//97
f 1061//1060 97//97 106//106
f 1062//1061 106//106 112//112
f 1064//1063 1063//1062 112//112
f 1065//1064 1064//1063 122//122
f 1067//1066 1065//1064 128//128
f 1068//1067 1067//1066 134//134
f 856//855 308//308 861//860
f 1217//1216 835//834 304//304
f 1118//1117 306//306 922//921
f 36//36 37//37 1207//1206
f 1600//1598 1564//1562 1568//1566
f 891//890 107//107 152//152
f 195//195 197//197 207//207
f 1892//1890 1378//1376 1114//1113
f 1070//1069 1188//1187 602//602
f 1271//1269 1395//1393 1059//1058
f 1038//1037 147//147 1268//1266
f 1808//1806 1617//1615 2114//2112
f 324//324 872//871 873//872
f 1393//1391 11//11 1301//1299
f 1108//1107 596//596 370//370
f 1085//1084 925//924 267//267
f 1436//1434 1572//1570 1574//1572
f 19//19 846//845 1267//1265
f 53//53 207//207 11//11
f 1000//999 362//362 892//891
f 866//865 2//2 33//33
f 1091//1090 582//582 227//227
f 1057//1056 289//289 297//297
f 1306//1304 824//823 195//195
f 1108//1107 1328//1326 596//596
f 288//288 377//377 82//82
f 280//280 274//274 273//273
f 211//211 860//859 862//861
f 147//147 370//370 1306//1304
f 2409//2406 2446//2443 1594//1592
f 2397//2394 2435//2432 2449//2446
f 33//33 32//32 324//324
f 259//259 1337//1335 352//352
f 1925//1923 1437//1435 1585//1583
f 869//868 867//866 329//329
f 1587//1585 1696//1694 1935//1933
f 1103//1102 1086//1085 855//854
f 107//107 1106//1105 307//307
f 935//934 1075//1074 934//933
f 1939//1937 1405//1403 1694//1692
f 1371//1369 59//59 1364//1362
f 1560//1558 1955//1953 1638//1636
f 1144//1143 123//123 1136//1135
f 27//27 1268//1266 1338//1336
f 2226//2223 2224//2221 2262//2259
f 1051//1050 229//229 216//216
f 602//602 1188//1187 1021//1020
f 1277//1275 36//36 264//264
f 1066//1065 272//272 65//65
f 57//57 839//838 865//864
f 1131//1130 1180//1179 322//322
f 220//220 215//215 369//369
f 888//887 286//286 215//215
f 1723//1721 1612//1610 1611//1609
f 582//582 1307//1305 227//227
f 2801//2797 2681//2677 2242//2239
f 879//878 576//576 1145//1144
f 1046//1045 851//850 1035//1034
f 1925//1923 1585//1583 1939//1937
f 63//63 290//290 378//378
f 1399//1397 998//997 1007//1006
f 385//385 268//268 541//541
f 1372//1370 1081//1080 1398//1396
f 1089//1088 261//261 47//47
f 2222//2219 2325//2322 2265//2262
f 2677//2673 1596//1594 1446//1444
f 1081//1080 1083//1082 1011//1010
f 1224//1223 366//366 325//325
f 921//920 386//386 827//826
f 19//19 847//846 846//845
f 1301//1299 1113//1112 56//56
f 8//8 26//26 143//143
f 835//834 1322//1320 1085//1084
f 2298//2295 2332//2329 2750//2746
f 363//363 919//918 365//365
f 22//22 1268//1266 27//27
f 1037//1036 1079//1078 205//205
f 76//76 8//8 1382//1380
f 1015//1014 124//124 1008//1007
f 1193//1192 231//231 1323//1321
f 1379//1377 1052//1051 277//277
f 1103//1102 855//854 1097//1096
f 2776//2772 1644//1642 1669//1667
f 209//209 1892//1890 1076//1075
f 347//347 142//142 291//291
f 1649//1647 1611//1609 1720//1718
f 882//881 1013//1012 1042//1041
f 1337//1335 1191//1190 864//863
f 1714//1712 1801//1799 1809//1807
f 251//251 1039//1038 240//240
f 385//385 541//541 577//577
f 1273//1271 253//253 35//35
f 131//131 137//137 138//138
f 1190//1189 225//225 1033//1032
f 1008//1007 1107//1106 440//440
f 317//317 254//254 326//326
f 1622//1620 1971//1969 1672//1670
f 1583//1581 1672//1670 1676//1674
f 577//577 541//541 76//76
f 386//386 1110//1109 1139//1138
f 1132//1131 260//260 234//234
f 16//16 1273//1271 1185//1184
f 1019//1018 1376//1374 256//256
f 261//261 1307//1305 1127//1126
f 2347//2344 2256//2253 2555//2552
f 2117//2115 1676//1674 1709//1707
f 1871//1869 1709//1707 1704//1702
f 139//139 1100//1099 1096//1095
f 137//137 1348//1346 1196//1195
f 1107//1106 598//598 1361//1359
f 1036//1035 463//463 129//129
f 1705//1703 1704//1702 2573//2570
f 2634//2630 1871//1869 1705//1703
f 2674//2670 2117//2115 1871//1869
f 198//198 1323//1321 1322//1320
f 81//81 113//113 877//876
f 130//130 440//440 137//137
f 2657//2653 2648//2644 1970//1968
f 2676//2672 1583//1581 2117//2115
f 278//278 1109//1108 437//437
f 1693//1691 1685//1683 1702//1700
f 80//80 301//301 271//271
f 917//916 842//841 843//842
f 43//43 1212//1211 1138//1137
f 13//13 917//916 44//44
f 1217//1216 304//304 917//916
f 7//7 40//40 1212//1211
f 30//30 830//829 13//13
f 1094//1093 491//491 1126//1125
f 115//115 327//327 3//3
f 2661//2657 2633//2629 1685//1683
f 2633//2629 2672//2668 1678//1676
f 327//327 1393//1391 17//17
f 301//301 47//47 839//838
f 377//377 1091//1090 82//82
f 1864//1862 1571//1569 1647//1645
f 1626//1624 1592//1590 1959//1957
f 1592//1590 1403//1401 1642//1640
f 1403//1401 1636//1634 1830//1828
f 271//271 301//301 839//838
f 370//370 824//823 1306//1304
f 1647//1645 1640//1638 1825//1823
f 1640//1638 1959//1957 1701//1699
f 1959//1957 1642//1640 1692//1690
f 36//36 1207//1206 264//264
f 1277//1275 264//264 29//29
f 1604//1602 1825//1823 1726//1724
f 1701//1699 1692//1690 1819//1817
f 1682//1680 1731//1729 1907//1905
f 1663//1661 1726//1724 1878//1876
f 1805//1803 1819//1817 1632//1630
f 1637//1635 1907//1905 1698//1696
f 1958//1956 1878//1876 1716//1714
f 1684//1682 1632//1630 1686//1684
f 1698//1696 1627//1625 1618//1616
f 1716//1714 1679//1677 1710//1708
f 1686//1684 1444//1442 2116//2114
f 2555//2552 2632//2628 1626//1624
f 2544//2541 2650//2646 1403//1401
f 1821//1819 2670//2666 2658//2654
f 1581//1579 2528//2525 2539//2536
f 2116//2114 2575//2572 2806//2802
f 1710//1708 1406//1404 2551//2548
f 1618//1616 1722//1720 2675//2671
f 1968//1966 1682//1680 2662//2658
f 1586//1584 1675//1673 1445//1443
f 1940//1938 1445//1443 1664//1662
f 1589//1587 1664//1662 1402//1400
f 1664//1662 1889//1887 1613//1611
f 1402//1400 1613//1611 1404//1402
f 1404//1402 1590//1588 1616//1614
f 2531//2528 2651//2647 1586//1584
f 2588//2585 2564//2561 1493//1491
f 1666//1664 2655//2651 2809//2805
f 1956//1954 1666//1664 2500//2497
f 2575//2572 1944//1942 2518//2515
f 2528//2525 1918//1916 1911//1909
f 2112//2110 1457//1455 1578//1576
f 2573//2570 2534//2531 1481//1479
f 2334//2331 2232//2229 2296//2293
f 2253//2250 2225//2222 2232//2229
f 1565//1563 1578//1576 2497//2494
f 575//575 918//917 573//573
f 1499//1497 1489//1487 1491//1489
f 1513//1511 1430//1428 1489//1487
f 918//917 331//331 884//883
f 1486//1484 1591//1589 1480//1478
f 1040//1039 136//136 1176//1175
f 367//367 365//365 136//136
f 297//297 289//289 1275//1273
f 212//212 199//199 233//233
f 2577//2574 1649//1647 1965//1963
f 1290//1288 121//121 363//363
f 1306//1304 195//195 25//25
f 73//73 64//64 377//377
f 1005//1004 246//246 1199//1198
f 2518//2515 1648//1646 2444//2441
f 1384//1382 247//247 1122//1121
f 1488//1486 1258//1256 213//213
f 63//63 378//378 1058//1057
f 234//234 260//260 196//196
f 244//244 1005//1004 1199//1198
f 355//355 836//835 361//361
f 2303//2300 2712//2708 2709//2705
f 2246//2243 2245//2242 2301//2298
f 1056//1055 290//290 63//63
f 2333//2330 2733//2729 2735//2731
f 1446//1444 1596//1594 1813//1811
f 313//313 74//74 1396//1394
f 2242//2239 2219//2216 2213//2210
f 74//74 274//274 280//280
f 1363//1361 358//358 1060//1059
f 2753//2749 2733//2729 2333//2330
f 1860//1858 1960//1958 1466//1464
f 834//833 382//382 374//374
f 1939//1937 1585//1583 1405//1403
f 2806//2802 2444//2441 1429//1427
f 581//581 577//577 447//447
f 44//44 917//916 843//842
f 1898//1896 455//455 1304//1302
f 53//53 11//11 1393//1391
f 458//458 1096//1095 1100//1099
f 302//302 848//847 880//879
f 1443//1441 1891//1889 1645//1643
f 1176//1175 18//18 14//14
f 2573//2570 1481//1479 1438//1436
f 1189//1188 1337//1335 259//259
f 232//232 832//831 887//886
f 2248//2245 2247//2244 2217//2214
f 2278//2275 2323//2320 2775//2771
f 2267//2264 2220//2217 2256//2253
f 864//863 232//232 1043//1042
f 2582//2579 2801//2797 2698//2694
f 1126//1125 1379//1377 299//299
f 865//864 839//838 47//47
f 1922//1920 2419//2416 2465//2462
f 2773//2769 2772//2768 2495//2492
f 2296//2293 2770//2766 2752//2748
f 1219//1218 36//36 366//366
f 239//239 1105//1104 1117//1116
f 912//911 262//262 283//283
f 2801//2797 2641//2637 2240//2237
f 2641//2637 2642//2638 2212//2209
f 2642//2638 2640//2636 2211//2208
f 2186//2183 2190//2187 2657//2653
f 2410//2407 2501//2498 2435//2432
f 526//526 51//51 21//21
f 558//558 367//367 1040//1039
f 2812//2808 2716//2712 1728//1726
f 289//289 1140//1139 1275//1273
f 289//289 285//285 1140//1139
f 1944//1942 1656//1654 2425//2422
f 2645//2641 1582//1580 2496//2493
f 1117//1116 1105//1104 1602//1600
f 1034//1033 437//437 1054//1053
f 56//56 50//50 243//243
f 241//241 210//210 1044//1043
f 1101//1100 1094//1093 1095//1094
f 1069//1068 13//13 44//44
f 131//131 130//130 137//137
f 2700//2696 2270//2267 2230//2227
f 60//60 383//383 266//266
f 266//266 298//298 72//72
f 852//851 299//299 567//567
f 384//384 373//373 290//290
f 1295//1293 1097//1096 1116//1115
f 15//15 490//490 1273//1271
f 1136//1135 266//266 66//66
f 330//330 549//549 79//79
f 1053//1052 379//379 1005//1004
f 1034//1033 278//278 437//437
f 2688//2684 2692//2688 2299//2296
f 1513//1511 1489//1487 1499//1497
f 2274//2271 2269//2266 2335//2332
f 344//344 359//359 1394//1392
f 514//514 340//340 349//349
f 2564//2561 2657//2653 1490//1488
f 264//264 1207//1206 7//7
f 914//913 71//71 275//275
f 1275//1273 83//83 823//822
f 1817//1815 1677//1675 1650//1648
f 71//71 1305//1303 1233//1231
f 632//632 19//19 631//631
f 226//226 100//100 918//917
f 10//10 1185//1184 50//50
f 2235//2232 2238//2235 2201//2198
f 12//12 182//182 276//276
f 1968//1966 1650//1648 1731//1729
f 2113//2111 2677//2673 2534//2531
f 2345//2342 2257//2254 2354//2351
f 2324//2321 2260//2257 2314//2311
f 2651//2647 2588//2585 1675//1673
f 1025//1024 230//230 1072//1071
f 1289//1287 1070//1069 571//571
f 2733//2729 2510//2507 2522//2519
f 2275//2272 2335//2332 2271//2268
f 2271//2268 2345//2342 2326//2323
f 2683//2679 2688//2684 2260//2257
f 369//369 215//215 915//914
f 2581//2578 2804//2800 2479//2476
f 123//123 60//60 1136//1135
f 1691//1689 1934//1932 1925//1923
f 2255//2252 2259//2256 2188//2185
f 300//300 829//828 1381//1379
f 318//318 1116//1115 4//4
f 586//586 321//321 516//516
f 837//836 831//830 355//355
f 41//41 575//575 455//455
f 37//37 27//27 45//45
f 224//224 822//821 1274//1272
f 1185//1184 1273//1271 35//35
f 2331//2328 2293//2290 2225//2222
f 2560//2557 2581//2578 1890//1888
f 1614//1612 1694//1692 1587//1585
f 1429//1427 1430//1428 1513//1511
f 1493//1491 1490//1488 1503//1501
f 1117//1116 242//242 262//262
f 288//288 82//82 80//80
f 2257//2254 2305//2302 2311//2308
f 220//220 888//887 215//215
f 1098//1097 63//63 1028//1027
f 2266//2263 2317//2314 2771//2767
f 2269//2266 2304//2301 2344//2341
f 137//137 440//440 1348//1346
f 2310//2307 2308//2305 2305//2302
f 2702//2698 2679//2675 2342//2339
f 2649//2645 2526//2523 1711//1709
f 1258//1256 66//66 384//384
f 341//341 514//514 838//837
f 2299//2296 2313//2310 2302//2299
f 2741//2737 2753//2749 2200//2197
f 2272//2269 2320//2317 2235//2232
f 1038//1037 371//371 147//147
f 2227//2224 2216//2213 2259//2256
f 25//25 195//195 207//207
f 2300//2297 2201//2198 2226//2223
f 271//271 839//838 1164//1163
f 852//851 567//567 913//912
f 226//226 918//917 575//575
f 1187//1186 1012//1011 890//889
f 358//358 389//389 1060//1059
f 1642//1640 1830//1828 1821//1819
f 1301//1299 56//56 42//42
f 1635//1633 2581//2578 2560//2557
f 1457//1455 1414//1412 1689//1687
f 1343//1341 21//21 1088//1087
f 1677//1675 1647//1645 1604//1602
f 1480//1478 1953//1951 1435//1433
f 279//279 1050//1049 244//244
f 2342//2339 2324//2321 2327//2324
f 1933//1931 1574//1572 1621//1619
f 1401//1399 1466//1464 1506//1504
f 2354//2351 2311//2308 2321//2318
f 838//837 349//349 859//858
f 1442//1440 1575//1573 1960//1958
f 1146//1145 1177//1176 1321//1319
f 1116//1115 1097//1096 381//381
f 15//15 95//95 490//490
f 14//14 879//878 268//268
f 253//253 65//65 1290//1288
f 1041//1040 1164//1163 281//281
f 2349//2346 2262//2259 2190//2187
f 1043//1042 887//886 1345//1343
f 72//72 294//294 364//364
f 2437//2434 2512//2509 2384//2381
f 142//142 1026//1025 291//291
f 2460//2457 2514//2511 2432//2429
f 924//923 1189//1188 259//259
f 2512//2509 2426//2423 2428//2425
f 2473//2470 2423//2420 2445//2442
f 2340//2337 2693//2689 2700//2696
f 290//290 75//75 378//378
f 2313//2310 2710//2706 2691//2687
f 2690//2686 2811//2807 2710//2706
f 299//299 1379//1377 1080//1079
f 2219//2216 2343//2340 2233//2230
f 2312//2309 2301//2298 2294//2291
f 2305//2302 2711//2707 2695//2691
f 2451//2448 2470//2467 2512//2509
f 52//52 182//182 12//12
f 138//138 137//137 1196//1195
f 2201//2198 2355//2352 2224//2221
f 455//455 581//581 447//447
f 2779//2775 1641//1639 1714//1712
f 2311//2308 2695//2691 2703//2699
f 851//850 222//222 1141//1140
f 1004//1003 599//599 371//371
f 2808//2804 2529//2526 1641//1639
f 2645//2641 2573//2570 1438//1436
f 830//829 28//28 49//49
f 1630//1628 2634//2630 2655//2651
f 2809//2805 2496//2493 1690//1688
f 2665//2661 1965//1963 1583//1581
f 2202//2199 2300//2297 2249//2246
f 1057//1056 297//297 359//359
f 10//10 16//16 1185//1184
f 1307//1305 921//920 827//826
f 2304//2301 2306//2303 2310//2307
f 2277//2274 2330//2327 2323//2320
f 254//254 289//289 1057//1056
f 2466//2463 1536//1534 2458//2455
f 870//869 1024//1023 311//311
f 75//75 364//364 89//89
f 18//18 1327//1325 14//14
f 1489//1487 1435//1433 1482//1480
f 1671//1669 1624//1622 1704//1702
f 1330//1328 316//316 1260//1258
f 567//567 1080//1079 31//31
f 368//368 377//377 288//288
f 1101//1100 1095//1094 248//248
f 2112//2110 1559//1557 1414//1412
f 25//25 207//207 53//53
f 1128//1127 924//923 919//918
f 2770//2766 1669//1667 1723//1721
f 2675//2671 1501//1499 2656//2652
f 850//849 823//822 491//491
f 1290//1288 363//363 367//367
f 1071//1070 53//53 327//327
f 2265//2262 2223//2220 2258//2255
f 1490//1488 1970//1968 2119//2117
f 234//234 1397//1395 312//312
f 143//143 26//26 1049//1048
f 1140//1139 1381//1379 83//83
f 1859//1857 1443//1441 1908//1906
f 2435//2432 2250//2247 2229//2226
f 21//21 46//46 1088//1087
f 2297//2294 2752//2748 2750//2746
f 17//17 51//51 526//526
f 2229//2226 2297//2294 2332//2329
f 207//207 1074//1073 11//11
f 2667//2663 1500//1498 2675//2671
f 300//300 273//273 829//828
f 440//440 1361//1359 1348//1346
f 293//293 292//292 95//95
f 21//21 42//42 46//46
f 1855//1853 1475//1473 1443//1441
f 1724//1722 1623//1621 1856//1854
f 83//83 1050//1049 279//279
f 2187//2184 2719//2715 2812//2808
f 1095//1094 1126//1125 299//299
f 1005//1004 379//379 246//246
f 1669//1667 1580//1578 1612//1610
f 1127//1126 380//380 1128//1127
f 1128//1127 1048//1047 924//923
f 1115//1114 850//849 1094//1093
f 2259//2256 2315//2312 2189//2186
f 82//82 1091//1090 1089//1088
f 1324//1322 1898//1896 1304//1302
f 491//491 208//208 1126//1125
f 279//279 244//244 208//208
f 71//71 1233//1231 275//275
f 596//596 883//882 824//823
f 27//27 1338//1336 45//45
f 1336//1334 323//323 1086//1085
f 207//207 197//197 1074//1073
f 1379//1377 277//277 1080//1079
f 13//13 203//203 1217//1216
f 880//879 848//847 850//849
f 856//855 599//599 1004//1003
f 1123//1122 376//376 574//574
f 1124//1123 274//274 74//74
f 1562//1560 1567//1565 1426//1424
f 849//848 1090//1089 853//852
f 1050//1049 1005//1004 244//244
f 363//363 365//365 367//367
f 1465//1463 1576//1574 1458//1456
f 1372//1370 1001//1000 1081//1080
f 1370//1368 996//995 1372//1370
f 1396//1394 285//285 254//254
f 1191//1190 1133//1132 864//863
f 1456//1454 1459//1457 1470//1468
f 1673//1671 1665//1663 1610//1608
f 1894//1892 1605//1603 1416//1414
f 1011//1010 1083//1082 999//998
f 1667//1665 1662//1660 1633//1631
f 1591//1589 1421//1419 1480//1478
f 1585//1583 1573//1571 1419//1417
f 1897//1895 1431//1429 1562//1560
f 1154//1153 1153//1152 431//431
f 1153//1152 1152//1151 424//424
f 1152//1151 1151//1150 417//417
f 1151//1150 1149//1148 410//410
f 1149//1148 1148//1147 403//403
f 1148//1147 1147//1146 396//396
f 1147//1146 1391//1389 1197//1196
f 396//396 1197//1196 1195//1194
f 395//395 1195//1194 1194//1193
f 394//394 1194//1193 1192//1191
f 1192//1191 1186//1185 392//392
f 1186//1185 1183//1182 391//391
f 1183//1182 1182//1181 390//390
f 1182//1181 1388//1386 1181//1180
f 390//390 1181//1180 1179//1178
f 397//397 1179//1178 1178//1177
f 404//404 1178//1177 1175//1174
f 411//411 1175//1174 1174//1173
f 418//418 1174//1173 1172//1171
f 425//425 1172//1171 1171//1170
f 432//432 1171//1170 1410//1408
f 433//433 432//432 1362//1360
f 434//434 433//433 1360//1358
f 435//435 434//434 1359//1357
f 1357//1355 436//436 435//435
f 1356//1354 438//438 436//436
f 1355//1353 439//439 438//438
f 1407//1405 1154//1153 439//439
f 391//391 390//390 397//397
f 392//392 391//391 398//398
f 393//393 392//392 399//399
f 401//401 394//394 393//393
f 402//402 395//395 394//394
f 403//403 396//396 395//395
f 398//398 397//397 404//404
f 399//399 398//398 405//405
f 400//400 399//399 406//406
f 408//408 401//401 400//400
f 409//409 402//402 401//401
f 410//410 403//403 402//402
f 405//405 404//404 411//411
f 406//406 405//405 412//412
f 407//407 406//406 413//413
f 415//415 408//408 407//407
f 416//416 409//409 408//408
f 417//417 410//410 409//409
f 412//412 411//411 418//418
f 413//413 412//412 419//419
f 414//414 413//413 420//420
f 422//422 415//415 414//414
f 423//423 416//416 415//415
f 424//424 417//417 416//416
f 419//419 418//418 425//425
f 420//420 419//419 426//426
f 421//421 420//420 427//427
f 429//429 422//422 421//421
f 430//430 423//423 422//422
f 431//431 424//424 423//423
f 426//426 425//425 432//432
f 427//427 426//426 433//433
f 428//428 427//427 434//434
f 436//436 429//429 428//428
f 438//438 430//430 429//429
f 439//439 431//431 430//430
f 1161//1160 1160//1159 488//488
f 1160//1159 1159//1158 481//481
f 1159//1158 1158//1157 474//474
f 1158//1157 1157//1156 467//467
f 1157//1156 1156//1155 459//459
f 1156//1155 1155//1154 448//448
f 1155//1154 1390//1388 1216//1215
f 448//448 1216//1215 1215//1214
f 446//446 1215//1214 1214//1213
f 445//445 1214//1213 1211//1210
f 1211//1210 1210//1209 443//443
f 1210//1209 1209//1208 442//442
f 1209//1208 1208//1207 441//441
f 1208//1207 1391//1389 1147//1146
f 441//441 1147//1146 1148//1147
f 450//450 1148//1147 1149//1148
f 460//460 1149//1148 1151//1150
f 468//468 1151//1150 1152//1151
f 475//475 1152//1151 1153//1152
f 482//482 1153//1152 1154//1153
f 489//489 1154//1153 1407//1405
f 492//492 489//489 1354//1352
f 493//493 492//492 1353//1351
f 494//494 493//493 1352//1350
f 1350//1348 495//495 494//494
f 1349//1347 496//496 495//495
f 1347//1345 497//497 496//496
f 1408//1406 1161//1160 497//497
f 442//442 441//441 450//450
f 443//443 442//442 451//451
f 444//444 443//443 452//452
f 456//456 445//445 444//444
f 457//457 446//446 445//445
f 459//459 448//448 446//446
f 451//451 450//450 460//460
f 452//452 451//451 461//461
f 454//454 452//452 462//462
f 465//465 456//456 454//454
f 466//466 457//457 456//456
f 467//467 459//459 457//457
f 461//461 460//460 468//468
f 462//462 461//461 469//469
f 464//464 462//462 470//470
f 472//472 465//465 464//464
f 473//473 466//466 465//465
f 474//474 467//467 466//466
f 469//469 468//468 475//475
f 470//470 469//469 476//476
f 471//471 470//470 477//477
f 479//479 472//472 471//471
f 480//480 473//473 472//472
f 481//481 474//474 473//473
f 476//476 475//475 482//482
f 477//477 476//476 483//483
f 478//478 477//477 484//484
f 486//486 479//479 478//478
f 487//487 480//480 479//479
f 488//488 481//481 480//480
f 483//483 482//482 489//489
f 484//484 483//483 492//492
f 485//485 484//484 493//493
f 495//495 486//486 485//485
f 496//496 487//487 486//486
f 497//497 488//488 487//487
f 1170//1169 1169//1168 544//544
f 1169//1168 1168//1167 536//536
f 1168//1167 1167//1166 529//529
f 1167//1166 1166//1165 521//521
f 1166//1165 1165//1164 511//511
f 1165//1164 1163//1162 504//504
f 1163//1162 1389//1387 1235//1233
f 504//504 1235//1233 1234//1232
f 503//503 1234//1232 1232//1230
f 502//502 1232//1230 1231//1229
f 1231//1229 1230//1228 500//500
f 1230//1228 1229//767 499//499
f 1229//767 1228//1227 498//498
f 1228//1227 1390//1388 1155//1154
f 498//498 1155//1154 1156//1155
f 505//505 1156//1155 1157//1156
f 512//512 1157//1156 1158//1157
f 522//522 1158//1157 1159//1158
f 530//530 1159//1158 1160//1159
f 537//537 1160//1159 1161//1160
f 545//545 1161//1160 1408//1406
f 546//546 545//545 1346//1344
f 548//548 546//546 1344//1342
f 550//550 548//548 1342//1340
f 1340//1338 551//551 550//550
f 1339//1337 553//553 551//551
f 1335//1333 554//554 553//553
f 1409//1407 1170//1169 554//554
f 499//499 498//498 505//505
f 500//500 499//499 506//506
f 501//501 500//500 507//507
f 509//509 502//502 501//501
f 510//510 503//503 502//502
f 511//511 504//504 503//503
f 506//506 505//505 512//512
f 507//507 506//506 515//515
f 508//508 507//507 517//517
f 519//519 509//509 508//508
f 520//520 510//510 509//509
f 521//521 511//511 510//510
f 515//515 512//512 522//522
f 517//517 515//515 523//523
f 518//518 517//517 524//524
f 527//527 519//519 518//518
f 528//528 520//520 519//519
f 529//529 521//521 520//520
f 523//523 522//522 530//530
f 524//524 523//523 531//531
f 525//525 524//524 532//532
f 534//534 527//527 525//525
f 535//535 528//528 527//527
f 536//536 529//529 528//528
f 1996//1994 1995//1993 2642//2638
f 531//531 530//530 537//537
f 532//532 531//531 538//538
f 533//533 532//532 539//539
f 542//542 534//534 533//533
f 543//543 535//535 534//534
f 544//544 536//536 535//535
f 538//538 537//537 545//545
f 539//539 538//538 546//546
f 540//540 539//539 548//548
f 551//551 542//542 540//540
f 553//553 543//543 542//542
f 554//554 544//544 543//543
f 1171//1170 1172//1171 618//618
f 1172//1171 1174//1173 611//611
f 1174//1173 1175//1174 604//604
f 1175//1174 1178//1177 592//592
f 1178//1177 1179//1178 579//579
f 1179//1178 1181//1180 563//563
f 1181//1180 1388//1386 1249//1247
f 563//563 1249//1247 1248//1246
f 562//562 1248//1246 1247//1245
f 561//561 1247//1245 1246//1244
f 1246//1244 1245//1243 557//557
f 1245//1243 1244//1242 556//556
f 1244//1242 1243//1241 555//555
f 1243//1241 1389//1387 1163//1162
f 555//555 1163//1162 1165//1164
f 564//564 1165//1164 1166//1165
f 580//580 1166//1165 1167//1166
f 593//593 1167//1166 1168//1167
f 605//605 1168//1167 1169//1168
f 612//612 1169//1168 1170//1169
f 619//619 1170//1169 1409//1407
f 620//620 619//619 1334//1332
f 621//621 620//620 1333//1331
f 622//622 621//621 1332//1330
f 1329//1327 623//623 622//622
f 1326//1324 624//624 623//623
f 1325//1323 625//625 624//624
f 1410//1408 1171//1170 625//625
f 556//556 555//555 564//564
f 557//557 556//556 565//565
f 560//560 557//557 566//566
f 572//572 561//561 560//560
f 578//578 562//562 561//561
f 579//579 563//563 562//562
f 565//565 564//564 580//580
f 566//566 565//565 584//584
f 569//569 566//566 587//587
f 589//589 572//572 569//569
f 591//591 578//578 572//572
f 592//592 579//579 578//578
f 584//584 580//580 593//593
f 587//587 584//584 594//594
f 588//588 587//587 595//595
f 600//600 589//589 588//588
f 603//603 591//591 589//589
f 604//604 592//592 591//591
f 594//594 593//593 605//605
f 595//595 594//594 606//606
f 597//597 595//595 607//607
f 609//609 600//600 597//597
f 610//610 603//603 600//600
f 611//611 604//604 603//603
f 606//606 605//605 612//612
f 607//607 606//606 613//613
f 608//608 607//607 614//614
f 616//616 609//609 608//608
f 617//617 610//610 609//609
f 618//618 611//611 610//610
f 613//613 612//612 619//619
f 614//614 613//613 620//620
f 615//615 614//614 621//621
f 623//623 616//616 615//615
f 624//624 617//617 616//616
f 625//625 618//618 617//617
f 1206//1205 1204//1203 667//667
f 1204//1203 1203//1202 660//660
f 1203//1202 1202//1201 653//653
f 1202//1201 1201//1200 646//646
f 1201//1200 1200//1199 639//639
f 1200//1199 1198//1197 632//632
f 883//882 868//867 24//24
f 18//18 890//889 1327//1325
f 630//630 1267//1265 1266//1264
f 1266//1264 1265//1263 628//628
f 1265//1263 1264//1262 627//627
f 1264//1262 1263//1261 626//626
f 1263//1261 1385//1383 1256//1254
f 626//626 1256//1254 1255//1253
f 633//633 1255//1253 1254//1252
f 640//640 1254//1252 1253//1251
f 647//647 1253//1251 1252//1250
f 654//654 1252//1250 1251//1249
f 661//661 1251//1249 1250//1248
f 668//668 1250//1248 1388//1386
f 669//669 668//668 1182//1181
f 670//670 669//669 1183//1182
f 671//671 670//670 1186//1185
f 1194//1193 672//672 671//671
f 1195//1194 673//673 672//672
f 1197//1196 674//674 673//673
f 1391//1389 1206//1205 674//674
f 627//627 626//626 633//633
f 628//628 627//627 634//634
f 629//629 628//628 635//635
f 637//637 630//630 629//629
f 638//638 631//631 630//630
f 639//639 632//632 631//631
f 634//634 633//633 640//640
f 635//635 634//634 641//641
f 636//636 635//635 642//642
f 644//644 637//637 636//636
f 645//645 638//638 637//637
f 646//646 639//639 638//638
f 641//641 640//640 647//647
f 642//642 641//641 648//648
f 643//643 642//642 649//649
f 651//651 644//644 643//643
f 652//652 645//645 644//644
f 653//653 646//646 645//645
f 648//648 647//647 654//654
f 649//649 648//648 655//655
f 650//650 649//649 656//656
f 658//658 651//651 650//650
f 659//659 652//652 651//651
f 660//660 653//653 652//652
f 655//655 654//654 661//661
f 656//656 655//655 662//662
f 657//657 656//656 663//663
f 665//665 658//658 657//657
f 666//666 659//659 658//658
f 667//667 660//660 659//659
f 662//662 661//661 668//668
f 663//663 662//662 669//669
f 664//664 663//663 670//670
f 672//672 665//665 664//664
f 673//673 666//666 665//665
f 674//674 667//667 666//666
f 1227//1226 1226//1225 716//716
f 1226//1225 1223//1222 709//709
f 1223//1222 1222//1221 702//702
f 1222//1221 1221//1220 695//695
f 1221//1220 1220//1219 688//688
f 1220//1219 1218//1217 681//681
f 1218//1217 1387//1385 1284//1282
f 681//681 1284//1282 1283//1281
f 680//680 1283//1281 1282//1280
f 679//679 1282//1280 1281//1279
f 1281//1279 1280//1278 677//677
f 1280//1278 1279//1277 676//676
f 1279//1277 1278//1276 675//675
f 675//675 1198//1197 1200//1199
f 682//682 1200//1199 1201//1200
f 689//689 1201//1200 1202//1201
f 696//696 1202//1201 1203//1202
f 703//703 1203//1202 1204//1203
f 710//710 1204//1203 1206//1205
f 717//717 1206//1205 1391//1389
f 718//718 717//717 1208//1207
f 719//719 718//718 1209//1208
f 720//720 719//719 1210//1209
f 1214//1213 721//721 720//720
f 1215//1214 722//722 721//721
f 1216//1215 723//723 722//722
f 1390//1388 1227//1226 723//723
f 676//676 675//675 682//682
f 677//677 676//676 683//683
f 678//678 677//677 684//684
f 686//686 679//679 678//678
f 687//687 680//680 679//679
f 688//688 681//681 680//680
f 683//683 682//682 689//689
f 684//684 683//683 690//690
f 685//685 684//684 691//691
f 693//693 686//686 685//685
f 694//694 687//687 686//686
f 695//695 688//688 687//687
f 690//690 689//689 696//696
f 691//691 690//690 697//697
f 692//692 691//691 698//698
f 700//700 693//693 692//692
f 701//701 694//694 693//693
f 702//702 695//695 694//694
f 697//697 696//696 703//703
f 698//698 697//697 704//704
f 699//699 698//698 705//705
f 707//707 700//700 699//699
f 708//708 701//701 700//700
f 709//709 702//702 701//701
f 704//704 703//703 710//710
f 705//705 704//704 711//711
f 706//706 705//705 712//712
f 714//714 707//707 706//706
f 715//715 708//708 707//707
f 716//716 709//709 708//708
f 711//711 710//710 717//717
f 712//712 711//711 718//718
f 713//713 712//712 719//719
f 721//721 714//714 713//713
f 722//722 715//715 714//714
f 723//723 716//716 715//715
f 1242//1240 1241//1239 765//765
f 1241//1239 1240//1238 758//758
f 1240//1238 1239//1237 751//751
f 1239//1237 1238//1236 744//744
f 1238//1236 1237//1235 737//737
f 1237//1235 1236//1234 730//730
f 1236//1234 1386//1384 1303//1301
f 730//730 1303//1301 1302//1300
f 729//729 1302//1300 1299//1297
f 728//728 1299//1297 1298//1296
f 1298//1296 1297//1295 726//726
f 1297//1295 1296//1294 725//725
f 1296//1294 1294//1292 724//724
f 1294//1292 1387//1385 1218//1217
f 724//724 1218//1217 1220//1219
f 731//731 1220//1219 1221//1220
f 738//738 1221//1220 1222//1221
f 745//745 1222//1221 1223//1222
f 752//752 1223//1222 1226//1225
f 759//759 1226//1225 1227//1226
f 766//766 1227//1226 1390//1388
f 767//767 766//766 1228//1227
f 768//768 767//767 1229//767
f 769//769 768//768 1230//1228
f 1232//1230 770//770 769//769
f 1234//1232 771//771 770//770
f 1235//1233 772//765 771//771
f 1389//1387 1242//1240 772//765
f 725//725 724//724 731//731
f 726//726 725//725 732//732
f 727//727 726//726 733//733
f 735//735 728//728 727//727
f 736//736 729//729 728//728
f 737//737 730//730 729//729
f 732//732 731//731 738//738
f 733//733 732//732 739//739
f 734//734 733//733 740//740
f 742//742 735//735 734//734
f 743//743 736//736 735//735
f 744//744 737//737 736//736
f 739//739 738//738 745//745
f 740//740 739//739 746//746
f 741//741 740//740 747//747
f 749//749 742//742 741//741
f 750//750 743//743 742//742
f 751//751 744//744 743//743
f 746//746 745//745 752//752
f 747//747 746//746 753//753
f 748//748 747//747 754//754
f 756//756 749//749 748//748
f 757//757 750//750 749//749
f 758//758 751//751 750//750
f 753//753 752//752 759//759
f 754//754 753//753 760//760
f 755//755 754//754 761//761
f 763//763 756//756 755//755
f 764//764 757//757 756//756
f 765//765 758//758 757//757
f 760//760 759//759 766//766
f 761//761 760//760 767//767
f 762//762 761//761 768//768
f 770//770 763//763 762//762
f 771//771 764//764 763//763
f 1449//1447 2467//2464 2817//2813
f 2804//2800 1556//1554 2479//2476
f 772//765 765//765 764//764
f 1250//1248 1251//1249 814//813
f 1251//1249 1252//1250 807//806
f 372//372 1021//1020 224//224
f 243//243 50//50 226//226
f 1252//1250 1253//1251 800//799
f 890//889 1012//1011 834//833
f 1253//1251 1254//1252 793//792
f 916//915 920//919 142//142
f 1254//1252 1255//1253 786//785
f 46//46 243//243 41//41
f 1915//1913 1661//1659 2409//2406
f 105//105 175//175 174//174
f 1595//1593 2794//2790 2782//2778
f 1559//1557 1441//1439 1442//1440
f 1414//1412 1442//1440 1860//1858
f 1138//1137 30//30 1069//1068
f 1255//1253 1256//1254 779//778
f 1963//1961 1417//1415 2431//2428
f 1599//1597 1588//1586 2467//2464
f 1934//1932 1413//1411 1437//1435
f 1256//1254 1385//1383 1318//1316
f 917//916 304//304 842//841
f 1718//1716 2569//2566 2677//2673
f 779//778 1318//1316 1317//1315
f 240//240 1027//1026 250//250
f 1405//1403 1419//1417 1434//1432
f 1020//1019 295//295 218//218
f 2521//2518 1614//1612 2474//2471
f 2419//2416 1515//1513 2465//2462
f 778//777 1317//1315 1316//1314
f 1890//1888 2479//2476 2459//2456
f 876//875 342//342 875//874
f 8//8 12//12 26//26
f 2508//2505 2432//2429 2482//2479
f 1621//1619 2458//2455 2457//2454
f 31//31 1336//1334 1103//1102
f 855//854 1257//1255 1130//1129
f 777//776 1316//1314 1315//1313
f 61//61 1047//1046 205//205
f 90//90 1502//1500 1087//1086
f 1315//1313 1314//1312 775//774
f 1314//1312 1313//1311 774//773
f 1817//1815 1968//1966 2672//2668
f 1696//1694 1577//1575 1646//1644
f 599//599 1108//1107 371//371
f 1004//1003 371//371 1038//1037
f 2218//2215 2685//2681 2693//2689
f 1692//1690 1821//1819 1833//1831
f 1313//1311 1312//1310 773//772
f 2532//2529 2804//2800 2581//2578
f 1312//1310 1386//1384 1236//1234
f 773//772 1236//1234 1237//1235
f 1011//1010 999//998 1399//1397
f 568//568 598//598 1131//1130
f 887//886 832//831 837//836
f 780//779 1237//1235 1238//1236
f 857//856 211//211 888//887
f 224//224 1274//1272 928//927
f 273//273 269//269 458//458
f 16//16 15//15 1273//1271
f 1110//1109 602//602 372//372
f 1682//1680 1637//1635 2653//2649
f 787//786 1238//1236 1239//1237
f 363//363 1127//1126 1128//1127
f 116//116 1102//1101 1015//1014
f 794//793 1239//1237 1240//1238
f 296//296 1041//1040 281//281
f 242//242 1289//1287 1143//1142
f 1425//1423 1855//1853 1859//1857
f 2353//2350 2768//2764 2719//2715
f 1010//1009 155//155 389//389
f 1897//1895 1562//1560 1413//1411
f 1141//1140 222//222 375//375
f 2520//2517 2433//2430 1591//1589
f 1469//1467 1448//1446 1921//1919
f 801//800 1240//1238 1241//1239
f 1557//1555 2781//2777 2786//2782
f 1033//1032 1132//1131 1184//1183
f 49//49 214//214 1193//1192
f 2330//2327 2326//2323 2266//2263
f 828//827 268//268 385//385
f 1594//1592 1418//1416 1598//1596
f 1044//1043 209//209 229//229
f 70//70 368//368 388//388
f 2276//2273 2271//2268 2330//2327
f 359//359 297//297 302//302
f 1951//1949 1856//1854 1955//1953
f 42//42 243//243 46//46
f 263//263 1123//1122 1328//1326
f 1921//1919 2786//2782 2787//2783
f 808//807 1241//1239 1242//1240
f 815//814 1242//1240 1389//1387
f 816//815 815//814 1243//1241
f 1002//1001 25//25 1071//1070
f 1423//1421 2462//2459 2446//2443
f 152//152 1292//1290 898//897
f 1276//1274 69//69 113//113
f 1441//1439 1813//1811 1575//1573
f 1833//1831 2658//2654 2528//2525
f 79//79 337//337 344//344
f 1556//1554 1549//1547 1433//1431
f 1590//1588 1597//1595 1630//1628
f 2735//2731 2522//2519 2464//2461
f 272//272 261//261 121//121
f 860//859 224//224 928//927
f 817//816 816//815 1244//1242
f 818//817 817//816 1245//1243
f 1247//1245 819//818 818//817
f 1463//1461 2465//2462 2819//2815
f 1450//1448 2740//2736 2751//2747
f 1133//1132 449//449 232//232
f 1248//1246 820//819 819//818
f 218//218 921//920 582//582
f 1557//1555 1603//1601 2781//2777
f 830//829 49//49 203//203
f 1249//1247 821//820 820//819
f 1388//1386 1250//1248 821//820
f 2716//2712 2750//2746 1727//1725
f 1584//1582 1563//1561 1428//1426
f 774//773 773//772 780//779
f 1463//1461 2819//2815 2791//2787
f 775//774 774//773 781//780
f 1598//1596 2797//2793 2798//2794
f 1079//1078 229//229 1051//1050
f 1574//1572 2466//2463 2458//2455
f 776//775 775//774 782//781
f 784//783 777//776 776//775
f 23//23 3//3 40//40
f 1257//1255 1321//1319 1177//1176
f 785//784 778//777 777//776
f 786//785 779//778 778//777
f 1190//1189 1134//1133 1189//1188
f 389//389 155//155 1146//1145
f 1260//1258 1116//1115 318//318
f 2667//2663 1499//1497 1500//1498
f 233//233 61//61 1395//1393
f 862//861 928//927 202//202
f 2569//2566 2560//2557 1570//1568
f 601//601 318//318 868//867
f 2677//2673 2569//2566 1596//1594
f 781//780 780//779 787//786
f 2457//2454 1467//1465 2419//2416
f 1258//1256 1136//1135 66//66
f 2308//2305 2709//2705 2711//2707
f 99//99 1098//1097 1028//1027
f 782//781 781//780 788//787
f 783//782 782//781 789//788
f 1566//1564 1584//1582 1573//1571
f 1595//1593 2782//2778 1588//1586
f 252//252 1018//1017 1031//1030
f 791//790 784//783 783//782
f 1330//1328 1260//1258 601//601
f 792//791 785//784 784//783
f 1437//1435 1573//1571 1585//1583
f 793//792 786//785 785//784
f 788//787 787//786 794//793
f 789//788 788//787 795//794
f 790//789 789//788 796//795
f 237//237 281//281 1164//1163
f 1637//1635 1628//1626 2556//2553
f 153//153 223//223 1488//1486
f 243//243 226//226 41//41
f 798//797 791//790 790//789
f 1567//1565 1568//1566 1426//1424
f 799//798 792//791 791//790
f 463//463 1060//1059 332//332
f 2319//2316 2348//2345 2202//2199
f 800//799 793//792 792//791
f 795//794 794//793 801//800
f 334//334 1287//1285 1288//1286
f 796//795 795//794 802//801
f 155//155 135//135 296//296
f 797//796 796//795 803//802
f 805//804 798//797 797//796
f 878//877 333//333 882//881
f 113//113 69//69 334//334
f 514//514 349//349 838//837
f 806//805 799//798 798//797
f 269//269 1093//1092 1096//1095
f 807//806 800//799 799//798
f 802//801 801//800 808//807
f 345//345 1288//1286 78//78
f 69//69 1371//1369 1287//1285
f 803//802 802//801 809//808
f 804//803 803//802 810//809
f 1392//1390 241//241 235//235
f 48//48 892//891 896//895
f 339//339 878//877 360//360
f 70//70 1262//1260 368//368
f 812//811 805//804 804//803
f 813//812 806//805 805//804
f 1576//1574 1449//1447 1450//1448
f 1322//1320 1323//1321 849//848
f 1009//1008 889//888 356//356
f 1370//1368 1372//1370 255//255
f 814//813 807//806 806//805
f 1031//1030 1017//1016 206//206
f 268//268 879//878 1145//1144
f 1173//1172 1177//1176 281//281
f 2431//2428 2440//2437 1447//1445
f 323//323 322//322 1086//1085
f 1146//1145 296//296 1177//1176
f 2307//2304 2261//2258 2544//2541
f 1055//1054 255//255 1006//1005
f 809//808 808//807 815//814
f 1187//1186 352//352 1012//1011
f 860//859 928//927 862//861
f 153//153 213//213 1056//1055
f 810//809 809//808 816//815
f 1003//1002 1029//1028 1036//1035
f 811//810 810//809 817//816
f 819//818 812//811 811//810
f 820//819 813//812 812//811
f 331//331 558//558 1040//1039
f 239//239 62//62 236//236
f 821//820 814//813 813//812
f 1073//1072 1400//1398 175//175
f 384//384 66//66 373//373
f 1515//1513 2796//2792 2819//2815
f 3//3 327//327 17//17
f 1426//1424 1894//1892 1584//1582
f 1028//1027 1058//1057 1029//1028
f 221//221 1321//1319 1257//1255
f 99//99 91//91 153//153
f 1037//1036 235//235 1079//1078
f 277//277 1205//1204 323//323
f 997//996 1000//999 892//891
f 1261//1259 152//152 898//897
f 2516//2513 2399//2396 2515//2512
f 1505//1503 1652//1650 1717//1715
f 79//79 344//344 833//832
f 582//582 921//920 1307//1305
f 1017//1016 1027//1026 206//206
f 920//919 1049//1048 570//570
f 109//109 1104//1103 1102//1101
f 313//313 1396//1394 317//317
f 305//305 313//313 590//590
f 2520//2517 1591//1589 1486//1484
f 353//353 339//339 1213//1212
f 1213//1212 360//360 889//888
f 321//321 119//119 516//516
f 32//32 871//870 872//871
f 119//119 340//340 514//514
f 333//333 877//876 348//348
f 360//360 882//881 1042//1041
f 320//320 330//330 513//513
f 549//549 337//337 79//79
f 72//72 298//298 294//294
f 833//832 344//344 350//350
f 290//290 373//373 75//75
f 1680//1678 1674//1672 1914//1912
f 924//923 259//259 1300//1298
f 1683//1681 1829//1827 1579//1577
f 295//295 1078//1077 218//218
f 1813//1811 1436//1434 1933//1931
f 1424//1422 1599//1597 1417//1415
f 923//922 220//220 369//369
f 1400//1398 1072//1071 168//168
f 859//858 81//81 1084//1083
f 1109//1108 248//248 376//376
f 1431//1429 1567//1565 1562//1560
f 449//449 341//341 832//831
f 1173//1172 281//281 237//237
f 2534//2531 1446//1444 1481//1479
f 576//576 583//583 90//90
f 2425//2422 1648//1646 2518//2515
f 1717//1715 1671//1669 1709//1707
f 322//322 1291//1289 221//221
f 1381//1379 829//828 1053//1052
f 2212//2209 2211//2208 2272//2269
f 1000//999 1009//1008 362//362
f 1434//1432 1417//1415 1963//1961
f 1087//1086 881//880 1032//1031
f 1308//1306 997//996 48//48
f 136//136 18//18 1176//1175
f 877//876 334//334 345//345
f 1042//1041 1013//1012 354//354
f 2791//2787 2519//2516 2451//2448
f 295//295 571//571 1078//1077
f 1288//1286 858//857 78//78
f 1555//1553 1548//1546 1549//1547
f 1554//1552 1547//1545 1548//1546
f 1553//1551 1546//1544 1547//1545
f 1552//1550 1545//1543 1546//1544
f 1551//1549 1544//1542 1545//1543
f 1345//1343 887//886 67//67
f 1549//1547 1541//1539 1542//1540
f 1548//1546 1540//1538 1541//1539
f 1547//1545 1539//1537 1540//1538
f 1546//1544 1538//1536 1539//1537
f 1545//1543 1537//1535 1538//1536
f 1543//1541 1535//1533 1536//1534
f 1542//1540 1534//1532 1535//1533
f 1541//1539 1533//1531 1534//1532
f 1540//1538 1532//1530 1533//1531
f 1539//1537 1531//1529 1532//1530
f 1538//1536 1530//1528 1531//1529
f 1536//1534 1528//1526 1529//1527
f 1535//1533 1527//1525 1528//1526
f 1534//1532 1526//1524 1527//1525
f 1533//1531 1525//1523 1526//1524
f 1532//1530 1523//1521 1525//1523
f 1531//1529 1522//1520 1523//1521
f 85//85 332//332 1180//1179
f 1528//1526 1520//1518 1521//1519
f 1527//1525 1519//1517 1520//1518
f 1526//1524 1518//1516 1519//1517
f 1525//1523 1517//1515 1518//1516
f 1523//1521 1516//1514 1517//1515
f 2422//2419 2476//2473 2477//2474
f 1521//1519 1512//1510 1514//1512
f 1520//1518 1511//1509 1512//1510
f 1519//1517 1510//1508 1511//1509
f 1518//1516 1509//1507 1510//1508
f 1517//1515 1508//1506 1509//1507
f 136//136 886//885 18//18
f 82//82 1089//1088 301//301
f 2666//2662 1553//1551 1554//1552
f 2663//2659 1552//1550 1553//1551
f 2660//2656 1551//1549 1552//1550
f 2659//2655 1550//1548 1551//1549
f 2647//2643 2456//2453 1550//1548
f 1550//1548 2455//2452 1544//1542
f 1544//1542 2454//2451 1537//1535
f 1537//1535 2453//2450 1530//1528
f 1530//1528 2452//2449 1522//1520
f 1522//1520 2450//2447 1516//1514
f 1516//1514 2448//2445 1508//1506
f 1508//1506 2818//2814 2761//2757
f 1509//1507 2761//2757 2764//2760
f 1510//1508 2764//2760 2765//2761
f 1511//1509 2765//2761 2766//2762
f 1512//1510 2766//2762 2767//2763
f 1514//1512 2767//2763 2800//2796
f 1515//1513 2800//2796 2796//2792
f 862//861 202//202 1025//1024
f 1128//1127 1135//1134 1048//1047
f 2458//2455 1529//1527 2457//2454
f 75//75 89//89 1010//1009
f 338//338 833//832 346//346
f 836//835 1084//1083 361//361
f 1507//1505 1495//1493 1496//1494
f 1501//1499 1495//1493 1504//1502
f 1500//1498 1494//1492 1501//1499
f 2232//2229 2776//2772 2770//2766
f 229//229 1076//1075 216//216
f 1495//1493 1485//1483 1496//1494
f 1494//1492 1484//1482 1495//1493
f 1491//1489 1483//1481 1494//1492
f 1489//1487 1482//1480 1491//1489
f 842//841 1319//1317 1385//1383
f 843//842 842//841 1263//1261
f 1484//1482 1479//1477 1485//1483
f 1483//1481 1478//1476 1484//1482
f 1482//1480 1477//1475 1483//1481
f 2206//2203 2319//2316 2322//2319
f 844//843 843//842 1264//1262
f 1478//1476 1474//1472 1479//1477
f 1477//1475 1473//1471 1478//1476
f 1476//1474 1471//1469 1477//1475
f 368//368 73//73 377//377
f 1392//1390 1399//1397 1022//1021
f 845//844 844//843 1265//1263
f 1473//1471 1462//1460 1474//1472
f 1471//1469 1461//1459 1473//1471
f 1470//1468 1460//1458 1471//1469
f 1033//1032 225//225 826//825
f 1066//1065 865//864 272//272
f 1492//1490 1505//1503 1971//1969
f 1461//1459 1455//1453 1462//1460
f 1460//1458 1454//1452 1461//1459
f 1459//1457 1453//1451 1460//1458
f 1458//1456 1452//1450 1459//1457
f 383//383 265//265 70//70
f 2802//2798 1507//1505 2456//2453
f 2504//2501 1504//1502 1507//1505
f 2656//2652 1504//1502 2654//2650
f 1578//1576 2480//2477 2497//2494
f 189//189 105//105 181//181
f 161//161 1114//1113 151//151
f 1080//1079 277//277 1336//1334
f 1267//1265 846//845 845//844
f 215//215 286//286 140//140
f 294//294 388//388 77//77
f 236//236 62//62 1039//1038
f 2479//2476 1433//1431 2459//2456
f 1014//1013 857//856 888//887
f 1617//1615 1711//1709 1472//1470
f 1639//1637 1412//1410 1683//1681
f 2207//2204 2200//2197 2316//2313
f 1450//1448 2751//2747 1451//1449
f 1451//1449 2754//2750 1452//1450
f 1452//1450 2758//2754 1453//1451
f 1453//1451 2759//2755 1454//1452
f 1454//1452 2760//2756 1455//1453
f 1455//1453 2818//2814 2448//2445
f 1462//1460 2448//2445 2450//2447
f 1474//1472 2450//2447 2452//2449
f 2453//2450 1474//1472 2452//2449
f 2454//2451 1479//1477 2453//2450
f 2455//2452 1485//1483 2454//2451
f 2456//2453 1496//1494 2455//2452
f 1099//1098 1024//1023 870//869
f 61//61 205//205 68//68
f 50//50 100//100 226//226
f 2220//2217 2239//2236 2307//2304
f 1899//1897 1464//1462 1857//1855
f 20//20 526//526 28//28
f 332//332 825//824 1291//1289
f 1048//1047 1189//1188 924//923
f 250//250 1011//1010 1392//1390
f 2477//2474 2406//2403 2516//2513
f 1577//1575 2443//2440 2433//2430
f 2322//2319 2202//2199 2216//2213
f 934//933 1075//1074 1150//1149
f 840//839 291//291 927//926
f 2813//2809 2586//2583 1724//1722
f 2355//2352 2221//2218 2268//2265
f 1104//1103 1003//1002 1102//1101
f 2231//2228 2346//2343 2338//2335
f 231//231 1324//1322 914//913
f 1305//1303 76//76 1382//1380
f 892//891 362//362 895//894
f 125//125 1015//1014 130//130
f 1878//1876 1684//1682 1679//1677
f 996//995 1001//1000 1372//1370
f 1320//1318 1085//1084 267//267
f 356//356 343//343 893//892
f 348//348 345//345 336//336
f 341//341 838//837 831//830
f 208//208 1052//1051 1379//1377
f 1257//1255 1177//1176 1173//1172
f 2477//2474 2412//2409 2389//2386
f 1013//1012 336//336 891//890
f 2389//2386 2405//2402 2393//2390
f 1102//1101 1003//1002 124//124
f 2293//2290 2779//2775 2757//2753
f 2771//2767 2778//2774 2293//2290
f 2250//2247 2296//2293 2297//2294
f 1001//1000 994//993 1083//1082
f 83//83 1381//1379 1050//1049
f 1429//1427 1486//1484 1430//1428
f 1098//1097 1056//1055 63//63
f 1365//1363 1077//1076 91//91
f 2775//2771 2769//2765 2506//2503
f 882//881 348//348 1013//1012
f 98//98 547//547 118//118
f 364//364 294//294 284//284
f 1136//1135 60//60 266//266
f 889//888 1042//1041 343//343
f 234//234 196//196 1397//1395
f 260//260 1162//1161 189//189
f 1029//1028 1058//1057 1363//1361
f 1029//1028 1363//1361 1036//1035
f 256//256 1377//1375 210//210
f 825//824 1321//1319 1291//1289
f 1022//1021 256//256 241//241
f 1588//1586 2782//2778 2817//2813
f 1488//1486 1055//1054 1144//1143
f 108//108 1028//1027 1029//1028
f 1083//1082 993//992 999//998
f 348//348 336//336 1013//1012
f 1077//1076 153//153 91//91
f 40//40 20//20 5//5
f 1648//1646 2520//2517 2444//2441
f 1286//1284 16//16 10//10
f 50//50 1185//1184 100//100
f 577//577 76//76 1305//1303
f 1293//1291 1292//1290 869//868
f 1711//1709 1876//1874 2115//2113
f 335//335 33//33 324//324
f 1731//1729 1663//1661 1958//1956
f 2673//2669 2813//2809 2635//2631
f 453//453 314//314 319//319
f 86//86 57//57 292//292
f 447//447 1305//1303 71//71
f 1213//1212 889//888 1009//1008
f 354//354 152//152 1261//1259
f 2819//2815 2796//2792 2519//2516
f 1022//1021 1007//1006 1019//1018
f 1006//1005 1017//1016 1018//1017
f 574//574 1330//1328 841//840
f 1268//1266 1002//1001 1338//1336
f 1190//1189 923//922 225//225
f 291//291 257//257 927//926
f 1026//1025 282//282 257//257
f 1876//1874 1635//1633 1719//1717
f 2518//2515 2444//2441 2806//2802
f 1285//1283 310//310 547//547
f 999//998 992//991 998//997
f 2351//2348 2231//2228 2264//2261
f 225//225 369//369 9//9
f 1087//1086 1032//1031 84//84
f 826//825 9//9 1162//1161
f 1970//1968 2644//2640 2577//2574
f 349//349 351//351 859//858
f 1130//1129 1257//1255 1173//1172
f 1086//1085 322//322 221//221
f 886//885 890//889 18//18
f 1007//1006 1375//1373 1019//1018
f 1007//1006 1373//1371 1374//1372
f 998//997 1//1 1373//1371
f 992//991 1411//1409 1//1
f 993//992 1369//1367 992//991
f 994//993 1368//1366 993//992
f 995//994 1367//1365 994//993
f 1365//1363 995//994 996//995
f 1013//1012 891//890 354//354
f 884//883 1176//1175 828//827
f 2424//2421 2489//2486 2447//2444
f 2189//2186 2186//2183 2564//2561
f 223//223 1077//1076 1370//1368
f 1020//1019 218//218 64//64
f 923//922 369//369 225//225
f 984//983 990//989 991//990
f 983//982 989//988 990//989
f 982//981 988//987 989//988
f 988//987 980//979 987//986
f 987//986 979//978 986//985
f 986//985 978//977 985//984
f 977//976 983//982 984//983
f 983//982 975//974 982//981
f 982//981 974//973 981//980
f 974//973 980//979 981//980
f 973//972 979//978 980//979
f 979//978 971//970 978//977
f 970//969 976//975 977//976
f 976//975 968//967 975//974
f 975//974 967//966 974//973
f 967//966 973//972 974//973
f 966//965 972//971 973//972
f 972//971 964//963 971//970
f 970//969 962//961 969//968
f 962//961 968//967 969//968
f 961//960 967//966 968//967
f 967//966 959//958 966//965
f 966//965 958//957 965//964
f 958//957 964//963 965//964
f 963//962 955//954 962//961
f 955//954 961//960 962//961
f 954//953 960//959 961//960
f 960//959 952//951 959//958
f 959//958 951//950 958//957
f 951//950 957//956 958//957
f 956//955 948//947 955//954
f 955//954 947//946 954//953
f 954//953 946//945 953//952
f 946//945 952//951 953//952
f 945//944 951//950 952//951
f 944//943 950//949 951//950
f 1407//1405 991//990 1354//1352
f 991//990 1353//1351 1354//1352
f 990//989 1352//1350 1353//1351
f 989//988 1351//1349 1352//1350
f 1351//1349 987//986 1350//1348
f 1350//1348 986//985 1349//1347
f 1349//1347 985//984 1347//1345
f 985//984 1408//1406 1347//1345
f 985//984 1344//1342 1346//1344
f 978//977 1342//1340 1344//1342
f 971//970 1341//1339 1342//1340
f 957//956 1341//1339 964//963
f 950//949 1340//1338 957//956
f 943//942 1339//1337 950//949
f 943//942 1409//1407 1335//1333
f 1333//1331 943//942 944//943
f 1332//1330 944//943 945//944
f 1331//1329 945//944 946//945
f 947//946 1331//1329 946//945
f 948//947 1329//1327 947//946
f 949//948 1326//1324 948//947
f 1410//1408 949//948 1362//1360
f 1360//1358 949//948 956//955
f 1359//1357 956//955 963//962
f 1358//1356 963//962 970//969
f 1358//1356 977//976 1357//1355
f 1357//1355 984//983 1356//1354
f 1356//1354 991//990 1355//1353
f 942//941 934//933 941//940
f 941//940 933//932 940//939
f 940//939 932//931 939//938
f 932//931 938//937 939//938
f 931//930 937//936 938//937
f 930//929 936//935 937//936
f 101//101 108//108 1104//1103
f 1400//1398 168//168 175//175
f 933//932 927//926 932//931
f 927//926 931//930 932//931
f 1102//1101 124//124 1015//1014
f 108//108 1029//1028 1003//1002
f 2510//2507 2498//2495 2469//2466
f 2398//2395 2413//2410 2410//2407
f 2509//2506 2449//2446 2229//2226
f 2783//2779 2790//2786 2460//2457
f 2507//2504 2495//2492 2398//2395
f 1811//1809 1440//1438 1922//1920
f 1856//1854 1940//1938 1589//1587
f 2336//2333 2218//2215 2340//2337
f 1567//1565 1600//1598 1568//1566
f 2539//2536 1911//1909 1944//1942
f 2811//2807 2661//2657 1693//1691
f 2669//2665 1555//1553 1556//1554
f 2481//2478 2780//2776 2817//2813
f 851//850 1270//1268 222//222
f 2200//2197 2333//2330 2204//2201
f 1826//1824 1609//1607 2664//2660
f 1506//1504 1561//1559 1603//1601
f 1048//1047 1190//1189 1189//1188
f 1406//1404 2116//2114 2537//2534
f 109//109 1102//1101 116//116
f 1385//1383 942//941 1318//1316
f 1318//1316 941//940 1317//1315
f 1317//1315 940//939 1316//1314
f 1316//1314 939//938 1315//1313
f 939//938 1314//1312 1315//1313
f 938//937 1313//1311 1314//1312
f 937//936 1312//1310 1313//1311
f 936//935 1386//1384 1312//1310
f 929//928 1311//1309 936//935
f 926//925 1310//1308 929//928
f 2258//2255 2687//2683 2813//2809
f 249//249 252//252 1129//1128
f 2772//2768 2775//2771 2511//2508
f 2496//2493 1439//1437 1690//1688
f 59//59 302//302 880//879
f 380//380 1014//1013 1135//1134
f 201//201 200//200 287//287
f 2256//2253 2307//2304 2632//2628
f 371//371 1108//1107 370//370
f 1324//1322 1304//1302 914//913
f 2710//2706 1693//1691 1712//1710
f 1503//1501 2119//2117 1464//1462
f 303//303 1124//1123 74//74
f 447//447 577//577 1305//1303
f 1319//1317 935//934 942//941
f 911//910 903//902 910//909
f 910//909 902//901 909//908
f 909//908 901//900 908//907
f 901//900 907//906 908//907
f 900//899 906//905 907//906
f 899//898 905//904 906//905
f 904//903 896//895 903//902
f 903//902 895//894 902//901
f 902//901 894//893 901//900
f 894//893 900//899 901//900
f 893//892 899//898 900//899
f 201//201 233//233 200//200
f 1184//1183 217//217 87//87
f 892//891 895//894 896//895
f 2406//2403 2389//2386 2395//2392
f 319//319 552//552 549//549
f 1612//1610 1622//1620 1720//1718
f 364//364 284//284 89//89
f 1328//1326 841//840 596//596
f 2796//2792 2800//2796 2473//2470
f 2787//2783 2786//2782 2437//2434
f 913//912 567//567 316//316
f 1069//1068 44//44 844//843
f 26//26 1082//1081 1049//1048
f 2515//2512 2740//2736 2780//2776
f 1190//1189 1033//1032 1134//1133
f 1343//1341 1088//1087 214//214
f 2500//2497 1691//1689 2391//2388
f 312//312 1285//1283 98//98
f 2687//2683 2230//2227 2586//2583
f 2339//2336 2222//2219 2237//2234
f 87//87 585//585 586//586
f 1112//1111 1118//1117 922//921
f 1623//1621 1586//1584 1940//1938
f 238//238 80//80 271//271
f 1386//1384 911//910 1303//1301
f 1303//1301 910//909 1302//1300
f 1302//1300 909//908 1299//1297
f 1299//1297 908//907 1298//1296
f 908//907 1297//1295 1298//1296
f 907//906 1296//1294 1297//1295
f 906//905 1294//1292 1296//1294
f 905//904 1387//1385 1294//1292
f 898//897 1293//1291 905//904
f 1199//1198 568//568 1205//1204
f 338//338 79//79 833//832
f 1117//1116 1259//1257 242//242
f 2338//2335 2339//2336 2239//2236
f 1658//1656 2666//2662 2652//2648
f 327//327 53//53 1393//1391
f 1708//1706 1683//1681 1629//1627
f 2806//2802 1429//1427 2537//2534
f 2329//2326 2228//2225 2222//2219
f 2482//2479 2428//2425 2476//2473
f 872//871 871//870 1279//1277
f 1668//1666 1633//1631 1651//1649
f 2683//2679 2351//2348 2328//2325
f 2488//2485 2490//2487 2498//2495
f 1497//1495 1857//1855 1597//1595
f 2530//2527 2527//2524 1808//1806
f 1309//1307 904//903 1310//1308
f 1311//1309 904//903 911//910
f 196//196 188//188 387//387
f 2224//2221 2268//2265 2353//2350
f 1892//1890 1114//1113 58//58
f 1114//1113 1377//1375 151//151
f 1015//1014 1008//1007 130//130
f 873//872 872//871 1280//1278
f 549//549 326//326 337//337
f 2635//2631 1724//1722 1951//1949
f 822//821 216//216 1274//1272
f 2492//2489 2439//2436 2794//2790
f 2439//2436 2481//2478 2782//2778
f 310//310 922//921 453//453
f 2513//2510 2397//2394 2523//2520
f 1440//1438 2419//2416 1922//1920
f 1274//1272 1076//1075 1380//1378
f 1396//1394 280//280 285//285
f 1282//1280 874//873 873//872
f 2490//2487 2494//2491 2493//2490
f 272//272 47//47 261//261
f 1283//1281 875//874 874//873
f 2337//2334 2668//2664 2811//2807
f 1284//1282 876//875 875//874
f 1387//1385 1293//1291 876//875
f 1327//1325 834//833 374//374
f 2469//2466 2523//2520 2449//2446
f 1608//1606 1631//1629 1659//1657
f 2476//2473 2442//2439 2412//2409
f 1387//1385 876//875 1284//1282
f 1284//1282 875//874 1283//1281
f 1283//1281 874//873 1282//1280
f 1282//1280 873//872 1281//1279
f 873//872 1280//1278 1281//1279
f 872//871 1279//1277 1280//1278
f 871//870 1278//1276 1279//1277
f 14//14 1327//1325 879//878
f 346//346 833//832 1276//1274
f 1615//1613 2113//2111 1624//1622
f 105//105 174//174 181//181
f 365//365 886//885 136//136
f 2230//2227 2205//2202 2531//2528
f 1125//1124 1070//1069 1289//1287
f 1704//1702 1624//1622 2534//2531
f 2337//2334 2347//2344 2643//2639
f 371//371 370//370 147//147
f 856//855 1054//1053 599//599
f 833//832 350//350 1276//1274
f 547//547 453//453 320//320
f 2797//2793 2404//2401 2478//2475
f 217//217 585//585 87//87
f 1292//1290 867//866 869//868
f 1293//1291 869//868 876//875
f 153//153 1488//1486 213//213
f 1571//1569 1626//1624 1640//1638
f 6//6 854//853 86//86
f 1524//1522 2790//2786 2783//2779
f 153//153 1056//1055 1098//1097
f 2524//2521 2411//2408 2403//2400
f 20//20 17//17 526//526
f 2318//2315 2215//2212 2332//2329
f 2413//2410 2499//2496 2501//2498
f 2769//2765 2771//2767 2331//2328
f 2778//2774 2808//2804 2779//2775
f 1113//1112 10//10 56//56
f 64//64 582//582 1091//1090
f 311//311 293//293 95//95
f 2702//2698 2241//2238 2295//2292
f 2423//2420 2417//2414 2421//2418
f 247//247 262//262 912//911
f 248//248 1095//1094 852//851
f 232//232 449//449 832//831
f 631//631 19//19 1267//1265
f 77//77 288//288 80//80
f 1907//1905 1958//1956 1627//1625
f 2412//2409 2524//2521 2405//2402
f 1145//1144 576//576 52//52
f 2447//2444 2407//2404 2439//2436
f 1628//1626 1698//1696 1697//1695
f 2341//2338 2337//2334 2690//2686
f 280//280 273//273 300//300
f 1467//1465 1514//1512 1515//1513
f 1054//1053 437//437 263//263
f 3//3 17//17 20//20
f 1267//1265 845//844 1266//1264
f 845//844 1265//1263 1266//1264
f 844//843 1264//1262 1265//1263
f 843//842 1263//1261 1264//1262
f 842//841 1385//1383 1263//1261
f 314//314 590//590 552//552
f 1380//1378 1892//1890 58//58
f 1397//1395 387//387 1111//1110
f 2233//2230 2336//2333 2228//2225
f 1420//1418 1447//1445 1576//1574
f 89//89 284//284 135//135
f 294//294 77//77 284//284
f 1965//1963 1720//1718 1672//1670
f 278//278 375//375 1109//1108
f 1122//1121 247//247 912//911
f 155//155 296//296 1146//1145
f 1681//1679 1914//1912 1607//1605
f 67//67 837//836 357//357
f 2407//2404 2515//2512 2481//2478
f 1125//1124 287//287 1070//1069
f 1189//1188 1134//1133 1337//1335
f 821//820 813//812 820//819
f 820//819 812//811 819//818
f 819//818 811//810 818//817
f 811//810 817//816 818//817
f 810//809 816//815 817//816
f 809//808 815//814 816//815
f 814//813 806//805 813//812
f 813//812 805//804 812//811
f 812//811 804//803 811//810
f 804//803 810//809 811//810
f 803//802 809//808 810//809
f 802//801 808//807 809//808
f 807//806 799//798 806//805
f 806//805 798//797 805//804
f 805//804 797//796 804//803
f 797//796 803//802 804//803
f 796//795 802//801 803//802
f 795//794 801//800 802//801
f 800//799 792//791 799//798
f 799//798 791//790 798//797
f 798//797 790//789 797//796
f 790//789 796//795 797//796
f 789//788 795//794 796//795
f 788//787 794//793 795//794
f 793//792 785//784 792//791
f 792//791 784//783 791//790
f 791//790 783//782 790//789
f 783//782 789//788 790//789
f 782//781 788//787 789//788
f 781//780 787//786 788//787
f 786//785 778//777 785//784
f 785//784 777//776 784//783
f 784//783 776//775 783//782
f 776//775 782//781 783//782
f 775//774 781//780 782//781
f 774//773 780//779 781//780
f 1388//1386 821//820 1249//1247
f 1249//1247 820//819 1248//1246
f 1248//1246 819//818 1247//1245
f 1247//1245 818//817 1246//1244
f 818//817 1245//1243 1246//1244
f 817//816 1244//1242 1245//1243
f 816//815 1243//1241 1244//1242
f 815//814 1389//1387 1243//1241
f 808//807 1242//1240 815//814
f 801//800 1241//1239 808//807
f 794//793 1240//1238 801//800
f 787//786 1239//1237 794//793
f 780//779 1238//1236 787//786
f 773//772 1237//1235 780//779
f 1312//1310 1236//1234 773//772
f 1313//1311 773//772 774//773
f 1314//1312 774//773 775//774
f 1315//1313 775//774 776//775
f 777//776 1315//1313 776//775
f 778//777 1316//1314 777//776
f 779//778 1317//1315 778//777
f 1256//1254 1318//1316 779//778
f 1255//1253 779//778 786//785
f 1254//1252 786//785 793//792
f 1253//1251 793//792 800//799
f 1252//1250 800//799 807//806
f 1251//1249 807//806 814//813
f 1250//1248 814//813 821//820
f 772//765 764//764 771//771
f 771//771 763//763 770//770
f 770//770 762//762 769//769
f 762//762 768//768 769//769
f 761//761 767//767 768//768
f 760//760 766//766 767//767
f 765//765 757//757 764//764
f 764//764 756//756 763//763
f 763//763 755//755 762//762
f 755//755 761//761 762//762
f 754//754 760//760 761//761
f 753//753 759//759 760//760
f 758//758 750//750 757//757
f 757//757 749//749 756//756
f 756//756 748//748 755//755
f 748//748 754//754 755//755
f 747//747 753//753 754//754
f 746//746 752//752 753//753
f 751//751 743//743 750//750
f 750//750 742//742 749//749
f 749//749 741//741 748//748
f 741//741 747//747 748//748
f 740//740 746//746 747//747
f 739//739 745//745 746//746
f 744//744 736//736 743//743
f 743//743 735//735 742//742
f 742//742 734//734 741//741
f 734//734 740//740 741//741
f 733//733 739//739 740//740
f 732//732 738//738 739//739
f 737//737 729//729 736//736
f 736//736 728//728 735//735
f 735//735 727//727 734//734
f 727//727 733//733 734//734
f 726//726 732//732 733//733
f 725//725 731//731 732//732
f 1389//1387 772//765 1235//1233
f 1235//1233 771//771 1234//1232
f 1234//1232 770//770 1232//1230
f 1232//1230 769//769 1231//1229
f 769//769 1230//1228 1231//1229
f 768//768 1229//767 1230//1228
f 767//767 1228//1227 1229//767
f 766//766 1390//1388 1228//1227
f 759//759 1227//1226 766//766
f 752//752 1226//1225 759//759
f 745//745 1223//1222 752//752
f 738//738 1222//1221 745//745
f 731//731 1221//1220 738//738
f 724//724 1220//1219 731//731
f 1294//1292 1218//1217 724//724
f 1296//1294 724//724 725//725
f 1297//1295 725//725 726//726
f 1298//1296 726//726 727//727
f 728//728 1298//1296 727//727
f 729//729 1299//1297 728//728
f 730//730 1302//1300 729//729
f 1236//1234 1303//1301 730//730
f 1237//1235 730//730 737//737
f 1238//1236 737//737 744//744
f 1239//1237 744//744 751//751
f 1240//1238 751//751 758//758
f 1241//1239 758//758 765//765
f 1242//1240 765//765 772//765
f 723//723 715//715 722//722
f 722//722 714//714 721//721
f 721//721 713//713 720//720
f 713//713 719//719 720//720
f 712//712 718//718 719//719
f 711//711 717//717 718//718
f 716//716 708//708 715//715
f 715//715 707//707 714//714
f 714//714 706//706 713//713
f 706//706 712//712 713//713
f 705//705 711//711 712//712
f 704//704 710//710 711//711
f 709//709 701//701 708//708
f 708//708 700//700 707//707
f 707//707 699//699 706//706
f 699//699 705//705 706//706
f 698//698 704//704 705//705
f 697//697 703//703 704//704
f 702//702 694//694 701//701
f 701//701 693//693 700//700
f 700//700 692//692 699//699
f 692//692 698//698 699//699
f 691//691 697//697 698//698
f 690//690 696//696 697//697
f 695//695 687//687 694//694
f 694//694 686//686 693//693
f 693//693 685//685 692//692
f 685//685 691//691 692//692
f 684//684 690//690 691//691
f 683//683 689//689 690//690
f 688//688 680//680 687//687
f 687//687 679//679 686//686
f 686//686 678//678 685//685
f 678//678 684//684 685//685
f 677//677 683//683 684//684
f 676//676 682//682 683//683
f 1390//1388 723//723 1216//1215
f 1216//1215 722//722 1215//1214
f 1215//1214 721//721 1214//1213
f 1214//1213 720//720 1211//1210
f 720//720 1210//1209 1211//1210
f 719//719 1209//1208 1210//1209
f 718//718 1208//1207 1209//1208
f 717//717 1391//1389 1208//1207
f 710//710 1206//1205 717//717
f 703//703 1204//1203 710//710
f 696//696 1203//1202 703//703
f 689//689 1202//1201 696//696
f 682//682 1201//1200 689//689
f 675//675 1200//1199 682//682
f 1278//1276 1198//1197 675//675
f 1279//1277 675//675 676//676
f 1280//1278 676//676 677//677
f 1281//1279 677//677 678//678
f 679//679 1281//1279 678//678
f 680//680 1282//1280 679//679
f 681//681 1283//1281 680//680
f 1218//1217 1284//1282 681//681
f 1220//1219 681//681 688//688
f 1221//1220 688//688 695//695
f 1222//1221 695//695 702//702
f 1223//1222 702//702 709//709
f 1226//1225 709//709 716//716
f 1227//1226 716//716 723//723
f 674//674 666//666 673//673
f 673//673 665//665 672//672
f 672//672 664//664 671//671
f 664//664 670//670 671//671
f 663//663 669//669 670//670
f 662//662 668//668 669//669
f 667//667 659//659 666//666
f 666//666 658//658 665//665
f 665//665 657//657 664//664
f 657//657 663//663 664//664
f 656//656 662//662 663//663
f 655//655 661//661 662//662
f 660//660 652//652 659//659
f 659//659 651//651 658//658
f 658//658 650//650 657//657
f 650//650 656//656 657//657
f 649//649 655//655 656//656
f 648//648 654//654 655//655
f 653//653 645//645 652//652
f 652//652 644//644 651//651
f 651//651 643//643 650//650
f 643//643 649//649 650//650
f 642//642 648//648 649//649
f 641//641 647//647 648//648
f 646//646 638//638 645//645
f 645//645 637//637 644//644
f 644//644 636//636 643//643
f 636//636 642//642 643//643
f 635//635 641//641 642//642
f 634//634 640//640 641//641
f 639//639 631//631 638//638
f 638//638 630//630 637//637
f 637//637 629//629 636//636
f 629//629 635//635 636//636
f 628//628 634//634 635//635
f 627//627 633//633 634//634
f 1391//1389 674//674 1197//1196
f 1197//1196 673//673 1195//1194
f 1195//1194 672//672 1194//1193
f 1194//1193 671//671 1192//1191
f 671//671 1186//1185 1192//1191
f 670//670 1183//1182 1186//1185
f 669//669 1182//1181 1183//1182
f 668//668 1388//1386 1182//1181
f 661//661 1250//1248 668//668
f 654//654 1251//1249 661//661
f 647//647 1252//1250 654//654
f 640//640 1253//1251 647//647
f 633//633 1254//1252 640//640
f 626//626 1255//1253 633//633
f 1263//1261 1256//1254 626//626
f 1264//1262 626//626 627//627
f 1265//1263 627//627 628//628
f 1266//1264 628//628 629//629
f 630//630 1266//1264 629//629
f 631//631 1267//1265 630//630
f 317//317 1396//1394 254//254
f 1198//1197 1269//1267 632//632
f 1200//1199 632//632 639//639
f 1201//1200 639//639 646//646
f 1202//1201 646//646 653//653
f 1203//1202 653//653 660//660
f 1204//1203 660//660 667//667
f 1206//1205 667//667 674//674
f 625//625 617//617 624//624
f 624//624 616//616 623//623
f 623//623 615//615 622//622
f 615//615 621//621 622//622
f 614//614 620//620 621//621
f 613//613 619//619 620//620
f 618//618 610//610 617//617
f 617//617 609//609 616//616
f 616//616 608//608 615//615
f 608//608 614//614 615//615
f 607//607 613//613 614//614
f 606//606 612//612 613//613
f 611//611 603//603 610//610
f 610//610 600//600 609//609
f 609//609 597//597 608//608
f 597//597 607//607 608//608
f 595//595 606//606 607//607
f 594//594 605//605 606//606
f 604//604 591//591 603//603
f 603//603 589//589 600//600
f 600//600 588//588 597//597
f 588//588 595//595 597//597
f 587//587 594//594 595//595
f 584//584 593//593 594//594
f 592//592 578//578 591//591
f 591//591 572//572 589//589
f 589//589 569//569 588//588
f 569//569 587//587 588//588
f 566//566 584//584 587//587
f 565//565 580//580 584//584
f 579//579 562//562 578//578
f 578//578 561//561 572//572
f 572//572 560//560 569//569
f 560//560 566//566 569//569
f 557//557 565//565 566//566
f 556//556 564//564 565//565
f 1410//1408 625//625 1325//1323
f 1325//1323 624//624 1326//1324
f 1326//1324 623//623 1329//1327
f 1329//1327 622//622 1331//1329
f 622//622 1332//1330 1331//1329
f 621//621 1333//1331 1332//1330
f 620//620 1334//1332 1333//1331
f 619//619 1409//1407 1334//1332
f 612//612 1170//1169 619//619
f 605//605 1169//1168 612//612
f 593//593 1168//1167 605//605
f 580//580 1167//1166 593//593
f 564//564 1166//1165 580//580
f 555//555 1165//1164 564//564
f 1243//1241 1163//1162 555//555
f 1244//1242 555//555 556//556
f 1245//1243 556//556 557//557
f 1246//1244 557//557 560//560
f 561//561 1246//1244 560//560
f 562//562 1247//1245 561//561
f 563//563 1248//1246 562//562
f 1181//1180 1249//1247 563//563
f 1179//1178 563//563 579//579
f 1178//1177 579//579 592//592
f 1175//1174 592//592 604//604
f 1174//1173 604//604 611//611
f 1172//1171 611//611 618//618
f 1171//1170 618//618 625//625
f 554//554 543//543 553//553
f 553//553 542//542 551//551
f 551//551 540//540 550//550
f 540//540 548//548 550//550
f 539//539 546//546 548//548
f 538//538 545//545 546//546
f 544//544 535//535 543//543
f 543//543 534//534 542//542
f 542//542 533//533 540//540
f 533//533 539//539 540//540
f 532//532 538//538 539//539
f 531//531 537//537 538//538
f 536//536 528//528 535//535
f 535//535 527//527 534//534
f 534//534 525//525 533//533
f 525//525 532//532 533//533
f 524//524 531//531 532//532
f 523//523 530//530 531//531
f 529//529 520//520 528//528
f 528//528 519//519 527//527
f 527//527 518//518 525//525
f 518//518 524//524 525//525
f 517//517 523//523 524//524
f 515//515 522//522 523//523
f 521//521 510//510 520//520
f 520//520 509//509 519//519
f 519//519 508//508 518//518
f 508//508 517//517 518//518
f 507//507 515//515 517//517
f 506//506 512//512 515//515
f 511//511 503//503 510//510
f 510//510 502//502 509//509
f 509//509 501//501 508//508
f 501//501 507//507 508//508
f 500//500 506//506 507//507
f 499//499 505//505 506//506
f 1409//1407 554//554 1335//1333
f 1335//1333 553//553 1339//1337
f 1339//1337 551//551 1340//1338
f 1340//1338 550//550 1341//1339
f 550//550 1342//1340 1341//1339
f 548//548 1344//1342 1342//1340
f 546//546 1346//1344 1344//1342
f 545//545 1408//1406 1346//1344
f 537//537 1161//1160 545//545
f 530//530 1160//1159 537//537
f 522//522 1159//1158 530//530
f 512//512 1158//1157 522//522
f 505//505 1157//1156 512//512
f 498//498 1156//1155 505//505
f 1228//1227 1155//1154 498//498
f 1229//767 498//498 499//499
f 1230//1228 499//499 500//500
f 1231//1229 500//500 501//501
f 502//502 1231//1229 501//501
f 503//503 1232//1230 502//502
f 504//504 1234//1232 503//503
f 1163//1162 1235//1233 504//504
f 1165//1164 504//504 511//511
f 1166//1165 511//511 521//521
f 1167//1166 521//521 529//529
f 1168//1167 529//529 536//536
f 1169//1168 536//536 544//544
f 1170//1169 544//544 554//554
f 497//497 487//487 496//496
f 496//496 486//486 495//495
f 495//495 485//485 494//494
f 485//485 493//493 494//494
f 484//484 492//492 493//493
f 483//483 489//489 492//492
f 488//488 480//480 487//487
f 487//487 479//479 486//486
f 486//486 478//478 485//485
f 478//478 484//484 485//485
f 477//477 483//483 484//484
f 476//476 482//482 483//483
f 481//481 473//473 480//480
f 480//480 472//472 479//479
f 479//479 471//471 478//478
f 471//471 477//477 478//478
f 470//470 476//476 477//477
f 469//469 475//475 476//476
f 474//474 466//466 473//473
f 473//473 465//465 472//472
f 472//472 464//464 471//471
f 464//464 470//470 471//471
f 462//462 469//469 470//470
f 461//461 468//468 469//469
f 467//467 457//457 466//466
f 466//466 456//456 465//465
f 465//465 454//454 464//464
f 454//454 462//462 464//464
f 452//452 461//461 462//462
f 451//451 460//460 461//461
f 459//459 446//446 457//457
f 457//457 445//445 456//456
f 456//456 444//444 454//454
f 444//444 452//452 454//454
f 443//443 451//451 452//452
f 442//442 450//450 451//451
f 1408//1406 497//497 1347//1345
f 1347//1345 496//496 1349//1347
f 1349//1347 495//495 1350//1348
f 1350//1348 494//494 1351//1349
f 494//494 1352//1350 1351//1349
f 493//493 1353//1351 1352//1350
f 492//492 1354//1352 1353//1351
f 489//489 1407//1405 1354//1352
f 482//482 1154//1153 489//489
f 475//475 1153//1152 482//482
f 468//468 1152//1151 475//475
f 460//460 1151//1150 468//468
f 450//450 1149//1148 460//460
f 441//441 1148//1147 450//450
f 1208//1207 1147//1146 441//441
f 1209//1208 441//441 442//442
f 1210//1209 442//442 443//443
f 1211//1210 443//443 444//444
f 445//445 1211//1210 444//444
f 446//446 1214//1213 445//445
f 448//448 1215//1214 446//446
f 1155//1154 1216//1215 448//448
f 1156//1155 448//448 459//459
f 1157//1156 459//459 467//467
f 1158//1157 467//467 474//474
f 1159//1158 474//474 481//481
f 1160//1159 481//481 488//488
f 1161//1160 488//488 497//497
f 439//439 430//430 438//438
f 438//438 429//429 436//436
f 436//436 428//428 435//435
f 428//428 434//434 435//435
f 427//427 433//433 434//434
f 426//426 432//432 433//433
f 431//431 423//423 430//430
f 430//430 422//422 429//429
f 429//429 421//421 428//428
f 421//421 427//427 428//428
f 420//420 426//426 427//427
f 419//419 425//425 426//426
f 424//424 416//416 423//423
f 423//423 415//415 422//422
f 422//422 414//414 421//421
f 414//414 420//420 421//421
f 413//413 419//419 420//420
f 412//412 418//418 419//419
f 417//417 409//409 416//416
f 416//416 408//408 415//415
f 415//415 407//407 414//414
f 407//407 413//413 414//414
f 406//406 412//412 413//413
f 405//405 411//411 412//412
f 410//410 402//402 409//409
f 409//409 401//401 408//408
f 408//408 400//400 407//407
f 400//400 406//406 407//407
f 399//399 405//405 406//406
f 398//398 404//404 405//405
f 403//403 395//395 402//402
f 402//402 394//394 401//401
f 401//401 393//393 400//400
f 393//393 399//399 400//400
f 392//392 398//398 399//399
f 391//391 397//397 398//398
f 1407//1405 439//439 1355//1353
f 1355//1353 438//438 1356//1354
f 1356//1354 436//436 1357//1355
f 1357//1355 435//435 1358//1356
f 435//435 1359//1357 1358//1356
f 434//434 1360//1358 1359//1357
f 433//433 1362//1360 1360//1358
f 432//432 1410//1408 1362//1360
f 425//425 1171//1170 432//432
f 418//418 1172//1171 425//425
f 411//411 1174//1173 418//418
f 404//404 1175//1174 411//411
f 397//397 1178//1177 404//404
f 390//390 1179//1178 397//397
f 1182//1181 1181//1180 390//390
f 1183//1182 390//390 391//391
f 1186//1185 391//391 392//392
f 1192//1191 392//392 393//393
f 394//394 1192//1191 393//393
f 395//395 1194//1193 394//394
f 396//396 1195//1194 395//395
f 1147//1146 1197//1196 396//396
f 1148//1147 396//396 403//403
f 1149//1148 403//403 410//410
f 1151//1150 410//410 417//417
f 1152//1151 417//417 424//424
f 1153//1152 424//424 431//431
f 1154//1153 431//431 439//439
f 1413//1411 1562//1560 1566//1564
f 1437//1435 1566//1564 1573//1571
f 1135//1134 220//220 923//922
f 1498//1496 1402//1400 1475//1473
f 336//336 1106//1105 891//890
f 45//45 1338//1336 115//115
f 2252//2249 2258//2255 2673//2669
f 2433//2430 1432//1430 1591//1589
f 1563//1561 1416//1414 1595//1593
f 2511//2508 2506//2503 2499//2496
f 332//332 1291//1289 1180//1179
f 2517//2514 2410//2407 2397//2394
f 321//321 118//118 119//119
f 1055//1054 1370//1368 255//255
f 823//822 83//83 279//279
f 2799//2795 2424//2421 2492//2489
f 1132//1131 826//825 260//260
f 359//359 302//302 1394//1392
f 2391//2388 1691//1689 2118//2116
f 2442//2439 2421//2418 2524//2521
f 1418//1416 2820//2816 2784//2780
f 1276//1274 350//350 69//69
f 1953//1951 1456//1454 1470//1468
f 74//74 280//280 1396//1394
f 1419//1417 1428//1426 1424//1422
f 1083//1082 994//993 993//992
f 1271//1269 1059//1058 1272//1270
f 1077//1076 1365//1363 996//995
f 590//590 313//313 317//317
f 1139//1138 860//859 211//211
f 1955//1953 1589//1587 1498//1496
f 201//201 287//287 1125//1124
f 1272//1270 228//228 822//821
f 1095//1094 299//299 852//851
f 934//933 1150//1149 933//932
f 99//99 153//153 1098//1097
f 2586//2583 2531//2528 1623//1621
f 1679//1677 1686//1684 1406//1404
f 857//856 1139//1138 211//211
f 1212//1211 40//40 5//5
f 215//215 140//140 915//914
f 230//230 1114//1113 161//161
f 526//526 21//21 1343//1341
f 55//55 245//245 1286//1284
f 1656//1654 1619//1617 2430//2427
f 1650//1648 1604//1602 1663//1661
f 1594//1592 1598//1596 1600//1598
f 1602//1600 204//204 212//212
f 308//308 1038//1037 22//22
f 866//865 1225//1224 2//2
f 231//231 914//913 315//315
f 2430//2427 1935//1933 2425//2422
f 889//888 343//343 356//356
f 871//870 38//38 1278//1276
f 1582//1580 1565//1563 2463//2460
f 209//209 1378//1376 1892//1890
f 1696//1694 2120//2118 1577//1575
f 1426//1424 1568//1566 1894//1892
f 2496//2493 2463//2460 1439//1437
f 2662//2658 2653//2649 1665//1663
f 1579//1577 1826//1824 2526//2523
f 2352//2349 2228//2225 2329//2326
f 2691//2687 1712//1710 1695//1693
f 2653//2649 2556//2553 1660//1658
f 1449//1447 2740//2736 1450//1448
f 2752//2748 1723//1721 1727//1725
f 1610//1608 1643//1641 1662//1660
f 340//340 346//346 349//349
f 1394//1392 302//302 59//59
f 1678//1676 1673//1671 1707//1705
f 1515//1513 2819//2815 2465//2462
f 574//574 913//912 1330//1328
f 1468//1466 1639//1637 1708//1706
f 581//581 385//385 577//577
f 2499//2496 2253//2250 2334//2331
f 1829//1827 1670//1668 1826//1824
f 1607//1605 1415//1413 1670//1668
f 259//259 352//352 1187//1186
f 463//463 332//332 85//85
f 1145//1144 52//52 258//258
f 1713//1711 1688//1686 1639//1637
f 1652//1650 1615//1613 1671//1669
f 1598//1596 2798//2794 1564//1562
f 387//387 187//187 194//194
f 1394//1392 59//59 1371//1369
f 1345//1343 67//67 382//382
f 1580//1578 1492//1490 1622//1620
f 360//360 1042//1041 889//888
f 2679//2675 2295//2292 2351//2348
f 2429//2426 2482//2479 2422//2419
f 1935//1933 1646//1644 1648//1646
f 9//9 1073//1072 1162//1161
f 135//135 1041//1040 296//296
f 376//376 852//851 913//912
f 1311//1309 1310//1308 904//903
f 2709//2705 1713//1711 1468//1466
f 1078//1077 571//571 1110//1109
f 265//265 912//911 1262//1260
f 2118//2116 1925//1923 1939//1937
f 238//238 271//271 1041//1040
f 1322//1320 849//848 925//924
f 1121//1120 1124//1123 303//303
f 1120//1119 303//303 305//305
f 1119//1118 305//305 306//306
f 1890//1888 2459//2456 1572//1570
f 2632//2628 2544//2541 1592//1590
f 841//840 1330//1328 601//601
f 1106//1105 858//857 307//307
f 283//283 1143//1142 1020//1019
f 1651//1649 1658//1656 1631//1629
f 1578//1576 1915//1913 2480//2477
f 2445//2442 2421//2418 2442//2439
f 376//376 913//912 574//574
f 1309//1307 897//896 904//903
f 366//366 1277//1275 38//38
f 1421//1419 1465//1463 1456//1454
f 1593//1591 1638//1636 1425//1423
f 864//863 1133//1132 232//232
f 2522//2519 2469//2466 2509//2506
f 1591//1589 1432//1430 1421//1419
f 296//296 281//281 1177//1176
f 230//230 58//58 1114//1113
f 1566//1564 1426//1424 1584//1582
f 1274//1272 216//216 1076//1075
f 1428//1426 1563//1561 1422//1420
f 1480//1478 1421//1419 1953//1951
f 2685//2681 2251//2248 2214//2211
f 1074//1073 1286//1284 1113//1112
f 1439//1437 1897//1895 1413//1411
f 1045//1044 278//278 1034//1033
f 1134//1133 1184//1183 1191//1190
f 246//246 1361//1359 568//568
f 1456//1454 1458//1456 1459//1457
f 2399//2396 2751//2747 2740//2736
f 1632//1630 1581//1579 1444//1442
f 12//12 276//276 26//26
f 2209//2206 2236//2233 2320//2317
f 302//302 297//297 848//847
f 274//274 269//269 273//273
f 2325//2322 2340//2337 2223//2220
f 2480//2477 2409//2406 1888//1886
f 1397//1395 196//196 387//387
f 2505//2502 2398//2395 2517//2514
f 2114//2112 1472//1470 1721//1719
f 1176//1175 14//14 828//827
f 2341//2338 2267//2264 2347//2344
f 1415//1413 1651//1649 1608//1606
f 254//254 285//285 289//289
f 2431//2428 1447//1445 1420//1418
f 2350//2347 2352//2349 2294//2291
f 130//130 1008//1007 440//440
f 233//233 199//199 61//61
f 863//862 1023//1022 1225//1224
f 1320//1318 267//267 935//934
f 2//2 861//860 34//34
f 1224//1223 1219//1218 366//366
f 2336//2333 2325//2322 2222//2219
f 1432//1430 1465//1463 1421//1419
f 1935//1933 1696//1694 1646//1644
f 270//270 1093//1092 269//269
f 1383//1381 270//270 1124//1123
f 1268//1266 147//147 1002//1001
f 2223//2220 2700//2696 2687//2683
f 1086//1085 221//221 855//854
f 1466//1464 1811//1809 1561//1559
f 1448//1446 1506//1504 1557//1555
f 1715//1713 1629//1627 2527//2524
f 123//123 1006//1005 1018//1017
f 285//285 280//280 300//300
f 632//632 1269//1267 19//19
f 2328//2325 2264//2261 2267//2264
f 1051//1050 216//216 228//228
f 358//358 1010//1009 389//389
f 37//37 45//45 1207//1206
f 1572//1570 2459//2456 2466//2463
f 827//826 857//856 1014//1013
f 339//339 360//360 1213//1212
f 552//552 317//317 326//326
f 114//114 897//896 1309//1307
f 222//222 1115//1114 1101//1100
f 1106//1105 78//78 858//857
f 1272//1270 1059//1058 228//228
f 48//48 896//895 897//896
f 2650//2646 2673//2669 1636//1634
f 1431//1429 1888//1886 1567//1565
f 898//897 1292//1290 1293//1291
f 33//33 34//34 32//32
f 2205//2202 2188//2185 2651//2647
f 905//904 1293//1291 1387//1385
f 906//905 905//904 1294//1292
f 907//906 906//905 1296//1294
f 874//873 324//324 873//872
f 874//873 335//335 324//324
f 1142//1141 353//353 881//880
f 334//334 1288//1286 345//345
f 2316//2313 2204//2201 2238//2235
f 875//874 342//342 335//335
f 1502//1500 881//880 1087//1086
f 863//862 1016//1015 1023//1022
f 2645//2641 1438//1436 1582//1580
f 908//907 907//906 1297//1295
f 1685//1683 1678//1676 1601//1599
f 1299//1297 909//908 908//907
f 1568//1566 1564//1562 1605//1603
f 1302//1300 910//909 909//908
f 1435//1433 1476//1474 1482//1480
f 1418//1416 2784//2780 2797//2793
f 1435//1433 1953//1951 1476//1474
f 1303//1301 911//910 910//909
f 1058//1057 378//378 358//358
f 361//361 878//877 339//339
f 925//924 853//852 559//559
f 213//213 1258//1256 384//384
f 1386//1384 1311//1309 911//910
f 257//257 930//929 931//930
f 1270//1268 880//879 1115//1114
f 1130//1129 1173//1172 854//853
f 282//282 929//928 930//929
f 1934//1932 1437//1435 1925//1923
f 1439//1437 1413//1411 1934//1932
f 2119//2117 2577//2574 2665//2661
f 49//49 1343//1341 214//214
f 1395//1393 61//61 68//68
f 1114//1113 1378//1376 1377//1375
f 997//996 892//891 48//48
f 100//100 35//35 331//331
f 1030//1029 1034//1033 1054//1053
f 2//2 856//855 861//860
f 855//854 221//221 1257//1255
f 2264//2261 2338//2335 2220//2217
f 875//874 335//335 874//873
f 2237//2234 2265//2262 2252//2249
f 198//198 1193//1192 1323//1321
f 229//229 209//209 1076//1075
f 922//921 306//306 314//314
f 1111//1110 310//310 1285//1283
f 287//287 1271//1269 1188//1187
f 65//65 272//272 121//121
f 2704//2700 2689//2685 2343//2340
f 1225//1224 1023//1022 1030//1029
f 256//256 1376//1374 1377//1375
f 1162//1161 105//105 189//189
f 1073//1072 175//175 105//105
f 116//116 1015//1014 125//125
f 369//369 915//914 9//9
f 858//857 1035//1034 1016//1015
f 67//67 357//357 1137//1136
f 211//211 862//861 286//286
f 870//869 311//311 245//245
f 2788//2784 2787//2783 2438//2435
f 1722//1720 1710//1708 2667//2663
f 1113//1112 1286//1284 10//10
f 312//312 98//98 585//585
f 46//46 41//41 1898//1896
f 1069//1068 30//30 13//13
f 140//140 1072//1071 1400//1398
f 1137//1136 1142//1141 1502//1500
f 310//310 453//453 547//547
f 1285//1283 547//547 98//98
f 583//583 1137//1136 1502//1500
f 1025//1024 202//202 230//230
f 883//882 601//601 868//867
f 1143//1142 295//295 1020//1019
f 1529//1527 1521//1519 1467//1465
f 1616//1614 1630//1628 1666//1664
f 1219//1218 37//37 36//36
f 2670//2666 1560//1558 1593//1591
f 1048//1047 1135//1134 923//922
f 513//513 338//338 340//340
f 314//314 552//552 319//319
f 590//590 317//317 552//552
f 1184//1183 87//87 1191//1190
f 285//285 300//300 1140//1139
f 292//292 865//864 1066//1065
f 922//921 314//314 453//453
f 357//357 88//88 1142//1141
f 1690//1688 1439//1437 1934//1932
f 2348//2345 2235//2232 2300//2297
f 11//11 1113//1112 1301//1299
f 2781//2777 2451//2448 2437//2434
f 2800//2796 2767//2763 2423//2420
f 52//52 90//90 182//182
f 118//118 320//320 513//513
f 848//847 1275//1273 823//822
f 1016//1015 1035//1034 1045//1044
f 856//855 1004//1003 308//308
f 1033//1032 826//825 1132//1131
f 846//845 1069//1068 845//844
f 194//194 186//186 193//193
f 193//193 185//185 192//192
f 192//192 184//184 191//191
f 191//191 183//183 190//190
f 189//189 181//181 188//188
f 188//188 180//180 187//187
f 187//187 179//179 186//186
f 186//186 178//178 185//185
f 185//185 177//177 184//184
f 184//184 176//176 183//183
f 147//147 1306//1304 1002//1001
f 181//181 173//173 180//180
f 180//180 172//172 179//179
f 179//179 171//171 178//178
f 178//178 170//170 177//177
f 177//177 169//169 176//176
f 175//175 167//167 174//174
f 174//174 166//166 173//173
f 173//173 165//165 172//172
f 172//172 164//164 171//171
f 171//171 163//163 170//170
f 170//170 162//162 169//169
f 168//168 160//160 167//167
f 167//167 159//159 166//166
f 166//166 158//158 165//165
f 165//165 157//157 164//164
f 164//164 156//156 163//163
f 163//163 154//154 162//162
f 161//161 151//151 160//160
f 160//160 150//150 159//159
f 159//159 149//149 158//158
f 158//158 148//148 157//157
f 157//157 146//146 156//156
f 156//156 145//145 154//154
f 2479//2476 1556//1554 1433//1431
f 570//570 926//925 282//282
f 1111//1110 194//194 1112//1111
f 1112//1111 193//193 1118//1117
f 1118//1117 192//192 1119//1118
f 1119//1118 191//191 1120//1119
f 1120//1119 190//190 1121//1120
f 1121//1120 1068//1067 1383//1381
f 190//190 1067//1066 1068//1067
f 183//183 1065//1064 1067//1066
f 176//176 1064//1063 1065//1064
f 169//169 1063//1062 1064//1063
f 162//162 1062//1061 1063//1062
f 154//154 1061//1060 1062//1061
f 145//145 1411//1409 1061//1060
f 146//146 1//1 145//145
f 148//148 1373//1371 146//146
f 149//149 1374//1372 148//148
f 150//150 1375//1373 149//149
f 151//151 1376//1374 150//150
f 2463//2460 1897//1895 1439//1437
f 200//200 1395//1393 1271//1269
f 838//837 859//858 836//835
f 1072//1071 161//161 168//168
f 453//453 319//319 320//320
f 366//366 36//36 1277//1275
f 1273//1271 490//490 253//253
f 1487//1485 1718//1716 2113//2111
f 144//144 133//133 141//141
f 133//133 139//139 141//141
f 132//132 138//138 139//139
f 1307//1305 827//826 380//380
f 1022//1021 1399//1397 1007//1006
f 128//128 133//133 134//134
f 127//127 132//132 133//133
f 126//126 131//131 132//132
f 125//125 130//130 131//131
f 1563//1561 1595//1593 1422//1420
f 1392//1390 1011//1010 1399//1397
f 122//122 127//127 128//128
f 120//120 126//126 127//127
f 117//117 125//125 126//126
f 2115//2113 1719//1717 1718//1716
f 1006//1005 255//255 1017//1016
f 559//559 347//347 840//839
f 112//112 120//120 122//122
f 111//111 117//117 120//120
f 110//110 116//116 117//117
f 1205//1204 1131//1130 323//323
f 38//38 1277//1275 39//39
f 106//106 111//111 112//112
f 104//104 110//110 111//111
f 103//103 109//109 110//110
f 1809//1807 1853//1851 1492//1490
f 76//76 258//258 8//8
f 1084//1083 333//333 878//877
f 97//97 104//104 106//106
f 96//96 103//103 104//104
f 94//94 102//102 103//103
f 93//93 101//101 102//102
f 92//92 99//99 101//101
f 1364//1362 59//59 1270//1268
f 1383//1381 144//144 1092//1091
f 1092//1091 141//141 1093//1092
f 141//141 1096//1095 1093//1092
f 1143//1142 1289//1287 295//295
f 1963//1961 2431//2428 2443//2440
f 342//342 329//329 866//865
f 1582//1580 2463//2460 2496//2493
f 2239//2236 2237//2234 2261//2258
f 1888//1886 1600//1598 1567//1565
f 2190//2187 2187//2184 2648//2644
f 1305//1303 1382//1380 1233//1231
f 203//203 198//198 835//834
f 1337//1335 864//863 352//352
f 2804//2800 2669//2665 1556//1554
f 17//17 1393//1391 51//51
f 1365//1363 91//91 92//92
f 1366//1364 92//92 93//93
f 1367//1365 93//93 94//94
f 1368//1366 94//94 96//96
f 1369//1367 96//96 97//97
f 1411//1409 97//97 1061//1060
f 1061//1060 106//106 1062//1061
f 1062//1061 112//112 1063//1062
f 1064//1063 112//112 122//122
f 1065//1064 122//122 128//128
f 1067//1066 128//128 134//134
f 1068//1067 134//134 144//144
f 44//44 843//842 844//843
f 123//123 249//249 60//60
f 1140//1139 300//300 1381//1379
f 1304//1302 447//447 71//71
f 2208//2205 2316//2313 2236//2233
f 437//437 1123//1122 263//263
f 1288//1286 1046//1045 858//857
f 1088//1087 1898//1896 1324//1322
f 853//852 309//309 347//347
f 1123//1122 574//574 1328//1326
f 214//214 1088//1087 1324//1322
f 861//860 308//308 1224//1223
f 1570//1568 1890//1888 1572//1570
f 1070//1069 287//287 1188//1187
f 865//864 47//47 272//272
f 347//347 291//291 840//839
f 835//834 198//198 1322//1320
f 1596//1594 1570//1568 1436//1434
f 333//333 348//348 882//881
f 258//258 52//52 12//12
f 268//268 1145//1144 541//541
f 1225//1224 1030//1029 2//2
f 129//129 85//85 1107//1106
f 558//558 1290//1288 367//367
f 894//893 893//892 900//899
f 902//901 895//894 894//893
f 1259//1257 1125//1124 242//242
f 903//902 896//895 895//894
f 1801//1799 1625//1623 1853//1851
f 283//283 1020//1019 73//73
f 904//903 897//896 896//895
f 375//375 1101//1100 248//248
f 1726//1724 1805//1803 1684//1682
f 1046//1045 1364//1362 851//850
f 2//2 1030//1029 856//855
f 899//898 898//897 905//904
f 1952//1950 1703//1701 1524//1522
f 900//899 899//898 906//905
f 901//900 900//899 907//906
f 909//908 902//901 901//900
f 879//878 374//374 576//576
f 910//909 903//902 902//901
f 5//5 28//28 830//829
f 911//910 904//903 903//902
f 1270//1268 1115//1114 222//222
f 1319//1317 1320//1318 935//934
f 1021//1020 822//821 224//224
f 2446//2443 1418//1416 1594//1592
f 202//202 58//58 230//230
f 568//568 1361//1359 598//598
f 1188//1187 1272//1270 1021//1020
f 304//304 1320//1318 1319//1317
f 928//927 1380//1378 202//202
f 1082//1081 114//114 328//328
f 90//90 1087//1086 182//182
f 123//123 1018//1017 249//249
f 2118//2116 1939//1937 1614//1612
f 54//54 1099//1098 870//869
f 1336//1334 1086//1085 1103//1102
f 2703//2699 1700//1698 2529//2526
f 1417//1415 2440//2437 2431//2428
f 2203//2200 2309//2306 2319//2316
f 835//834 1320//1318 304//304
f 1233//1231 1382//1380 916//915
f 1117//1116 1602//1600 1259//1257
f 214//214 1324//1322 231//231
f 2391//2388 2118//2116 2521//2518
f 828//827 14//14 268//268
f 1199//1198 246//246 568//568
f 287//287 200//200 1271//1269
f 24//24 868//867 54//54
f 1010//1009 89//89 155//155
f 51//51 1301//1299 42//42
f 2421//2418 2417//2414 2411//2408
f 1395//1393 68//68 1059//1058
f 304//304 1319//1317 842//841
f 203//203 835//834 1217//1216
f 2225//2222 2757//2753 2776//2772
f 1638//1636 1498//1496 1855//1853
f 337//337 359//359 344//344
f 1262//1260 283//283 73//73
f 1602//1600 1105//1104 204//204
f 2406//2403 2396//2393 2399//2396
f 1105//1104 236//236 204//204
f 201//201 212//212 233//233
f 2405//2402 2403//2400 2392//2389
f 378//378 75//75 1010//1009
f 1008//1007 129//129 1107//1106
f 1438//1436 1481//1479 1559//1557
f 1816//1814 1808//1806 1625//1623
f 1412//1410 1607//1605 1829//1827
f 1721//1719 1487//1485 1615//1613
f 1039//1038 1027//1026 240//240
f 2767//2763 2766//2762 2417//2414
f 2766//2762 2765//2761 2411//2408
f 2411//2408 2765//2761 2764//2760
f 2403//2400 2764//2760 2761//2757
f 2392//2389 2761//2757 2818//2814
f 2393//2390 2392//2389 2760//2756
f 2395//2392 2393//2390 2759//2755
f 2396//2393 2395//2392 2758//2754
f 2396//2393 2754//2750 2751//2747
f 315//315 275//275 1090//1089
f 916//915 143//143 920//919
f 893//892 1261//1259 899//898
f 1022//1021 1019//1018 256//256
f 328//328 114//114 1309//1307
f 2388//2385 2378//2375 2379//2376
f 2387//2384 2377//2374 2378//2375
f 2386//2383 2376//2373 2377//2374
f 2386//2383 2385//2382 2374//2371
f 2385//2382 2382//2379 2373//2370
f 2382//2379 2381//2378 2372//2369
f 2378//2375 2368//2365 2370//2367
f 2378//2375 2377//2374 2367//2364
f 2377//2374 2376//2373 2364//2361
f 2374//2371 2363//2360 2364//2361
f 2373//2370 2362//2359 2363//2360
f 2373//2370 2372//2369 2361//2358
f 2368//2365 2359//2356 2360//2357
f 2368//2365 2367//2364 2358//2355
f 2367//2364 2364//2361 2357//2354
f 2363//2360 2356//2353 2357//2354
f 2362//2359 2365//2362 2356//2353
f 2362//2359 2361//2358 2366//2363
f 2360//2357 2359//2356 2371//2368
f 2358//2355 2375//2372 2371//2368
f 2357//2354 2380//2377 2375//2372
f 2357//2354 2356//2353 2383//2380
f 2356//2353 2365//2362 2394//2391
f 2366//2363 2400//2397 2394//2391
f 2369//2366 2371//2368 2402//2399
f 2375//2372 2408//2405 2402//2399
f 2380//2377 2414//2411 2408//2405
f 2380//2377 2383//2380 2415//2412
f 2383//2380 2394//2391 2416//2413
f 2400//2397 2420//2417 2416//2413
f 2401//2398 2402//2399 2434//2431
f 2402//2399 2408//2405 2436//2433
f 2408//2405 2414//2411 2441//2438
f 2415//2412 2461//2458 2441//2438
f 2416//2413 2468//2465 2461//2458
f 2420//2417 2471//2468 2468//2465
f 2810//2806 2738//2734 2390//2387
f 2737//2733 2388//2385 2390//2387
f 2736//2732 2387//2384 2388//2385
f 2734//2730 2386//2383 2387//2384
f 2734//2730 2732//2728 2385//2382
f 2732//2728 2731//2727 2382//2379
f 2731//2727 2730//2726 2381//2378
f 2814//2810 2729//2725 2381//2378
f 2381//2378 2729//2725 2727//2723
f 2372//2369 2727//2723 2726//2722
f 2361//2358 2726//2722 2725//2721
f 2725//2721 2724//2720 2400//2397
f 2724//2720 2723//2719 2420//2417
f 2723//2719 2722//2718 2471//2468
f 2471//2468 2722//2718 2815//2811
f 2471//2468 2721//2717 2720//2716
f 2468//2465 2720//2716 2717//2713
f 2461//2458 2717//2713 2714//2710
f 2436//2433 2441//2438 2714//2710
f 2434//2431 2436//2433 2713//2709
f 2427//2424 2434//2431 2715//2711
f 2427//2424 2718//2714 2816//2812
f 2746//2742 2401//2398 2427//2424
f 2745//2741 2369//2366 2401//2398
f 2744//2740 2360//2357 2369//2366
f 2370//2367 2360//2357 2744//2740
f 2379//2376 2370//2367 2743//2739
f 2390//2387 2379//2376 2742//2738
f 2472//2469 2475//2472 2490//2487
f 2475//2472 2483//2480 2494//2491
f 2483//2480 2484//2481 2502//2499
f 2485//2482 2503//2500 2502//2499
f 2486//2483 2505//2502 2503//2500
f 2487//2484 2507//2504 2505//2502
f 1670//1668 1608//1606 1609//1607
f 2494//2491 2502//2499 2513//2510
f 2503//2500 2517//2514 2513//2510
f 326//326 254//254 1057//1056
f 1188//1187 1271//1269 1272//1270
f 1043//1042 232//232 887//886
f 2425//2422 1935//1933 1648//1646
f 306//306 305//305 590//590
f 239//239 1117//1116 247//247
f 1144//1143 1136//1135 1258//1256
f 1058//1057 358//358 1363//1361
f 1131//1130 598//598 1180//1179
f 351//351 1276//1274 113//113
f 213//213 384//384 1056//1055
f 2306//2303 2303//2300 2308//2305
f 2244//2241 2350//2347 2301//2298
f 490//490 65//65 253//253
f 1418//1416 2462//2459 2820//2816
f 2268//2265 2728//2724 2768//2764
f 2221//2218 2735//2731 2728//2724
f 249//249 1129//1128 60//60
f 2241//2238 2217//2214 2263//2260
f 245//245 311//311 15//15
f 252//252 1122//1121 1129//1128
f 388//388 288//288 77//77
f 915//914 1400//1398 1073//1072
f 826//825 1162//1161 260//260
f 2807//2803 2748//2744 2472//2469
f 2748//2744 2749//2745 2475//2472
f 2749//2745 2755//2751 2483//2480
f 2755//2751 2756//2752 2484//2481
f 2762//2758 2485//2482 2484//2481
f 2763//2759 2486//2483 2485//2482
f 2774//2770 2487//2484 2486//2483
f 2805//2801 2777//2773 2487//2484
f 2777//2773 2773//2769 2507//2504
f 1300//1298 1187//1186 886//885
f 2328//2325 2341//2338 2692//2688
f 1481//1479 1446//1444 1441//1439
f 2247//2244 2246//2243 2312//2309
f 2798//2794 2478//2475 2424//2421
f 1060//1059 389//389 825//824
f 1694//1692 1405//1403 2120//2118
f 928//927 1274//1272 1380//1378
f 490//490 1066//1065 65//65
f 1804//1802 1817//1815 2633//2629
f 350//350 1371//1369 69//69
f 1641//1639 1816//1814 1801//1799
f 1464//1462 2665//2661 2676//2672
f 2728//2724 2464//2461 2318//2315
f 859//858 351//351 81//81
f 848//847 823//822 850//849
f 2741//2737 2472//2469 2488//2485
f 2292//2289 2291//2288 2284//2281
f 2291//2288 2290//2287 2283//2280
f 2290//2287 2289//2286 2282//2279
f 2288//2285 2281//2278 2282//2279
f 2287//2284 2280//2277 2281//2278
f 2286//2283 2279//2276 2280//2277
f 2285//2282 2284//2281 2277//2274
f 2284//2281 2283//2280 2276//2273
f 2283//2280 2282//2279 2275//2272
f 2281//2278 2274//2271 2275//2272
f 2280//2277 2273//2270 2274//2271
f 825//824 1146//1145 1321//1319
f 2648//2644 2812//2808 2644//2640
f 1233//1231 916//915 309//309
f 585//585 98//98 321//321
f 926//925 1309//1307 1310//1308
f 914//913 1304//1302 71//71
f 1185//1184 35//35 100//100
f 929//928 1310//1308 1311//1309
f 11//11 1074//1073 1113//1112
f 1129//1128 265//265 383//383
f 383//383 70//70 298//298
f 66//66 72//72 373//373
f 1328//1326 574//574 841//840
f 449//449 516//516 341//341
f 1262//1260 73//73 368//368
f 1918//1916 1425//1423 1427//1425
f 2692//2688 2690//2686 2313//2310
f 350//350 1394//1392 1371//1369
f 2273//2270 2327//2324 2269//2266
f 1911//1909 1427//1425 1656//1654
f 2326//2323 2354//2351 2317//2314
f 2805//2801 2697//2693 2292//2289
f 2697//2693 2680//2676 2291//2288
f 2680//2676 2682//2678 2290//2287
f 2682//2678 2684//2680 2289//2286
f 2678//2674 2288//2285 2289//2286
f 2686//2682 2287//2284 2288//2285
f 2694//2690 2286//2283 2287//2284
f 2803//2799 2696//2692 2286//2283
f 2696//2692 2702//2698 2279//2276
f 1139//1138 372//372 860//859
f 936//935 1311//1309 1386//1384
f 1422//1420 1588//1586 1599//1597
f 2260//2257 2299//2296 2254//2251
f 142//142 920//919 1026//1025
f 1625//1623 2114//2112 1653//1651
f 2753//2749 2488//2485 2510//2507
f 299//299 1080//1079 567//567
f 2335//2332 2344//2341 2345//2342
f 38//38 39//39 1278//1276
f 2527//2524 2649//2645 1617//1615
f 1300//1298 259//259 1187//1186
f 937//936 936//935 1312//1310
f 95//95 292//292 1066//1065
f 322//322 1180//1179 1291//1289
f 2285//2282 2278//2275 2772//2768
f 2777//2773 2292//2289 2285//2282
f 197//197 54//54 55//55
f 831//830 838//837 836//835
f 1691//1689 1925//1923 2118//2116
f 1097//1096 1130//1129 381//381
f 89//89 135//135 155//155
f 138//138 1196//1195 1100//1099
f 1804//1802 1864//1862 1677//1675
f 938//937 937//936 1313//1311
f 939//938 938//937 1314//1312
f 1316//1314 940//939 939//938
f 370//370 596//596 824//823
f 1675//1673 1493//1491 1706//1704
f 1524//1522 1703//1701 2790//2786
f 265//265 1262//1260 70//70
f 316//316 1295//1293 1260//1258
f 1070//1069 602//602 1110//1109
f 1304//1302 455//455 447//447
f 264//264 7//7 43//43
f 2327//2324 2314//2311 2304//2301
f 2254//2251 2302//2299 2303//2300
f 2658//2654 1593//1591 1918//1916
f 2404//2401 2508//2505 2429//2426
f 2323//2320 2266//2263 2769//2765
f 2344//2341 2310//2307 2257//2254
f 2279//2276 2342//2339 2273//2270
f 2679//2675 2683//2679 2324//2321
f 2317//2314 2321//2318 2778//2774
f 1317//1315 941//940 940//939
f 836//835 859//858 1084//1083
f 1719//1717 2560//2557 2569//2566
f 854//853 1173//1172 237//237
f 26//26 276//276 1082//1081
f 51//51 42//42 21//21
f 367//367 136//136 1040//1039
f 2803//2799 2708//2704 2248//2245
f 2708//2704 2707//2703 2247//2244
f 2707//2703 2706//2702 2246//2243
f 2706//2702 2705//2701 2245//2242
f 2701//2697 2244//2241 2245//2242
f 2699//2695 2243//2240 2244//2241
f 2698//2694 2242//2239 2243//2240
f 1012//1011 1345//1343 834//833
f 541//541 1145//1144 258//258
f 2243//2240 2213//2210 2350//2347
f 601//601 1260//1258 318//318
f 286//286 862//861 1025//1024
f 1053//1052 219//219 379//379
f 455//455 575//575 581//581
f 1318//1316 942//941 941//940
f 868//867 1099//1098 54//54
f 824//823 24//24 195//195
f 913//912 316//316 1330//1328
f 1569//1567 1621//1619 1440//1438
f 380//380 827//826 1014//1013
f 2314//2311 2254//2251 2306//2303
f 1060//1059 825//824 332//332
f 86//86 237//237 57//57
f 1397//1395 1111//1110 1285//1283
f 2696//2692 2248//2245 2241//2238
f 24//24 54//54 197//197
f 297//297 1275//1273 848//847
f 225//225 9//9 826//825
f 59//59 880//879 1270//1268
f 1385//1383 1319//1317 942//941
f 1132//1131 217//217 1184//1183
f 2432//2429 2384//2381 2428//2425
f 2519//2516 2473//2470 2470//2467
f 2514//2511 2438//2435 2384//2381
f 73//73 1020//1019 64//64
f 1269//1267 847//846 19//19
f 2470//2467 2445//2442 2426//2423
f 2478//2475 2429//2426 2489//2486
f 1035//1034 851//850 1141//1140
f 2418//2415 2460//2457 2508//2505
f 2302//2299 2691//2687 2712//2708
f 1269//1267 29//29 847//846
f 2668//2664 1804//1802 2661//2657
f 2295//2292 2263//2260 2231//2228
f 2213//2210 2233//2230 2352//2349
f 2321//2318 2703//2699 2808//2804
f 2719//2715 2298//2295 2716//2712
f 2768//2764 2318//2315 2298//2295
f 2757//2753 1714//1712 1644//1642
f 1699//1697 1708//1706 1715//1713
f 1636//1634 2635//2631 2671//2667
f 2529//2526 2530//2527 1816//1814
f 275//275 1233//1231 309//309
f 1908//1906 1645//1643 2521//2518
f 2809//2805 1690//1688 2500//2497
f 316//316 31//31 1295//1293
f 541//541 258//258 76//76
f 325//325 366//366 38//38
f 2640//2636 2639//2635 2210//2207
f 2638//2634 2209//2206 2210//2207
f 2637//2633 2208//2205 2209//2206
f 2636//2632 2207//2204 2208//2205
f 2807//2803 2741//2737 2207//2204
f 513//513 330//330 338//338
f 2534//2531 2677//2673 1446//1444
f 834//833 1345//1343 382//382
f 2333//2330 2221//2218 2355//2352
f 298//298 388//388 294//294
f 915//914 140//140 1400//1398
f 2466//2463 1543//1541 1536//1534
f 2214//2211 2227//2224 2255//2252
f 2444//2441 2520//2517 1486//1484
f 1430//1428 1480//1478 1435//1433
f 262//262 1143//1142 283//283
f 1602//1600 201//201 1259//1257
f 1661//1659 2446//2443 2409//2406
f 1259//1257 201//201 1125//1124
f 1898//1896 41//41 455//455
f 373//373 364//364 75//75
f 1033//1032 1184//1183 1134//1133
f 2185//2182 2184//2181 2177//2174
f 2184//2181 2183//2180 2176//2173
f 2183//2180 2182//2179 2175//2172
f 2181//2178 2174//2171 2175//2172
f 2180//2177 2173//2170 2174//2171
f 2179//2176 2172//2169 2173//2170
f 2178//2175 2177//2174 2170//2167
f 2177//2174 2176//2173 2169//2166
f 2176//2173 2175//2172 2168//2165
f 2174//2171 2167//2164 2168//2165
f 2173//2170 2166//2163 2167//2164
f 2172//2169 2165//2162 2166//2163
f 2171//2168 2170//2167 2163//2160
f 2170//2167 2169//2166 2162//2159
f 2169//2166 2168//2165 2161//2158
f 2167//2164 2160//2157 2161//2158
f 2166//2163 2159//2156 2160//2157
f 2165//2162 2158//2155 2159//2156
f 2164//2161 2163//2160 2156//2153
f 2163//2160 2162//2159 2155//2152
f 2162//2159 2161//2158 2154//2151
f 2160//2157 2153//2150 2154//2151
f 2159//2156 2152//2149 2153//2150
f 2158//2155 2151//2148 2152//2149
f 2157//2154 2156//2153 2149//2146
f 2156//2153 2155//2152 2148//2145
f 2155//2152 2154//2151 2147//2144
f 2153//2150 2146//2143 2147//2144
f 2152//2149 2145//2142 2146//2143
f 2151//2148 2144//2141 2145//2142
f 2150//2147 2149//2146 2142//2139
f 2149//2146 2148//2145 2141//2138
f 2148//2145 2147//2144 2140//2137
f 2146//2143 2139//2136 2140//2137
f 2145//2142 2138//2135 2139//2136
f 2144//2141 2137//2134 2138//2135
f 2795//2791 2624//2620 2185//2182
f 2624//2620 2623//2619 2184//2181
f 2623//2619 2622//2618 2183//2180
f 2622//2618 2621//2617 2182//2179
f 2620//2616 2181//2178 2182//2179
f 2619//2615 2180//2177 2181//2178
f 2618//2614 2179//2176 2180//2177
f 2793//2789 2617//2613 2179//2176
f 2617//2613 2616//2612 2172//2169
f 2616//2612 2615//2611 2165//2162
f 2615//2611 2614//2610 2158//2155
f 2614//2610 2613//2609 2151//2148
f 2613//2609 2612//2608 2144//2141
f 2612//2608 2611//2607 2137//2134
f 2611//2607 2805//2801 2774//2770
f 2137//2134 2774//2770 2763//2759
f 2138//2135 2763//2759 2762//2758
f 2139//2136 2762//2758 2756//2752
f 2141//2138 2140//2137 2756//2752
f 2142//2139 2141//2138 2755//2751
f 2143//2140 2142//2139 2749//2745
f 2631//2627 2143//2140 2748//2744
f 2630//2626 2150//2147 2143//2140
f 2629//2625 2157//2154 2150//2147
f 2628//2624 2164//2161 2157//2154
f 2627//2623 2171//2168 2164//2161
f 2626//2622 2178//2175 2171//2168
f 2625//2621 2185//2182 2178//2175
f 2136//2127 2135//2133 2128//2126
f 2135//2133 2134//2132 2127//2125
f 2134//2132 2133//2131 2126//2124
f 2132//2130 2125//2123 2126//2124
f 2131//2129 2124//2122 2125//2123
f 2130//2128 2123//2121 2124//2122
f 2129//2127 2128//2126 2121//2119
f 2128//2126 2127//2125 2192//2189
f 2127//2125 2126//2124 2199//2196
f 2125//2123 2198//2195 2199//2196
f 2124//2122 2197//2194 2198//2195
f 2123//2121 2196//2193 2197//2194
f 2122//2120 2121//2119 2194//2191
f 2121//2119 2192//2189 2193//2190
f 2192//2189 2199//2196 2191//2188
f 2198//2195 2111//2109 2191//2188
f 2197//2194 2110//2108 2111//2109
f 2196//2193 2109//2107 2110//2108
f 2195//2192 2194//2191 2107//2105
f 2194//2191 2193//2190 2106//2104
f 2193//2190 2191//2188 2105//2103
f 2111//2109 2104//2102 2105//2103
f 2110//2108 2103//2101 2104//2102
f 2109//2107 2102//2100 2103//2101
f 2108//2106 2107//2105 2100//2098
f 2107//2105 2106//2104 2099//2097
f 2106//2104 2105//2103 2098//2096
f 2104//2102 2097//2095 2098//2096
f 2103//2101 2096//2094 2097//2095
f 2102//2100 2095//2093 2096//2094
f 2101//2099 2100//2098 2093//2091
f 2100//2098 2099//2097 2092//2090
f 2099//2097 2098//2096 2091//2089
f 2097//2095 2090//2088 2091//2089
f 2096//2094 2089//2087 2090//2088
f 2095//2093 2088//2086 2089//2087
f 2793//2789 2610//2606 2136//2127
f 2610//2606 2609//2605 2135//2133
f 2609//2605 2608//2604 2134//2132
f 2608//2604 2607//2603 2133//2131
f 2606//2602 2132//2130 2133//2131
f 2605//2129 2131//2129 2132//2130
f 2604//2601 2130//2128 2131//2129
f 2792//2788 2603//2600 2130//2128
f 2603//2600 2602//2599 2123//2121
f 2602//2599 2601//2598 2196//2193
f 2601//2598 2600//2597 2109//2107
f 2600//2597 2599//2596 2102//2100
f 2599//2596 2598//2595 2095//2093
f 2598//2595 2597//2594 2088//2086
f 2597//2594 2803//2799 2694//2690
f 2088//2086 2694//2690 2686//2682
f 2089//2087 2686//2682 2678//2674
f 2090//2088 2678//2674 2684//2680
f 2092//2090 2091//2089 2684//2680
f 2093//2091 2092//2090 2682//2678
f 2094//2092 2093//2091 2680//2676
f 2611//2607 2094//2092 2697//2693
f 2612//2608 2101//2099 2094//2092
f 2613//2609 2108//2106 2101//2099
f 2614//2610 2195//2192 2108//2106
f 2615//2611 2122//2120 2195//2192
f 2616//2612 2129//2127 2122//2120
f 2617//2613 2136//2127 2129//2127
f 2087//2085 2086//2084 2079//2077
f 2086//2084 2085//2083 2078//2076
f 2085//2083 2084//2082 2077//2075
f 2083//2081 2076//2074 2077//2075
f 2082//2080 2075//2073 2076//2074
f 2081//2079 2074//2072 2075//2073
f 2080//2078 2079//2077 2072//2070
f 2079//2077 2078//2076 2071//2069
f 2078//2076 2077//2075 2070//2068
f 2076//2074 2069//2067 2070//2068
f 2075//2073 2068//2066 2069//2067
f 2074//2072 2067//2065 2068//2066
f 2073//2071 2072//2070 2065//2063
f 2072//2070 2071//2069 2064//2062
f 2071//2069 2070//2068 2063//2061
f 2069//2067 2062//2060 2063//2061
f 2068//2066 2061//2059 2062//2060
f 2067//2065 2060//2058 2061//2059
f 2066//2064 2065//2063 2058//2056
f 2065//2063 2064//2062 2057//2055
f 2064//2062 2063//2061 2056//2054
f 2062//2060 2055//2053 2056//2054
f 2061//2059 2054//2052 2055//2053
f 2060//2058 2053//2051 2054//2052
f 2059//2057 2058//2056 2051//2049
f 2058//2056 2057//2055 2050//2048
f 2057//2055 2056//2054 2049//2047
f 2055//2053 2048//2046 2049//2047
f 2054//2052 2047//2045 2048//2046
f 2053//2051 2046//2044 2047//2045
f 2052//2050 2051//2049 2044//2042
f 2051//2049 2050//2048 2043//2041
f 2050//2048 2049//2047 2042//2040
f 2048//2046 2041//2039 2042//2040
f 2047//2045 2040//2038 2041//2039
f 2046//2044 2039//2037 2040//2038
f 2792//2788 2596//2593 2087//2085
f 2596//2593 2595//2592 2086//2084
f 2595//2592 2594//2591 2085//2083
f 2594//2591 2593//2590 2084//2082
f 2592//2589 2083//2081 2084//2082
f 2591//2588 2082//2080 2083//2081
f 2590//2587 2081//2079 2082//2080
f 2789//2785 2589//2586 2081//2079
f 2589//2586 2525//2522 2074//2072
f 2525//2522 2587//2584 2067//2065
f 2587//2584 2585//2582 2060//2058
f 2585//2582 2584//2581 2053//2051
f 2584//2581 2583//2580 2046//2044
f 2583//2580 2582//2579 2039//2037
f 2039//2037 2698//2694 2699//2695
f 2040//2038 2699//2695 2701//2697
f 2041//2039 2701//2697 2705//2701
f 2043//2041 2042//2040 2705//2701
f 2044//2042 2043//2041 2706//2702
f 2045//2043 2044//2042 2707//2703
f 2597//2594 2045//2043 2708//2704
f 2598//2595 2052//2050 2045//2043
f 2599//2596 2059//2057 2052//2050
f 2600//2597 2066//2064 2059//2057
f 2601//2598 2073//2071 2066//2064
f 2602//2599 2080//2078 2073//2071
f 2603//2600 2087//2085 2080//2078
f 2038//2036 2037//2035 2030//2028
f 2037//2035 2036//2034 2029//2027
f 2036//2034 2035//2033 2028//2026
f 2034//2032 2027//2025 2028//2026
f 2033//2031 2026//2024 2027//2025
f 2032//2030 2025//2023 2026//2024
f 2031//2029 2030//2028 2023//2021
f 2030//2028 2029//2027 2022//2020
f 2029//2027 2028//2026 2021//2019
f 2027//2025 2020//2018 2021//2019
f 2026//2024 2019//2017 2020//2018
f 2025//2023 2018//2016 2019//2017
f 2024//2022 2023//2021 2016//2014
f 2023//2021 2022//2020 2015//2013
f 2022//2020 2021//2019 2014//2012
f 2020//2018 2013//2011 2014//2012
f 2019//2017 2012//2010 2013//2011
f 2018//2016 2011//2009 2012//2010
f 2017//2015 2016//2014 2009//2007
f 2016//2014 2015//2013 2008//2006
f 2015//2013 2014//2012 2007//2005
f 2013//2011 2006//2004 2007//2005
f 2012//2010 2005//2003 2006//2004
f 2011//2009 2004//2002 2005//2003
f 2010//2008 2009//2007 2002//2000
f 2009//2007 2008//2006 2001//1999
f 2008//2006 2007//2005 2000//1998
f 2006//2004 1999//1997 2000//1998
f 2005//2003 1998//1996 1999//1997
f 2004//2002 1997//1995 1998//1996
f 2003//2001 2002//2000 1995//1993
f 2002//2000 2001//1999 1994//1992
f 2001//1999 2000//1998 1993//1991
f 1999//1997 1992//1990 1993//1991
f 1998//1996 1991//1989 1992//1990
f 1997//1995 1990//1988 1991//1989
f 2789//2785 2580//2577 2038//2036
f 2580//2577 2579//2576 2037//2035
f 2579//2576 2578//2575 2036//2034
f 2578//2575 2576//2573 2035//2033
f 2574//2571 2034//2032 2035//2033
f 2572//2569 2033//2031 2034//2032
f 2571//2568 2032//2030 2033//2031
f 2795//2791 2625//2621 2032//2030
f 2625//2621 2626//2622 2025//2023
f 2626//2622 2627//2623 2018//2016
f 2627//2623 2628//2624 2011//2009
f 2628//2624 2629//2625 2004//2002
f 2629//2625 2630//2626 1997//1995
f 2630//2626 2631//2627 1990//1988
f 2631//2627 2807//2803 2636//2632
f 1990//1988 2636//2632 2637//2633
f 1991//1989 2637//2633 2638//2634
f 1992//1990 2638//2634 2639//2635
f 1994//1992 1993//1991 2639//2635
f 1995//1993 1994//1992 2640//2636
f 2526//2523 2664//2660 1876//1874
f 2582//2579 1996//1994 2641//2637
f 2583//2580 2003//2001 1996//1994
f 2584//2581 2010//2008 2003//2001
f 2585//2582 2017//2015 2010//2008
f 2587//2584 2024//2022 2017//2015
f 2525//2522 2031//2029 2024//2022
f 2589//2586 2038//2036 2031//2029
f 1989//1987 1988//1986 1981//1979
f 1988//1986 1987//1985 1980//1978
f 1987//1985 1986//1984 1979//1977
f 1985//1983 1978//1976 1979//1977
f 1984//1982 1977//1975 1978//1976
f 1983//1981 1976//1974 1977//1975
f 1982//1980 1981//1979 1974//1972
f 1981//1979 1980//1978 1973//1971
f 1980//1978 1979//1977 1972//1970
f 1978//1976 1969//1967 1972//1970
f 1977//1975 1967//1965 1969//1967
f 1976//1974 1966//1964 1967//1965
f 1975//1973 1974//1972 1962//1960
f 1974//1972 1973//1971 1961//1959
f 1973//1971 1972//1970 1957//1955
f 1969//1967 1954//1952 1957//1955
f 1967//1965 1950//1948 1954//1952
f 1966//1964 1949//1947 1950//1948
f 1964//1962 1962//1960 1947//1945
f 1962//1960 1961//1959 1946//1944
f 1961//1959 1957//1955 1945//1943
f 1954//1952 1943//1941 1945//1943
f 1950//1948 1942//1940 1943//1941
f 1949//1947 1941//1939 1942//1940
f 1948//1946 1947//1945 1937//1935
f 1947//1945 1946//1944 1936//1934
f 1946//1944 1945//1943 1931//1929
f 1943//1941 1930//1928 1931//1929
f 1942//1940 1929//1927 1930//1928
f 1941//1939 1928//1926 1929//1927
f 1938//1936 1937//1935 1926//1924
f 1937//1935 1936//1934 1924//1922
f 1936//1934 1931//1929 1923//1921
f 1930//1928 1920//1918 1923//1921
f 1929//1927 1919//1917 1920//1918
f 1928//1926 1917//1915 1919//1917
f 2816//2812 2718//2714 1989//1987
f 2718//2714 2715//2711 1988//1986
f 2715//2711 2713//2709 1987//1985
f 2713//2709 2714//2710 1986//1984
f 2717//2713 1985//1983 1986//1984
f 2720//2716 1984//1982 1985//1983
f 2721//2717 1983//1981 1984//1982
f 2815//2811 2561//2558 1983//1981
f 2561//2558 2559//2556 1976//1974
f 2559//2556 2558//2555 1966//1964
f 2558//2555 2557//2554 1949//1947
f 2557//2554 2554//2551 1941//1939
f 2554//2551 2553//2550 1928//1926
f 2553//2550 2552//2549 1917//1915
f 2552//2549 2793//2789 2618//2614
f 1917//1915 2618//2614 2619//2615
f 1919//1917 2619//2615 2620//2616
f 1920//1918 2620//2616 2621//2617
f 1924//1922 1923//1921 2621//2617
f 1926//1924 1924//1922 2622//2618
f 1927//1925 1926//1924 2623//2619
f 2570//2567 1927//1925 2624//2620
f 2568//2565 1938//1936 1927//1925
f 2567//2564 1948//1946 1938//1936
f 2566//2563 1964//1962 1948//1946
f 2565//2562 1975//1973 1964//1962
f 2563//2560 1982//1980 1975//1973
f 2562//2559 1989//1987 1982//1980
f 1916//1914 1913//1911 1903//1901
f 1913//1911 1912//1910 1902//1900
f 1912//1910 1910//1908 1901//1899
f 1909//1907 1900//1898 1901//1899
f 1906//1904 1896//1894 1900//1898
f 1905//1903 1895//1893 1896//1894
f 1904//1902 1903//1901 1887//1885
f 1903//1901 1902//1900 1886//1884
f 1902//1900 1901//1899 1885//1883
f 1900//1898 1884//1882 1885//1883
f 1896//1894 1883//1881 1884//1882
f 1895//1893 1882//1880 1883//1881
f 1893//1891 1887//1885 1880//1878
f 1887//1885 1886//1884 1879//1877
f 1886//1884 1885//1883 1877//1875
f 1884//1882 1875//1873 1877//1875
f 1883//1881 1874//1872 1875//1873
f 1882//1880 1873//1871 1874//1872
f 1881//1879 1880//1878 1870//1868
f 1880//1878 1879//1877 1869//1867
f 1879//1877 1877//1875 1868//1866
f 1875//1873 1867//1865 1868//1866
f 1874//1872 1866//1864 1867//1865
f 1873//1871 1865//1863 1866//1864
f 1872//1870 1870//1868 1862//1860
f 1870//1868 1869//1867 1861//1859
f 1869//1867 1868//1866 1858//1856
f 1867//1865 1854//1852 1858//1856
f 1866//1864 1852//1850 1854//1852
f 1865//1863 1851//1849 1852//1850
f 1863//1861 1862//1860 1849//1847
f 1862//1860 1861//1859 1848//1846
f 1861//1859 1858//1856 1847//1845
f 1854//1852 1846//1844 1847//1845
f 1852//1850 1845//1843 1846//1844
f 1851//1849 1844//1842 1845//1843
f 2815//2811 2722//2718 1916//1914
f 2722//2718 2723//2719 1913//1911
f 2723//2719 2724//2720 1912//1910
f 2724//2720 2725//2721 1910//1908
f 2726//2722 1909//1907 1910//1908
f 2727//2723 1906//1904 1909//1907
f 2729//2725 1905//1903 1906//1904
f 2814//2810 2550//2547 1905//1903
f 2550//2547 2549//2546 1895//1893
f 2549//2546 2548//2545 1882//1880
f 2548//2545 2547//2544 1873//1871
f 2547//2544 2546//2543 1865//1863
f 2546//2543 2545//2542 1851//1849
f 2545//2542 2543//2540 1844//1842
f 2543//2540 2792//2788 2604//2601
f 1844//1842 2604//2601 2605//2129
f 1845//1843 2605//2129 2606//2602
f 1846//1844 2606//2602 2607//2603
f 1848//1846 1847//1845 2607//2603
f 1849//1847 1848//1846 2608//2604
f 1850//1848 1849//1847 2609//2605
f 2552//2549 1850//1848 2610//2606
f 2553//2550 1863//1861 1850//1848
f 2554//2551 1872//1870 1863//1861
f 2557//2554 1881//1879 1872//1870
f 2558//2555 1893//1891 1881//1879
f 2559//2556 1904//1902 1893//1891
f 2561//2558 1916//1914 1904//1902
f 1843//1841 1842//1840 1835//1833
f 1842//1840 1841//1839 1834//1832
f 1841//1839 1840//1838 1832//1830
f 1839//1837 1831//1829 1832//1830
f 1838//1836 1828//1826 1831//1829
f 1837//1835 1827//1825 1828//1826
f 1836//1834 1835//1833 1823//1821
f 1835//1833 1834//1832 1822//1820
f 1834//1832 1832//1830 1820//1818
f 1831//1829 1818//1816 1820//1818
f 1828//1826 1815//1813 1818//1816
f 1827//1825 1814//1812 1815//1813
f 1824//1822 1823//1821 1810//1808
f 1823//1821 1822//1820 1807//1805
f 1822//1820 1820//1818 1806//1804
f 1818//1816 1803//1801 1806//1804
f 1815//1813 1802//1800 1803//1801
f 1814//1812 1800//1798 1802//1800
f 1812//1810 1810//1808 1798//1796
f 1810//1808 1807//1805 1797//1795
f 1807//1805 1806//1804 1796//1794
f 1803//1801 1795//1793 1796//1794
f 1802//1800 1794//1792 1795//1793
f 1800//1798 1793//1791 1794//1792
f 1799//1797 1798//1796 1791//1789
f 1798//1796 1797//1795 1790//1788
f 1797//1795 1796//1794 1789//1787
f 1795//1793 1788//1786 1789//1787
f 1794//1792 1787//1785 1788//1786
f 1793//1791 1786//1784 1787//1785
f 1792//1790 1791//1789 1784//1782
f 1791//1789 1790//1788 1783//1781
f 1790//1788 1789//1787 1782//1780
f 1788//1786 1781//1779 1782//1780
f 1787//1785 1780//1778 1781//1779
f 1786//1784 1779//1777 1780//1778
f 2814//2810 2730//2726 1843//1841
f 2730//2726 2731//2727 1842//1840
f 2731//2727 2732//2728 1841//1839
f 2732//2728 2734//2730 1840//1838
f 2736//2732 1839//1837 1840//1838
f 2737//2733 1838//1836 1839//1837
f 2738//2734 1837//1835 1838//1836
f 2810//2806 2542//2539 1837//1835
f 2542//2539 2541//2538 1827//1825
f 2541//2538 2540//2537 1814//1812
f 2540//2537 2538//2535 1800//1798
f 2538//2535 2536//2533 1793//1791
f 2536//2533 2535//2532 1786//1784
f 2535//2532 2533//2530 1779//1777
f 2533//2530 2789//2785 2590//2587
f 1779//1777 2590//2587 2591//2588
f 1780//1778 2591//2588 2592//2589
f 1781//1779 2592//2589 2593//2590
f 1783//1781 1782//1780 2593//2590
f 1784//1782 1783//1781 2594//2591
f 1785//1783 1784//1782 2595//2592
f 2543//2540 1785//1783 2596//2593
f 2545//2542 1792//1790 1785//1783
f 2546//2543 1799//1797 1792//1790
f 2547//2544 1812//1810 1799//1797
f 2548//2545 1824//1822 1812//1810
f 2549//2546 1836//1834 1824//1822
f 2550//2547 1843//1841 1836//1834
f 1778//1776 1777//1775 1770//1768
f 1777//1775 1776//1774 1769//1767
f 1776//1774 1775//1773 1768//1766
f 1774//1772 1767//1765 1768//1766
f 1773//1771 1766//1764 1767//1765
f 1772//1770 1765//1763 1766//1764
f 1771//1769 1770//1768 1763//1761
f 1770//1768 1769//1767 1762//1760
f 1769//1767 1768//1766 1761//1759
f 1767//1765 1760//1758 1761//1759
f 1766//1764 1759//1757 1760//1758
f 1765//1763 1758//1756 1759//1757
f 1764//1762 1763//1761 1756//1754
f 1763//1761 1762//1760 1755//1753
f 1762//1760 1761//1759 1754//1752
f 1760//1758 1753//1751 1754//1752
f 1759//1757 1752//1750 1753//1751
f 1758//1756 1751//1749 1752//1750
f 1757//1755 1756//1754 1749//1747
f 1756//1754 1755//1753 1748//1746
f 1755//1753 1754//1752 1747//1745
f 1753//1751 1746//1744 1747//1745
f 1752//1750 1745//1743 1746//1744
f 1751//1749 1744//1742 1745//1743
f 1750//1748 1749//1747 1742//1740
f 1749//1747 1748//1746 1741//1739
f 1748//1746 1747//1745 1740//1738
f 1746//1744 1739//1737 1740//1738
f 1745//1743 1738//1736 1739//1737
f 1744//1742 1737//1735 1738//1736
f 1743//1741 1742//1740 1735//1733
f 1742//1740 1741//1739 1734//1732
f 1741//1739 1740//1738 1733//1731
f 1739//1737 1732//1730 1733//1731
f 1738//1736 1730//1728 1732//1730
f 1737//1735 1729//1727 1730//1728
f 2810//2806 2739//2735 1778//1776
f 2739//2735 2742//2738 1777//1775
f 2742//2738 2743//2739 1776//1774
f 2743//2739 2744//2740 1775//1773
f 2745//2741 1774//1772 1775//1773
f 2746//2742 1773//1771 1774//1772
f 2747//2743 1772//1770 1773//1771
f 2816//2812 2562//2559 1772//1770
f 2562//2559 2563//2560 1765//1763
f 2563//2560 2565//2562 1758//1756
f 2565//2562 2566//2563 1751//1749
f 2566//2563 2567//2564 1744//1742
f 2567//2564 2568//2565 1737//1735
f 2568//2565 2570//2567 1729//1727
f 2570//2567 2795//2791 2571//2568
f 1729//1727 2571//2568 2572//2569
f 1730//1728 2572//2569 2574//2571
f 1732//1730 2574//2571 2576//2573
f 1734//1732 1733//1731 2576//2573
f 1735//1733 1734//1732 2578//2575
f 1736//1734 1735//1733 2579//2576
f 2533//2530 1736//1734 2580//2577
f 2535//2532 1743//1741 1736//1734
f 2536//2533 1750//1748 1743//1741
f 2538//2535 1757//1755 1750//1748
f 2540//2537 1764//1762 1757//1755
f 2541//2538 1771//1769 1764//1762
f 2542//2539 1778//1776 1771//1769
f 2440//2437 2467//2464 1449//1447
f 1074//1073 55//55 1286//1284
f 1449//1447 2780//2776 2740//2736
f 2464//2461 2509//2506 2215//2212
f 2217//2214 2312//2309 2234//2231
f 921//920 1078//1077 386//386
f 1465//1463 1458//1456 1456//1454
f 29//29 43//43 847//846
f 1646//1644 1577//1575 2433//2430
f 1606//1604 1952//1950 1423//1421
f 2211//2208 2210//2207 2320//2317
f 2480//2477 1888//1886 1431//1429
f 2426//2423 2442//2439 2476//2473
f 1706//1704 1503//1501 1899//1897
f 1416//1414 2785//2781 2794//2790
f 2820//2816 2783//2779 2418//2415
f 2790//2786 2788//2784 2514//2511
f 437//437 1109//1108 1123//1122
f 266//266 383//383 298//298
f 2652//2648 2666//2662 1554//1552
f 1577//1575 1963//1961 2443//2440
f 1433//1431 1549//1547 1542//1540
f 87//87 586//586 1133//1132
f 1417//1415 1599//1597 2440//2437
f 2495//2492 2511//2508 2413//2410
f 1428//1426 1422//1420 1424//1422
f 250//250 1392//1390 235//235
f 1418//1416 2797//2793 1598//1596
f 212//212 204//204 199//199
f 1075//1074 559//559 840//839
f 1889//1887 1899//1897 1497//1495
f 2498//2495 2493//2490 2523//2520
f 218//218 1078//1077 921//920
f 102//102 1104//1103 109//109
f 1440//1438 2457//2454 2419//2416
f 2430//2427 1587//1585 1935//1933
f 1558//1556 1921//1919 2787//2783
f 1054//1053 263//263 599//599
f 1003//1002 1036//1035 124//124
f 203//203 49//49 1193//1192
f 1703//1701 2788//2784 2790//2786
f 1430//1428 1435//1433 1489//1487
f 1646//1644 2433//2430 2520//2517
f 888//887 211//211 286//286
f 1134//1133 1191//1190 1337//1335
f 357//357 355//355 88//88
f 2671//2667 1951//1949 1560//1558
f 205//205 1079//1078 1051//1050
f 1573//1571 1428//1426 1419//1417
f 849//848 315//315 1090//1089
f 1138//1137 1212//1211 30//30
f 262//262 242//242 1143//1142
f 1420//1418 1576//1574 1465//1463
f 1094//1093 1126//1125 1095//1094
f 1219//1218 27//27 37//37
f 99//99 1028//1027 108//108
f 56//56 10//10 50//50
f 39//39 1277//1275 29//29
f 31//31 1103//1102 1295//1293
f 919//918 1300//1298 365//365
f 292//292 57//57 865//864
f 2497//2494 2480//2477 1431//1429
f 1695//1693 1687//1685 1688//1686
f 1014//1013 888//887 220//220
f 930//929 929//928 936//935
f 1327//1325 374//374 879//878
f 1133//1132 586//586 449//449
f 1078//1077 1110//1109 386//386
f 1687//1685 1680//1678 1681//1679
f 379//379 1196//1195 1348//1346
f 1088//1087 46//46 1898//1896
f 1659//1657 2669//2665 2804//2800
f 931//930 930//929 937//936
f 323//323 1131//1130 322//322
f 932//931 931//930 938//937
f 309//309 916//915 142//142
f 1674//1672 1667//1665 1668//1666
f 1603//1601 2791//2787 2781//2777
f 940//939 933//932 932//931
f 374//374 583//583 576//576
f 1499//1497 1491//1489 1500//1498
f 941//940 934//933 933//932
f 1922//1920 2465//2462 1463//1461
f 95//95 1066//1065 490//490
f 1035//1034 1141//1140 1045//1044
f 1597//1595 2674//2670 2634//2630
f 1423//1421 1524//1522 2462//2459
f 381//381 1130//1129 854//853
f 1660//1658 1654//1652 1655//1653
f 1891//1889 1616//1614 1956//1954
f 1619//1617 1908//1906 2474//2471
f 1853//1851 1653//1651 1505//1503
f 1689//1687 1634//1632 1606//1604
f 1382//1380 8//8 143//143
f 64//64 218//218 582//582
f 55//55 870//869 245//245
f 2120//2118 1434//1432 1963//1961
f 219//219 1100//1099 1196//1195
f 1620//1618 1697//1695 2654//2650
f 2343//2340 2218//2215 2336//2333
f 2646//2642 2802//2798 2647//2643
f 1654//1652 2647//2643 2659//2655
f 1655//1653 2659//2655 2660//2656
f 1657//1655 2660//2656 2663//2659
f 1819//1817 1833//1831 1581//1579
f 1287//1285 1046//1045 1288//1286
f 2644//2640 1728//1726 1649//1647
f 260//260 189//189 196//196
f 1694//1692 2120//2118 1696//1694
f 1475//1473 1404//1402 1891//1889
f 942//941 935//934 934//933
f 2463//2460 2497//2494 1897//1895
f 2669//2665 2652//2648 1555//1553
f 2457//2454 1529//1527 1467//1465
f 1356//1354 984//983 991//990
f 1357//1355 977//976 984//983
f 1021//1020 1272//1270 822//821
f 1358//1356 970//969 977//976
f 1467//1465 1521//1519 1514//1512
f 1358//1356 1359//1357 963//962
f 1359//1357 1360//1358 956//955
f 1558//1556 2787//2783 2788//2784
f 1444//1442 2539//2536 2575//2572
f 2320//2317 2236//2233 2238//2235
f 389//389 1146//1145 825//824
f 199//199 251//251 1047//1046
f 2433//2430 2443//2440 1432//1430
f 2474//2471 1587//1585 2430//2427
f 2443//2440 2431//2428 1420//1418
f 1564//1562 2798//2794 2799//2795
f 1360//1358 1362//1360 949//948
f 1079//1078 1044//1043 229//229
f 1421//1419 1456//1454 1953//1951
f 2459//2456 1543//1541 2466//2463
f 1410//1408 1325//1323 949//948
f 949//948 1325//1323 1326//1324
f 1661//1659 1423//1421 2446//2443
f 570//570 328//328 926//925
f 1953//1951 1470//1468 1476//1474
f 242//242 1125//1124 1289//1287
f 1127//1126 1307//1305 380//380
f 1600//1598 1598//1596 1564//1562
f 948//947 1326//1324 1329//1327
f 1605//1603 2799//2795 2785//2781
f 827//826 386//386 857//856
f 947//946 1329//1327 1331//1329
f 77//77 80//80 238//238
f 2419//2416 1467//1465 1515//1513
f 912//911 283//283 1262//1260
f 1207//1206 23//23 7//7
f 1331//1329 1332//1330 945//944
f 1392//1390 1022//1021 241//241
f 1332//1330 1333//1331 944//943
f 235//235 241//241 1044//1043
f 235//235 1044//1043 1079//1078
f 267//267 925//924 559//559
f 102//102 101//101 1104//1103
f 1333//1331 1334//1332 943//942
f 387//387 188//188 187//187
f 42//42 56//56 243//243
f 352//352 864//863 1043//1042
f 943//942 1334//1332 1409//1407
f 1620//1618 2504//2501 2802//2798
f 1628//1626 1620//1618 2646//2642
f 301//301 1089//1088 47//47
f 1603//1601 1463//1461 2791//2787
f 1921//1919 1557//1555 2786//2782
f 1024//1023 293//293 311//311
f 943//942 1335//1333 1339//1337
f 1017//1016 1398//1396 1027//1026
f 1027//1026 1398//1396 1081//1080
f 1648//1646 1646//1644 2520//2517
f 62//62 1031//1030 206//206
f 1576//1574 1451//1449 1458//1456
f 950//949 1339//1337 1340//1338
f 1502//1500 1142//1141 881//880
f 957//956 1340//1338 1341//1339
f 575//575 573//573 581//581
f 971//970 964//963 1341//1339
f 2784//2780 2418//2415 2404//2401
f 336//336 78//78 1106//1105
f 1142//1141 88//88 353//353
f 978//977 971//970 1342//1340
f 935//934 267//267 1075//1074
f 985//984 978//977 1344//1342
f 291//291 1026//1025 257//257
f 881//880 353//353 885//884
f 985//984 1346//1344 1408//1406
f 1384//1382 252//252 1031//1030
f 1115//1114 1094//1093 1101//1100
f 60//60 1129//1128 383//383
f 1349//1347 986//985 985//984
f 1350//1348 987//986 986//985
f 1351//1349 988//987 987//986
f 891//890 1106//1105 107//107
f 373//373 72//72 364//364
f 1703//1701 1558//1556 2788//2784
f 252//252 249//249 1018//1017
f 880//879 850//849 1115//1114
f 989//988 988//987 1351//1349
f 1932//1930 1606//1604 1661//1659
f 1107//1106 85//85 598//598
f 990//989 989//988 1352//1350
f 1077//1076 996//995 1370//1368
f 991//990 990//989 1353//1351
f 1407//1405 1355//1353 991//990
f 1162//1161 1073//1072 105//105
f 599//599 263//263 1108//1107
f 944//943 943//942 950//949
f 945//944 944//943 951//950
f 2551//2548 1513//1511 1499//1497
f 946//945 945//944 952//951
f 239//239 1384//1382 62//62
f 210//210 1378//1376 209//209
f 1524//1522 2783//2779 2820//2816
f 293//293 86//86 292//292
f 1089//1088 227//227 261//261
f 251//251 240//240 1047//1046
f 954//953 947//946 946//945
f 955//954 948//947 947//946
f 276//276 84//84 1308//1306
f 2249//2246 2226//2223 2349//2346
f 956//955 949//948 948//947
f 951//950 950//949 957//956
f 2240//2237 2212//2209 2309//2306
f 959//958 952//951 951//950
f 886//885 1187//1186 890//889
f 960//959 953//952 952//951
f 954//953 953//952 960//959
f 955//954 954//953 961//960
f 1049//1048 1082//1081 328//328
f 62//62 206//206 1039//1038
f 868//867 318//318 1099//1098
f 2521//2518 2118//2116 1614//1612
f 326//326 1057//1056 337//337
f 28//28 526//526 1343//1341
f 963//962 956//955 955//954
f 841//840 601//601 883//882
f 1047//1046 240//240 1037//1036
f 958//957 957//956 964//963
f 885//884 1213//1212 1009//1008
f 966//965 959//958 958//957
f 241//241 256//256 210//210
f 1338//1336 1002//1001 1071//1070
f 221//221 1291//1289 1321//1319
f 267//267 559//559 1075//1074
f 516//516 514//514 341//341
f 1122//1121 912//911 265//265
f 2459//2456 1433//1431 1543//1541
f 39//39 29//29 1269//1267
f 586//586 516//516 449//449
f 1141//1140 375//375 278//278
f 1384//1382 239//239 247//247
f 1084//1083 81//81 333//333
f 967//966 960//959 959//958
f 1198//1197 39//39 1269//1267
f 118//118 513//513 119//119
f 330//330 79//79 338//338
f 2537//2534 1429//1427 1513//1511
f 1039//1038 206//206 1027//1026
f 961//960 960//959 967//966
f 1072//1071 230//230 161//161
f 315//315 914//913 275//275
f 1572//1570 2466//2463 1574//1572
f 1419//1417 1424//1422 1434//1432
f 1857//1855 2676//2672 2674//2670
f 4//4 381//381 6//6
f 351//351 113//113 81//81
f 1364//1362 1270//1268 851//850
f 962//961 961//960 968//967
f 970//969 963//962 962//961
f 1128//1127 380//380 1135//1134
f 2569//2566 1570//1568 1596//1594
f 1205//1204 568//568 1131//1130
f 1110//1109 372//372 1139//1138
f 388//388 368//368 288//288
f 832//831 831//830 837//836
f 972//971 965//964 964//963
f 303//303 74//74 313//313
f 57//57 1164//1163 839//838
f 135//135 238//238 1041//1040
f 88//88 361//361 339//339
f 1032//1031 885//884 1000//999
f 1278//1276 39//39 1198//1197
f 255//255 1398//1396 1017//1016
f 966//965 965//964 972//971
f 1556//1554 1555//1553 1549//1547
f 1555//1553 1554//1552 1548//1546
f 1554//1552 1553//1551 1547//1545
f 1553//1551 1552//1550 1546//1544
f 1552//1550 1551//1549 1545//1543
f 1551//1549 1550//1548 1544//1542
f 967//966 966//965 973//972
f 1549//1547 1548//1546 1541//1539
f 1548//1546 1547//1545 1540//1538
f 1547//1545 1546//1544 1539//1537
f 1546//1544 1545//1543 1538//1536
f 1545//1543 1544//1542 1537//1535
f 1543//1541 1542//1540 1535//1533
f 1542//1540 1541//1539 1534//1532
f 1541//1539 1540//1538 1533//1531
f 1540//1538 1539//1537 1532//1530
f 1539//1537 1538//1536 1531//1529
f 1538//1536 1537//1535 1530//1528
f 1536//1534 1535//1533 1528//1526
f 1535//1533 1534//1532 1527//1525
f 1534//1532 1533//1531 1526//1524
f 1533//1531 1532//1530 1525//1523
f 1532//1530 1531//1529 1523//1521
f 1531//1529 1530//1528 1522//1520
f 1529//1527 1528//1526 1521//1519
f 1528//1526 1527//1525 1520//1518
f 1527//1525 1526//1524 1519//1517
f 1526//1524 1525//1523 1518//1516
f 1525//1523 1523//1521 1517//1515
f 1523//1521 1522//1520 1516//1514
f 1521//1519 1520//1518 1512//1510
f 1520//1518 1519//1517 1511//1509
f 1519//1517 1518//1516 1510//1508
f 1518//1516 1517//1515 1509//1507
f 1517//1515 1516//1514 1508//1506
f 1697//1695 1618//1616 2656//2652
f 1371//1369 1364//1362 1287//1285
f 2666//2662 2663//2659 1553//1551
f 2663//2659 2660//2656 1552//1550
f 2660//2656 2659//2655 1551//1549
f 2659//2655 2647//2643 1550//1548
f 2647//2643 2802//2798 2456//2453
f 1550//1548 2456//2453 2455//2452
f 1544//1542 2455//2452 2454//2451
f 1537//1535 2454//2451 2453//2450
f 1530//1528 2453//2450 2452//2449
f 1522//1520 2452//2449 2450//2447
f 1516//1514 2450//2447 2448//2445
f 1508//1506 2448//2445 2818//2814
f 1509//1507 1508//1506 2761//2757
f 1510//1508 1509//1507 2764//2760
f 1511//1509 1510//1508 2765//2761
f 1512//1510 1511//1509 2766//2762
f 1514//1512 1512//1510 2767//2763
f 1515//1513 1514//1512 2800//2796
f 975//974 968//967 967//966
f 976//975 969//968 968//967
f 13//13 830//829 203//203
f 2458//2455 1536//1534 1529//1527
f 596//596 841//840 883//882
f 1507//1505 1504//1502 1495//1493
f 1501//1499 1494//1492 1495//1493
f 1500//1498 1491//1489 1494//1492
f 970//969 969//968 976//975
f 1413//1411 1566//1564 1437//1435
f 204//204 251//251 199//199
f 1495//1493 1484//1482 1485//1483
f 1494//1492 1483//1481 1484//1482
f 1491//1489 1482//1480 1483//1481
f 2560//2557 1890//1888 1570//1568
f 247//247 1117//1116 262//262
f 1484//1482 1478//1476 1479//1477
f 1483//1481 1477//1475 1478//1476
f 1482//1480 1476//1474 1477//1475
f 887//886 837//836 67//67
f 1129//1128 1122//1121 265//265
f 257//257 282//282 930//929
f 1478//1476 1473//1471 1474//1472
f 1477//1475 1471//1469 1473//1471
f 1476//1474 1470//1468 1471//1469
f 1915//1913 2409//2406 2480//2477
f 1059//1058 1051//1050 228//228
f 1473//1471 1461//1459 1462//1460
f 1471//1469 1460//1458 1461//1459
f 1470//1468 1459//1457 1460//1458
f 1191//1190 87//87 1133//1132
f 1047//1046 1037//1036 205//205
f 1461//1459 1454//1452 1455//1453
f 1460//1458 1453//1451 1454//1452
f 1459//1457 1452//1450 1453//1451
f 1458//1456 1451//1449 1452//1450
f 240//240 250//250 1037//1036
f 204//204 236//236 251//251
f 2802//2798 2504//2501 1507//1505
f 2504//2501 2654//2650 1504//1502
f 2656//2652 1501//1499 1504//1502
f 1576//1574 1450//1448 1451//1449
f 979//978 972//971 971//970
f 199//199 1047//1046 61//61
f 205//205 1051//1050 68//68
f 1438//1436 2112//2110 1565//1563
f 1027//1026 1081//1080 250//250
f 973//972 972//971 979//978
f 1599//1597 2467//2464 2440//2437
f 1445//1443 1706//1704 1889//1887
f 974//973 973//972 980//979
f 982//981 975//974 974//973
f 1363//1361 1060//1059 463//463
f 1116//1115 381//381 4//4
f 2655//2651 1705//1703 2645//2641
f 1451//1449 2751//2747 2754//2750
f 1452//1450 2754//2750 2758//2754
f 1453//1451 2758//2754 2759//2755
f 1454//1452 2759//2755 2760//2756
f 1455//1453 2760//2756 2818//2814
f 1462//1460 1455//1453 2448//2445
f 1474//1472 1462//1460 2450//2447
f 2453//2450 1479//1477 1474//1472
f 2454//2451 1485//1483 1479//1477
f 2455//2452 1496//1494 1485//1483
f 2456//2453 1507//1505 1496//1494
f 1384//1382 1031//1030 62//62
f 2409//2406 1594//1592 1888//1886
f 140//140 1025//1024 1072//1071
f 2501//2498 2334//2331 2250//2247
f 45//45 115//115 23//23
f 298//298 70//70 388//388
f 925//924 849//848 853//852
f 223//223 1370//1368 1055//1054
f 2675//2671 1500//1498 1501//1499
f 282//282 926//925 929//928
f 1323//1321 231//231 315//315
f 1082//1081 1308//1306 114//114
f 983//982 976//975 975//974
f 977//976 976//975 983//982
f 986//985 979//978 978//977
f 362//362 356//356 894//893
f 2309//2306 2272//2269 2348//2345
f 2343//2340 2689//2685 2685//2681
f 987//986 980//979 979//978
f 559//559 853//852 347//347
f 824//823 883//882 24//24
f 1044//1043 210//210 209//209
f 988//987 981//980 980//979
f 245//245 15//15 16//16
f 66//66 266//266 72//72
f 1393//1391 1301//1299 51//51
f 152//152 107//107 1292//1290
f 1382//1380 143//143 916//915
f 1085//1084 1322//1320 925//924
f 933//932 1150//1149 927//926
f 1144//1143 1006//1005 123//123
f 354//354 891//890 152//152
f 927//926 257//257 931//930
f 982//981 981//980 988//987
f 1026//1025 570//570 282//282
f 28//28 1343//1341 49//49
f 983//982 982//981 989//988
f 343//343 354//354 1261//1259
f 124//124 129//129 1008//1007
f 1588//1586 2817//2813 2467//2464
f 250//250 235//235 1037//1036
f 984//983 983//982 990//989
f 1653//1651 1721//1719 1652//1650
f 1613//1611 1497//1495 1590//1588
f 35//35 253//253 558//558
f 361//361 1084//1083 878//877
f 884//883 828//827 573//573
f 2693//2689 2214//2211 2270//2267
f 1077//1076 223//223 153//153
f 1286//1284 245//245 16//16
f 829//828 458//458 219//219
f 853//852 1090//1089 309//309
f 182//182 1087//1086 84//84
f 1295//1293 1103//1102 1097//1096
f 1365//1363 1366//1364 995//994
f 1028//1027 63//63 1058//1057
f 236//236 1039//1038 251//251
f 307//307 1016//1015 863//862
f 835//834 1085//1084 1320//1318
f 823//822 279//279 491//491
f 995//994 1366//1364 1367//1365
f 381//381 854//853 6//6
f 1585//1583 1419//1417 1405//1403
f 386//386 1139//1138 857//856
f 329//329 1225//1224 866//865
f 994//993 1367//1365 1368//1366
f 993//992 1368//1366 1369//1367
f 2315//2312 2349//2346 2186//2183
f 992//991 1369//1367 1411//1409
f 998//997 992//991 1//1
f 1007//1006 998//997 1373//1371
f 84//84 997//996 1308//1306
f 1007//1006 1374//1372 1375//1373
f 583//583 1502//1500 90//90
f 1031//1030 1018//1017 1017//1016
f 1019//1018 1375//1373 1376//1374
f 374//374 382//382 583//583
f 1032//1031 1000//999 997//996
f 203//203 1193//1192 198//198
f 854//853 237//237 86//86
f 1059//1058 68//68 1051//1050
f 234//234 312//312 217//217
f 1104//1103 108//108 1003//1002
f 2446//2443 2462//2459 1418//1416
f 309//309 142//142 347//347
f 1052//1051 1199//1198 1205//1204
f 996//995 995//994 1001//1000
f 1001//1000 995//994 994//993
f 2668//2664 2643//2639 1864//1862
f 999//998 993//992 992//991
f 867//866 863//862 329//329
f 382//382 1137//1136 583//583
f 352//352 1043//1042 1012//1011
f 98//98 118//118 321//321
f 253//253 1290//1288 558//558
f 2112//2110 1414//1412 1457//1455
f 1448//1446 1557//1555 1921//1919
f 1956//1954 2500//2497 2391//2388
f 1960//1958 1811//1809 1466//1464
f 1666//1664 2809//2805 2500//2497
f 1606//1604 1423//1421 1661//1659
f 1860//1858 1466//1464 1401//1399
f 1414//1412 1860//1858 1689//1687
f 2671//2667 1560//1558 2670//2666
f 1469//1467 1921//1919 1558//1556
f 1438//1436 1559//1557 2112//2110
f 1559//1557 1442//1440 1414//1412
f 1441//1439 1575//1573 1442//1440
f 2635//2631 1951//1949 2671//2667
f 2539//2536 1944//1942 2575//2572
f 1401//1399 1506//1504 1448//1446
f 1944//1942 2425//2422 2518//2515
f 1438//1436 1565//1563 1582//1580
f 1597//1595 2634//2630 1630//1628
f 1932//1930 1661//1659 1915//1913
f 1457//1455 1915//1913 1578//1576
f 1689//1687 1401//1399 1634//1632
f 1952//1950 1558//1556 1703//1701
f 1481//1479 1441//1439 1559//1557
f 1596//1594 1436//1434 1813//1811
f 1933//1931 1621//1619 1569//1567
f 1436//1434 1574//1572 1933//1931
f 1606//1604 1469//1467 1952//1950
f 1656//1654 2430//2427 2425//2422
f 2658//2654 1918//1916 2528//2525
f 2112//2110 1578//1576 1565//1563
f 2528//2525 1911//1909 2539//2536
f 1634//1632 1448//1446 1469//1467
f 1570//1568 1572//1570 1436//1434
f 1952//1950 1524//1522 1423//1421
f 1569//1567 1440//1438 1811//1809
f 1442//1440 1960//1958 1860//1858
f 2670//2666 1593//1591 2658//2654
f 1506//1504 1603//1601 1557//1555
f 1619//1617 2474//2471 2430//2427
f 1811//1809 1922//1920 1561//1559
f 1457//1455 1689//1687 1932//1930
f 2575//2572 2518//2515 2806//2802
f 1813//1811 1933//1931 1575//1573
f 1575//1573 1569//1567 1960//1958
f 1630//1628 2655//2651 1666//1664
f 2645//2641 2496//2493 2809//2805
f 1446//1444 1813//1811 1441//1439
f 1908//1906 2521//2518 2474//2471
f 1645//1643 2391//2388 2521//2518
f 1689//1687 1606//1604 1932//1930
f 1561//1559 1463//1461 1603//1601
f 1466//1464 1561//1559 1506//1504
f 2557//2554 1941//1939 1949//1947
f 1443//1441 1645//1643 1908//1906
f 2526//2523 1876//1874 1711//1709
f 1475//1473 1891//1889 1443//1441
f 1859//1857 1908//1906 1619//1617
f 1708//1706 1629//1627 1715//1713
f 2117//2115 1709//1707 1871//1869
f 2752//2748 1727//1725 2750//2746
f 2657//2653 1970//1968 1490//1488
f 1617//1615 1472//1470 2114//2112
f 1804//1802 1677//1675 1817//1815
f 1911//1909 1656//1654 1944//1942
f 1472//1470 1487//1485 1721//1719
f 1664//1662 1613//1611 1402//1400
f 1631//1629 2669//2665 1659//1657
f 2711//2707 1699//1697 2695//2691
f 1589//1587 1402//1400 1498//1496
f 1707//1705 1667//1665 1674//1672
f 2529//2526 1816//1814 1641//1639
f 2712//2708 1713//1711 2709//2705
f 1668//1666 1651//1649 1415//1413
f 2527//2524 1617//1615 1808//1806
f 1970//1968 2577//2574 2119//2117
f 1468//1466 1708//1706 1699//1697
f 1826//1824 2664//2660 2526//2523
f 2650//2646 1636//1634 1403//1401
f 1968//1966 1731//1729 1682//1680
f 1693//1691 1702//1700 1712//1710
f 1609//1607 2532//2529 2664//2660
f 1637//1635 2556//2553 2653//2649
f 2633//2629 1678//1676 1685//1683
f 1659//1657 2804//2800 2532//2529
f 1644//1642 1580//1578 1669//1667
f 1637//1635 1698//1696 1628//1626
f 1710//1708 2551//2548 2667//2663
f 2644//2640 1649//1647 2577//2574
f 1662//1660 1725//1723 1633//1631
f 1673//1671 1610//1608 1707//1705
f 1665//1663 1643//1641 1610//1608
f 2649//2645 1711//1709 1617//1615
f 1801//1799 1853//1851 1809//1807
f 1681//1679 1607//1605 1412//1410
f 2532//2529 2581//2578 1635//1633
f 1590//1588 1630//1628 1616//1614
f 1608//1606 1659//1657 1609//1607
f 1829//1827 1826//1824 1579//1577
f 1695//1693 1688//1686 1713//1711
f 2544//2541 1403//1401 1592//1590
f 1412//1410 1829//1827 1683//1681
f 1716//1714 1710//1708 1722//1720
f 1808//1806 2114//2112 1625//1623
f 1914//1912 1415//1413 1607//1605
f 2586//2583 1623//1621 1724//1722
f 2703//2699 2529//2526 2808//2804
f 1650//1648 1663//1661 1731//1729
f 1685//1683 1601//1599 1702//1700
f 1404//1402 1616//1614 1891//1889
f 1682//1680 2653//2649 2662//2658
f 1629//1627 2649//2645 2527//2524
f 1855//1853 1443//1441 1859//1857
f 2668//2664 2661//2657 2811//2807
f 2808//2804 1641//1639 2779//2775
f 1593//1591 1425//1423 1918//1916
f 1657//1655 2663//2659 1725//1723
f 2643//2639 1571//1569 1864//1862
f 2668//2664 1864//1862 1804//1802
f 1723//1721 1611//1609 1727//1725
f 2665//2661 1583//1581 2676//2672
f 1706//1704 1899//1897 1889//1887
f 1830//1828 2670//2666 1821//1819
f 2530//2527 1808//1806 1816//1814
f 1427//1425 1619//1617 1656//1654
f 1638//1636 1855//1853 1425//1423
f 1804//1802 2633//2629 2661//2657
f 1971//1969 1676//1674 1672//1670
f 2577//2574 1965//1963 2665//2661
f 1819//1817 1581//1579 1632//1630
f 1628//1626 2646//2642 2556//2553
f 1492//1490 1971//1969 1622//1620
f 1833//1831 2528//2525 1581//1579
f 1857//1855 2674//2670 1597//1595
f 2813//2809 1724//1722 2635//2631
f 2564//2561 1490//1488 1493//1491
f 1728//1726 1611//1609 1649//1647
f 1444//1442 2575//2572 2116//2114
f 2555//2552 1626//1624 1571//1569
f 1612//1610 1720//1718 1611//1609
f 1622//1620 1672//1670 1720//1718
f 1717//1715 1709//1707 1676//1674
f 1651//1649 1631//1629 1608//1606
f 1725//1723 2666//2662 1658//1656
f 1641//1639 1801//1799 1714//1712
f 1712//1710 1687//1685 1695//1693
f 1658//1656 2652//2648 1631//1629
f 1660//1658 1655//1653 1643//1641
f 1607//1605 1670//1668 1829//1827
f 1671//1669 1704//1702 1709//1707
f 1705//1703 2573//2570 2645//2641
f 2695//2691 1700//1698 2703//2699
f 2770//2766 1723//1721 2752//2748
f 1678//1676 1707//1705 1601//1599
f 1674//1672 1668//1666 1914//1912
f 2812//2808 1728//1726 2644//2640
f 1669//1667 1612//1610 1723//1721
f 2653//2649 1660//1658 1665//1663
f 2634//2630 1705//1703 2655//2651
f 1642//1640 1821//1819 1692//1690
f 2676//2672 2117//2115 2674//2670
f 1633//1631 1658//1656 1651//1649
f 2661//2657 1685//1683 1693//1691
f 1702//1700 1680//1678 1687//1685
f 1601//1599 1674//1672 1680//1678
f 1864//1862 1647//1645 1677//1675
f 1680//1678 1914//1912 1681//1679
f 1610//1608 1662//1660 1667//1665
f 1415//1413 1608//1606 1670//1668
f 1713//1711 1639//1637 1468//1466
f 1670//1668 1609//1607 1826//1824
f 1643//1641 1657//1655 1662//1660
f 1626//1624 1959//1957 1640//1638
f 1592//1590 1642//1640 1959//1957
f 1951//1949 1955//1953 1560//1558
f 1809//1807 1492//1490 1580//1578
f 1699//1697 1715//1713 1700//1698
f 1958//1956 1716//1714 1627//1625
f 1817//1815 1650//1648 1968//1966
f 1647//1645 1825//1823 1604//1602
f 2588//2585 1493//1491 1675//1673
f 1675//1673 1706//1704 1445//1443
f 1667//1665 1633//1631 1668//1666
f 2691//2687 1695//1693 2712//2708
f 1721//1719 1615//1613 1652//1650
f 2662//2658 1665//1663 1673//1671
f 2709//2705 1468//1466 2711//2707
f 2811//2807 1693//1691 2710//2706
f 1604//1602 1726//1724 1663//1661
f 1701//1699 1819//1817 1805//1803
f 2672//2668 1673//1671 1678//1676
f 1682//1680 1907//1905 1637//1635
f 1425//1423 1859//1857 1427//1425
f 1821//1819 2658//2654 1833//1831
f 1731//1729 1958//1956 1907//1905
f 1663//1661 1878//1876 1958//1956
f 1726//1724 1684//1682 1878//1876
f 1805//1803 1632//1630 1684//1682
f 1918//1916 1427//1425 1911//1909
f 1853//1851 1505//1503 1492//1490
f 1718//1716 2677//2673 2113//2111
f 2114//2112 1721//1719 1653//1651
f 1493//1491 1503//1501 1706//1704
f 1580//1578 1622//1620 1612//1610
f 1968//1966 2662//2658 2672//2668
f 2113//2111 2534//2531 1624//1622
f 1899//1897 1857//1855 1497//1495
f 1704//1702 2534//2531 2573//2570
f 2673//2669 2635//2631 1636//1634
f 1503//1501 1464//1462 1899//1897
f 1583//1581 1676//1674 2117//2115
f 1487//1485 2113//2111 1615//1613
f 1683//1681 1579//1577 1629//1627
f 1636//1634 2671//2667 1830//1828
f 1560//1558 1638//1636 1593//1591
f 1616//1614 1666//1664 1956//1954
f 1505//1503 1717//1715 1971//1969
f 1959//1957 1692//1690 1701//1699
f 1632//1630 1444//1442 1686//1684
f 1688//1686 1412//1410 1639//1637
f 1615//1613 1624//1622 1671//1669
f 1871//1869 1704//1702 1705//1703
f 1714//1712 1809//1807 1644//1642
f 2116//2114 2806//2802 2537//2534
f 1955//1953 1498//1496 1638//1636
f 1653//1651 1652//1650 1505//1503
f 1698//1696 1618//1616 1697//1695
f 2556//2553 1654//1652 1660//1658
f 2716//2712 1727//1725 1728//1726
f 2757//2753 1644//1642 2776//2772
f 2648//2644 2644//2640 1970//1968
f 1684//1682 1686//1684 1679//1677
f 1719//1717 2569//2566 1718//1716
f 1497//1495 1597//1595 1590//1588
f 1889//1887 1497//1495 1613//1611
f 2531//2528 1586//1584 1623//1621
f 2776//2772 1669//1667 2770//2766
f 1711//1709 2115//2113 1472//1470
f 2632//2628 1592//1590 1626//1624
f 2651//2647 1675//1673 1586//1584
f 1878//1876 1679//1677 1716//1714
f 1402//1400 1404//1402 1475//1473
f 2115//2113 1718//1716 1487//1485
f 1965//1963 1672//1670 1583//1581
f 1724//1722 1856//1854 1951//1949
f 1686//1684 2116//2114 1406//1404
f 1677//1675 1604//1602 1650//1648
f 1613//1611 1590//1588 1404//1402
f 1856//1854 1589//1587 1955//1953
f 1640//1638 1701//1699 1825//1823
f 1581//1579 2539//2536 1444//1442
f 1623//1621 1940//1938 1856//1854
f 1618//1616 2675//2671 2656//2652
f 2710//2706 1712//1710 2691//2687
f 1715//1713 2527//2524 2530//2527
f 1816//1814 1625//1623 1801//1799
f 1700//1698 2530//2527 2529//2526
f 1628//1626 1697//1695 1620//1618
f 2779//2775 1714//1712 2757//2753
f 1586//1584 1445//1443 1940//1938
f 1403//1401 1830//1828 1642//1640
f 2664//2660 1635//1633 1876//1874
f 2655//2651 2645//2641 2809//2805
f 1490//1488 2119//2117 1503//1501
f 1722//1720 2667//2663 2675//2671
f 1639//1637 1683//1681 1708//1706
f 1652//1650 1671//1669 1717//1715
f 1627//1625 1722//1720 1618//1616
f 1679//1677 1406//1404 1710//1708
f 1697//1695 2656//2652 2654//2650
f 1961//1959 1945//1943 1946//1944
f 1954//1952 1945//1943 1957//1955
f 1940//1938 1664//1662 1589//1587
f 1950//1948 1943//1941 1954//1952
f 1949//1947 1942//1940 1950//1948
f 1464//1462 2676//2672 1857//1855
f 1948//1946 1937//1935 1938//1936
f 1947//1945 1936//1934 1937//1935
f 1946//1944 1931//1929 1936//1934
f 1943//1941 1931//1929 1945//1943
f 2119//2117 2665//2661 1464//1462
f 1942//1940 1930//1928 1943//1941
f 1941//1939 1929//1927 1942//1940
f 1938//1936 1926//1924 1927//1925
f 1937//1935 1924//1922 1926//1924
f 1936//1934 1923//1921 1924//1922
f 1930//1928 1923//1921 1931//1929
f 1929//1927 1920//1918 1930//1928
f 1571//1569 1640//1638 1647//1645
f 1928//1926 1919//1917 1929//1927
f 2816//2812 1989//1987 2562//2559
f 2718//2714 1988//1986 1989//1987
f 1649//1647 1720//1718 1965//1963
f 2715//2711 1987//1985 1988//1986
f 2713//2709 1986//1984 1987//1985
f 2717//2713 1986//1984 2714//2710
f 2720//2716 1985//1983 2717//2713
f 2721//2717 1984//1982 2720//2716
f 2815//2811 1983//1981 2721//2717
f 2561//2558 1976//1974 1983//1981
f 2559//2556 1966//1964 1976//1974
f 2558//2555 1949//1947 1966//1964
f 2554//2551 1928//1926 1941//1939
f 2553//2550 1917//1915 1928//1926
f 2552//2549 2618//2614 1917//1915
f 1917//1915 2619//2615 1919//1917
f 1919//1917 2620//2616 1920//1918
f 1920//1918 2621//2617 1923//1921
f 1924//1922 2621//2617 2622//2618
f 1926//1924 2622//2618 2623//2619
f 1927//1925 2623//2619 2624//2620
f 2570//2567 2624//2620 2795//2791
f 2568//2565 1927//1925 2570//2567
f 1817//1815 2672//2668 2633//2629
f 2567//2564 1938//1936 2568//2565
f 1891//1889 1956//1954 1645//1643
f 2566//2563 1948//1946 2567//2564
f 2565//2562 1964//1962 2566//2563
f 2563//2560 1975//1973 2565//2562
f 2562//2559 1982//1980 2563//2560
f 1916//1914 1903//1901 1904//1902
f 1913//1911 1902//1900 1903//1901
f 1912//1910 1901//1899 1902//1900
f 1909//1907 1901//1899 1910//1908
f 1906//1904 1900//1898 1909//1907
f 1905//1903 1896//1894 1906//1904
f 1904//1902 1887//1885 1893//1891
f 1903//1901 1886//1884 1887//1885
f 1902//1900 1885//1883 1886//1884
f 1900//1898 1885//1883 1901//1899
f 1896//1894 1884//1882 1900//1898
f 1895//1893 1883//1881 1896//1894
f 1893//1891 1880//1878 1881//1879
f 1887//1885 1879//1877 1880//1878
f 1886//1884 1877//1875 1879//1877
f 1884//1882 1877//1875 1885//1883
f 1883//1881 1875//1873 1884//1882
f 1882//1880 1874//1872 1883//1881
f 1881//1879 1870//1868 1872//1870
f 1880//1878 1869//1867 1870//1868
f 1620//1618 2802//2798 2646//2642
f 1620//1618 2654//2650 2504//2501
f 1879//1877 1868//1866 1869//1867
f 1875//1873 1868//1866 1877//1875
f 1874//1872 1867//1865 1875//1873
f 1873//1871 1866//1864 1874//1872
f 1872//1870 1862//1860 1863//1861
f 1870//1868 1861//1859 1862//1860
f 1869//1867 1858//1856 1861//1859
f 1867//1865 1858//1856 1868//1866
f 1866//1864 1854//1852 1867//1865
f 2674//2670 1871//1869 2634//2630
f 1865//1863 1852//1850 1866//1864
f 1825//1823 1805//1803 1726//1724
f 1863//1861 1849//1847 1850//1848
f 1635//1633 2560//2557 1719//1717
f 1862//1860 1848//1846 1849//1847
f 1861//1859 1847//1845 1848//1846
f 1854//1852 1847//1845 1858//1856
f 1852//1850 1846//1844 1854//1852
f 1692//1690 1833//1831 1819//1817
f 1655//1653 2660//2656 1657//1655
f 1654//1652 2659//2655 1655//1653
f 2646//2642 2647//2643 1654//1652
f 1907//1905 1627//1625 1698//1696
f 1851//1849 1845//1843 1852//1850
f 2815//2811 1916//1914 2561//2558
f 1687//1685 1681//1679 1688//1686
f 1625//1623 1653//1651 1853//1851
f 1498//1496 1475//1473 1855//1853
f 1445//1443 1889//1887 1664//1662
f 2722//2718 1913//1911 1916//1914
f 2723//2719 1912//1910 1913//1911
f 2724//2720 1910//1908 1912//1910
f 2726//2722 1910//1908 2725//2721
f 2727//2723 1909//1907 2726//2722
f 2729//2725 1906//1904 2727//2723
f 2814//2810 1905//1903 2729//2725
f 1876//1874 1719//1717 2115//2113
f 2550//2547 1895//1893 1905//1903
f 2549//2546 1882//1880 1895//1893
f 1406//1404 2537//2534 2551//2548
f 2548//2545 1873//1871 1882//1880
f 2547//2544 1865//1863 1873//1871
f 1579//1577 2526//2523 2649//2645
f 2546//2543 1851//1849 1865//1863
f 2542//2539 1771//1769 2541//2538
f 2541//2538 1764//1762 2540//2537
f 2540//2537 1757//1755 2538//2535
f 2538//2535 1750//1748 2536//2533
f 2536//2533 1743//1741 2535//2532
f 2535//2532 1736//1734 2533//2530
f 2533//2530 2580//2577 2789//2785
f 1736//1734 2579//2576 2580//2577
f 1735//1733 2578//2575 2579//2576
f 1734//1732 2576//2573 2578//2575
f 1732//1730 2576//2573 1733//1731
f 1730//1728 2574//2571 1732//1730
f 1729//1727 2572//2569 1730//1728
f 2570//2567 2571//2568 1729//1727
f 2568//2565 1729//1727 1737//1735
f 2567//2564 1737//1735 1744//1742
f 2566//2563 1744//1742 1751//1749
f 2565//2562 1751//1749 1758//1756
f 2563//2560 1758//1756 1765//1763
f 2562//2559 1765//1763 1772//1770
f 2816//2812 1772//1770 2747//2743
f 2747//2743 1773//1771 2746//2742
f 2746//2742 1774//1772 2745//2741
f 2745//2741 1775//1773 2744//2740
f 2743//2739 1775//1773 1776//1774
f 2742//2738 1776//1774 1777//1775
f 2739//2735 1777//1775 1778//1776
f 2810//2806 1778//1776 2542//2539
f 1737//1735 1730//1728 1738//1736
f 1738//1736 1732//1730 1739//1737
f 1739//1737 1733//1731 1740//1738
f 1741//1739 1733//1731 1734//1732
f 1742//1740 1734//1732 1735//1733
f 1743//1741 1735//1733 1736//1734
f 1744//1742 1738//1736 1745//1743
f 1745//1743 1739//1737 1746//1744
f 1746//1744 1740//1738 1747//1745
f 1748//1746 1740//1738 1741//1739
f 1749//1747 1741//1739 1742//1740
f 1750//1748 1742//1740 1743//1741
f 1751//1749 1745//1743 1752//1750
f 1752//1750 1746//1744 1753//1751
f 1753//1751 1747//1745 1754//1752
f 1755//1753 1747//1745 1748//1746
f 1756//1754 1748//1746 1749//1747
f 1757//1755 1749//1747 1750//1748
f 1758//1756 1752//1750 1759//1757
f 1759//1757 1753//1751 1760//1758
f 1760//1758 1754//1752 1761//1759
f 1762//1760 1754//1752 1755//1753
f 1763//1761 1755//1753 1756//1754
f 1764//1762 1756//1754 1757//1755
f 1765//1763 1759//1757 1766//1764
f 1766//1764 1760//1758 1767//1765
f 1767//1765 1761//1759 1768//1766
f 1769//1767 1761//1759 1762//1760
f 1770//1768 1762//1760 1763//1761
f 1771//1769 1763//1761 1764//1762
f 1772//1770 1766//1764 1773//1771
f 1773//1771 1767//1765 1774//1772
f 1774//1772 1768//1766 1775//1773
f 1776//1774 1768//1766 1769//1767
f 1777//1775 1769//1767 1770//1768
f 1778//1776 1770//1768 1771//1769
f 2550//2547 1836//1834 2549//2546
f 2549//2546 1824//1822 2548//2545
f 2548//2545 1812//1810 2547//2544
f 2547//2544 1799//1797 2546//2543
f 2546//2543 1792//1790 2545//2542
f 2545//2542 1785//1783 2543//2540
f 2543//2540 2596//2593 2792//2788
f 1785//1783 2595//2592 2596//2593
f 1784//1782 2594//2591 2595//2592
f 1783//1781 2593//2590 2594//2591
f 1781//1779 2593//2590 1782//1780
f 1780//1778 2592//2589 1781//1779
f 1779//1777 2591//2588 1780//1778
f 2533//2530 2590//2587 1779//1777
f 2535//2532 1779//1777 1786//1784
f 2536//2533 1786//1784 1793//1791
f 2538//2535 1793//1791 1800//1798
f 2540//2537 1800//1798 1814//1812
f 2541//2538 1814//1812 1827//1825
f 2542//2539 1827//1825 1837//1835
f 2810//2806 1837//1835 2738//2734
f 2738//2734 1838//1836 2737//2733
f 2737//2733 1839//1837 2736//2732
f 2736//2732 1840//1838 2734//2730
f 2732//2728 1840//1838 1841//1839
f 2731//2727 1841//1839 1842//1840
f 2730//2726 1842//1840 1843//1841
f 2814//2810 1843//1841 2550//2547
f 1786//1784 1780//1778 1787//1785
f 1787//1785 1781//1779 1788//1786
f 1788//1786 1782//1780 1789//1787
f 1790//1788 1782//1780 1783//1781
f 1791//1789 1783//1781 1784//1782
f 1792//1790 1784//1782 1785//1783
f 1793//1791 1787//1785 1794//1792
f 1794//1792 1788//1786 1795//1793
f 1795//1793 1789//1787 1796//1794
f 1797//1795 1789//1787 1790//1788
f 1798//1796 1790//1788 1791//1789
f 1799//1797 1791//1789 1792//1790
f 1800//1798 1794//1792 1802//1800
f 1802//1800 1795//1793 1803//1801
f 1803//1801 1796//1794 1806//1804
f 1807//1805 1796//1794 1797//1795
f 1810//1808 1797//1795 1798//1796
f 1812//1810 1798//1796 1799//1797
f 1814//1812 1802//1800 1815//1813
f 1815//1813 1803//1801 1818//1816
f 1818//1816 1806//1804 1820//1818
f 1822//1820 1806//1804 1807//1805
f 1823//1821 1807//1805 1810//1808
f 1824//1822 1810//1808 1812//1810
f 1827//1825 1815//1813 1828//1826
f 1828//1826 1818//1816 1831//1829
f 1831//1829 1820//1818 1832//1830
f 1834//1832 1820//1818 1822//1820
f 1835//1833 1822//1820 1823//1821
f 1836//1834 1823//1821 1824//1822
f 1837//1835 1828//1826 1838//1836
f 1838//1836 1831//1829 1839//1837
f 1839//1837 1832//1830 1840//1838
f 1841//1839 1832//1830 1834//1832
f 1842//1840 1834//1832 1835//1833
f 1843//1841 1835//1833 1836//1834
f 2561//2558 1904//1902 2559//2556
f 2559//2556 1893//1891 2558//2555
f 2558//2555 1881//1879 2557//2554
f 2557//2554 1872//1870 2554//2551
f 2554//2551 1863//1861 2553//2550
f 2553//2550 1850//1848 2552//2549
f 2552//2549 2610//2606 2793//2789
f 1850//1848 2609//2605 2610//2606
f 1849//1847 2608//2604 2609//2605
f 1848//1846 2607//2603 2608//2604
f 1846//1844 2607//2603 1847//1845
f 1845//1843 2606//2602 1846//1844
f 1844//1842 2605//2129 1845//1843
f 2543//2540 2604//2601 1844//1842
f 2545//2542 1844//1842 1851//1849
f 2617//2613 2172//2169 2179//2176
f 2797//2793 2478//2475 2798//2794
f 2501//2498 2250//2247 2435//2432
f 2308//2305 2711//2707 2305//2302
f 2267//2264 2256//2253 2347//2344
f 2345//2342 2354//2351 2326//2323
f 2507//2504 2398//2395 2505//2502
f 2213//2210 2352//2349 2350//2347
f 2331//2328 2225//2222 2253//2250
f 2341//2338 2690//2686 2692//2688
f 2728//2724 2318//2315 2768//2764
f 2264//2261 2220//2217 2267//2264
f 2719//2715 2716//2712 2812//2808
f 2582//2579 2641//2637 2801//2797
f 2344//2341 2257//2254 2345//2342
f 2799//2795 2492//2489 2785//2781
f 2481//2478 2817//2813 2782//2778
f 2232//2229 2770//2766 2296//2293
f 2683//2679 2260//2257 2324//2321
f 2336//2333 2340//2337 2325//2322
f 2234//2231 2329//2326 2346//2343
f 2753//2749 2333//2330 2200//2197
f 2784//2780 2404//2401 2797//2793
f 2510//2507 2469//2466 2522//2519
f 2490//2487 2493//2490 2498//2495
f 2350//2347 2294//2291 2301//2298
f 2335//2332 2345//2342 2271//2268
f 2239//2236 2261//2258 2307//2304
f 2309//2306 2348//2345 2319//2316
f 2642//2638 2211//2208 2212//2209
f 2398//2395 2410//2407 2517//2514
f 2494//2491 2513//2510 2493//2490
f 2341//2338 2347//2344 2337//2334
f 2342//2339 2327//2324 2273//2270
f 2733//2729 2522//2519 2735//2731
f 2741//2737 2488//2485 2753//2749
f 2328//2325 2267//2264 2341//2338
f 2295//2292 2231//2228 2351//2348
f 2233//2230 2228//2225 2352//2349
f 2310//2307 2305//2302 2257//2254
f 2260//2257 2254//2251 2314//2311
f 2741//2737 2200//2197 2207//2204
f 2688//2684 2299//2296 2260//2257
f 2333//2330 2355//2352 2204//2201
f 2753//2749 2510//2507 2733//2729
f 2321//2318 2808//2804 2778//2774
f 2306//2303 2308//2305 2310//2307
f 2336//2333 2222//2219 2228//2225
f 2326//2323 2317//2314 2266//2263
f 2248//2245 2217//2214 2241//2238
f 2702//2698 2342//2339 2279//2276
f 2231//2228 2338//2335 2264//2261
f 2209//2206 2320//2317 2210//2207
f 2354//2351 2321//2318 2317//2314
f 2324//2321 2314//2311 2327//2324
f 2346//2343 2339//2336 2338//2335
f 2303//2300 2709//2705 2308//2305
f 2268//2265 2768//2764 2353//2350
f 2330//2327 2266//2263 2323//2320
f 2339//2336 2237//2234 2239//2236
f 2274//2271 2335//2332 2275//2272
f 2258//2255 2813//2809 2673//2669
f 2690//2686 2710//2706 2313//2310
f 2254//2251 2303//2300 2306//2303
f 2190//2187 2648//2644 2657//2653
f 2337//2334 2643//2639 2668//2664
f 1996//1994 2642//2638 2641//2637
f 2298//2295 2750//2746 2716//2712
f 2186//2183 2657//2653 2564//2561
f 2201//2198 2224//2221 2226//2223
f 2220//2217 2307//2304 2256//2253
f 2313//2310 2691//2687 2302//2299
f 2217//2214 2234//2231 2263//2260
f 2302//2299 2712//2708 2303//2300
f 2768//2764 2298//2295 2719//2715
f 2244//2241 2301//2298 2245//2242
f 2242//2239 2213//2210 2243//2240
f 2243//2240 2350//2347 2244//2241
f 2317//2314 2778//2774 2771//2767
f 2263//2260 2346//2343 2231//2228
f 2328//2325 2692//2688 2688//2684
f 2241//2238 2263//2260 2295//2292
f 2312//2309 2294//2291 2234//2231
f 2352//2349 2329//2326 2294//2291
f 2329//2326 2222//2219 2339//2336
f 2323//2320 2769//2765 2775//2771
f 2704//2700 2343//2340 2219//2216
f 2488//2485 2498//2495 2510//2507
f 2683//2679 2328//2325 2688//2684
f 2247//2244 2312//2309 2217//2214
f 2679//2675 2351//2348 2683//2679
f 2692//2688 2313//2310 2299//2296
f 2219//2216 2233//2230 2213//2210
f 1962//1960 1946//1944 1947//1945
f 1964//1962 1947//1945 1948//1946
f 1966//1964 1950//1948 1967//1965
f 1967//1965 1954//1952 1969//1967
f 1969//1967 1957//1955 1972//1970
f 1973//1971 1957//1955 1961//1959
f 1974//1972 1961//1959 1962//1960
f 1975//1973 1962//1960 1964//1962
f 1976//1974 1967//1965 1977//1975
f 1977//1975 1969//1967 1978//1976
f 1978//1976 1972//1970 1979//1977
f 1980//1978 1972//1970 1973//1971
f 1981//1979 1973//1971 1974//1972
f 1982//1980 1974//1972 1975//1973
f 1983//1981 1977//1975 1984//1982
f 1984//1982 1978//1976 1985//1983
f 1985//1983 1979//1977 1986//1984
f 1987//1985 1979//1977 1980//1978
f 1988//1986 1980//1978 1981//1979
f 1989//1987 1981//1979 1982//1980
f 2589//2586 2031//2029 2525//2522
f 2525//2522 2024//2022 2587//2584
f 2587//2584 2017//2015 2585//2582
f 2585//2582 2010//2008 2584//2581
f 2584//2581 2003//2001 2583//2580
f 2583//2580 1996//1994 2582//2579
f 2246//2243 2301//2298 2312//2309
f 1994//1992 2639//2635 2640//2636
f 1992//1990 2639//2635 1993//1991
f 1991//1989 2638//2634 1992//1990
f 1990//1988 2637//2633 1991//1989
f 2631//2627 2636//2632 1990//1988
f 2630//2626 1990//1988 1997//1995
f 2629//2625 1997//1995 2004//2002
f 2628//2624 2004//2002 2011//2009
f 2627//2623 2011//2009 2018//2016
f 2626//2622 2018//2016 2025//2023
f 2625//2621 2025//2023 2032//2030
f 2795//2791 2032//2030 2571//2568
f 2571//2568 2033//2031 2572//2569
f 2572//2569 2034//2032 2574//2571
f 2574//2571 2035//2033 2576//2573
f 2578//2575 2035//2033 2036//2034
f 2579//2576 2036//2034 2037//2035
f 2580//2577 2037//2035 2038//2036
f 2789//2785 2038//2036 2589//2586
f 1997//1995 1991//1989 1998//1996
f 1998//1996 1992//1990 1999//1997
f 1999//1997 1993//1991 2000//1998
f 2001//1999 1993//1991 1994//1992
f 2002//2000 1994//1992 1995//1993
f 2003//2001 1995//1993 1996//1994
f 2004//2002 1998//1996 2005//2003
f 2005//2003 1999//1997 2006//2004
f 2006//2004 2000//1998 2007//2005
f 2008//2006 2000//1998 2001//1999
f 2009//2007 2001//1999 2002//2000
f 2010//2008 2002//2000 2003//2001
f 2011//2009 2005//2003 2012//2010
f 2012//2010 2006//2004 2013//2011
f 2013//2011 2007//2005 2014//2012
f 2015//2013 2007//2005 2008//2006
f 2016//2014 2008//2006 2009//2007
f 2017//2015 2009//2007 2010//2008
f 2018//2016 2012//2010 2019//2017
f 2019//2017 2013//2011 2020//2018
f 2020//2018 2014//2012 2021//2019
f 2022//2020 2014//2012 2015//2013
f 2023//2021 2015//2013 2016//2014
f 2024//2022 2016//2014 2017//2015
f 2025//2023 2019//2017 2026//2024
f 2026//2024 2020//2018 2027//2025
f 2027//2025 2021//2019 2028//2026
f 2029//2027 2021//2019 2022//2020
f 2030//2028 2022//2020 2023//2021
f 2031//2029 2023//2021 2024//2022
f 2032//2030 2026//2024 2033//2031
f 2033//2031 2027//2025 2034//2032
f 2034//2032 2028//2026 2035//2033
f 2036//2034 2028//2026 2029//2027
f 2037//2035 2029//2027 2030//2028
f 2038//2036 2030//2028 2031//2029
f 2603//2600 2080//2078 2602//2599
f 2602//2599 2073//2071 2601//2598
f 2601//2598 2066//2064 2600//2597
f 2600//2597 2059//2057 2599//2596
f 2599//2596 2052//2050 2598//2595
f 2598//2595 2045//2043 2597//2594
f 2597//2594 2708//2704 2803//2799
f 2045//2043 2707//2703 2708//2704
f 2044//2042 2706//2702 2707//2703
f 2043//2041 2705//2701 2706//2702
f 2041//2039 2705//2701 2042//2040
f 2040//2038 2701//2697 2041//2039
f 2039//2037 2699//2695 2040//2038
f 2582//2579 2698//2694 2039//2037
f 2583//2580 2039//2037 2046//2044
f 2584//2581 2046//2044 2053//2051
f 2585//2582 2053//2051 2060//2058
f 2587//2584 2060//2058 2067//2065
f 2525//2522 2067//2065 2074//2072
f 2589//2586 2074//2072 2081//2079
f 2789//2785 2081//2079 2590//2587
f 2590//2587 2082//2080 2591//2588
f 2591//2588 2083//2081 2592//2589
f 2592//2589 2084//2082 2593//2590
f 2594//2591 2084//2082 2085//2083
f 2595//2592 2085//2083 2086//2084
f 2596//2593 2086//2084 2087//2085
f 2792//2788 2087//2085 2603//2600
f 2046//2044 2040//2038 2047//2045
f 2047//2045 2041//2039 2048//2046
f 2048//2046 2042//2040 2049//2047
f 2050//2048 2042//2040 2043//2041
f 2051//2049 2043//2041 2044//2042
f 2052//2050 2044//2042 2045//2043
f 2053//2051 2047//2045 2054//2052
f 2054//2052 2048//2046 2055//2053
f 2055//2053 2049//2047 2056//2054
f 2057//2055 2049//2047 2050//2048
f 2058//2056 2050//2048 2051//2049
f 2059//2057 2051//2049 2052//2050
f 2060//2058 2054//2052 2061//2059
f 2061//2059 2055//2053 2062//2060
f 2062//2060 2056//2054 2063//2061
f 2064//2062 2056//2054 2057//2055
f 2065//2063 2057//2055 2058//2056
f 2066//2064 2058//2056 2059//2057
f 2067//2065 2061//2059 2068//2066
f 2068//2066 2062//2060 2069//2067
f 2069//2067 2063//2061 2070//2068
f 2071//2069 2063//2061 2064//2062
f 2072//2070 2064//2062 2065//2063
f 2073//2071 2065//2063 2066//2064
f 2074//2072 2068//2066 2075//2073
f 2075//2073 2069//2067 2076//2074
f 2076//2074 2070//2068 2077//2075
f 2078//2076 2070//2068 2071//2069
f 2079//2077 2071//2069 2072//2070
f 2080//2078 2072//2070 2073//2071
f 2081//2079 2075//2073 2082//2080
f 2082//2080 2076//2074 2083//2081
f 2083//2081 2077//2075 2084//2082
f 2085//2083 2077//2075 2078//2076
f 2086//2084 2078//2076 2079//2077
f 2087//2085 2079//2077 2080//2078
f 2617//2613 2129//2127 2616//2612
f 2616//2612 2122//2120 2615//2611
f 2615//2611 2195//2192 2614//2610
f 2614//2610 2108//2106 2613//2609
f 2613//2609 2101//2099 2612//2608
f 2612//2608 2094//2092 2611//2607
f 2611//2607 2697//2693 2805//2801
f 2094//2092 2680//2676 2697//2693
f 2093//2091 2682//2678 2680//2676
f 2092//2090 2684//2680 2682//2678
f 2090//2088 2684//2680 2091//2089
f 2089//2087 2678//2674 2090//2088
f 2088//2086 2686//2682 2089//2087
f 2597//2594 2694//2690 2088//2086
f 2598//2595 2088//2086 2095//2093
f 2599//2596 2095//2093 2102//2100
f 2600//2597 2102//2100 2109//2107
f 2601//2598 2109//2107 2196//2193
f 2602//2599 2196//2193 2123//2121
f 2603//2600 2123//2121 2130//2128
f 2792//2788 2130//2128 2604//2601
f 2604//2601 2131//2129 2605//2129
f 2605//2129 2132//2130 2606//2602
f 2606//2602 2133//2131 2607//2603
f 2608//2604 2133//2131 2134//2132
f 2609//2605 2134//2132 2135//2133
f 2610//2606 2135//2133 2136//2127
f 2793//2789 2136//2127 2617//2613
f 2095//2093 2089//2087 2096//2094
f 2096//2094 2090//2088 2097//2095
f 2097//2095 2091//2089 2098//2096
f 2099//2097 2091//2089 2092//2090
f 2100//2098 2092//2090 2093//2091
f 2101//2099 2093//2091 2094//2092
f 2102//2100 2096//2094 2103//2101
f 2103//2101 2097//2095 2104//2102
f 2104//2102 2098//2096 2105//2103
f 2106//2104 2098//2096 2099//2097
f 2107//2105 2099//2097 2100//2098
f 2108//2106 2100//2098 2101//2099
f 2109//2107 2103//2101 2110//2108
f 2110//2108 2104//2102 2111//2109
f 2111//2109 2105//2103 2191//2188
f 2193//2190 2105//2103 2106//2104
f 2194//2191 2106//2104 2107//2105
f 2195//2192 2107//2105 2108//2106
f 2196//2193 2110//2108 2197//2194
f 2197//2194 2111//2109 2198//2195
f 2198//2195 2191//2188 2199//2196
f 2192//2189 2191//2188 2193//2190
f 2121//2119 2193//2190 2194//2191
f 2122//2120 2194//2191 2195//2192
f 2123//2121 2197//2194 2124//2122
f 2124//2122 2198//2195 2125//2123
f 2125//2123 2199//2196 2126//2124
f 2127//2125 2199//2196 2192//2189
f 2128//2126 2192//2189 2121//2119
f 2129//2127 2121//2119 2122//2120
f 2130//2128 2124//2122 2131//2129
f 2131//2129 2125//2123 2132//2130
f 2132//2130 2126//2124 2133//2131
f 2134//2132 2126//2124 2127//2125
f 2135//2133 2127//2125 2128//2126
f 2136//2127 2128//2126 2129//2127
f 2343//2340 2685//2681 2218//2215
f 2625//2621 2178//2175 2626//2622
f 2311//2308 2703//2699 2321//2318
f 2626//2622 2171//2168 2627//2623
f 2277//2274 2323//2320 2278//2275
f 2627//2623 2164//2161 2628//2624
f 2628//2624 2157//2154 2629//2625
f 2629//2625 2150//2147 2630//2626
f 2630//2626 2143//2140 2631//2627
f 2631//2627 2748//2744 2807//2803
f 2143//2140 2749//2745 2748//2744
f 2142//2139 2755//2751 2749//2745
f 2141//2138 2756//2752 2755//2751
f 2322//2319 2216//2213 2227//2224
f 2343//2340 2336//2333 2233//2230
f 2139//2136 2756//2752 2140//2137
f 2138//2135 2762//2758 2139//2136
f 2137//2134 2763//2759 2138//2135
f 2318//2315 2332//2329 2298//2295
f 2611//2607 2774//2770 2137//2134
f 2300//2297 2226//2223 2249//2246
f 2612//2608 2137//2134 2144//2141
f 2613//2609 2144//2141 2151//2148
f 2614//2610 2151//2148 2158//2155
f 2304//2301 2310//2307 2344//2341
f 2615//2611 2158//2155 2165//2162
f 2616//2612 2165//2162 2172//2169
f 2767//2763 2417//2414 2423//2420
f 2793//2789 2179//2176 2618//2614
f 2618//2614 2180//2177 2619//2615
f 2498//2495 2523//2520 2469//2466
f 2619//2615 2181//2178 2620//2616
f 2333//2330 2735//2731 2221//2218
f 2620//2616 2182//2179 2621//2617
f 2622//2618 2182//2179 2183//2180
f 2623//2619 2183//2180 2184//2181
f 2624//2620 2184//2181 2185//2182
f 2319//2316 2202//2199 2322//2319
f 2795//2791 2185//2182 2625//2621
f 2144//2141 2138//2135 2145//2142
f 2145//2142 2139//2136 2146//2143
f 2146//2143 2140//2137 2147//2144
f 2148//2145 2140//2137 2141//2138
f 2149//2146 2141//2138 2142//2139
f 2150//2147 2142//2139 2143//2140
f 2151//2148 2145//2142 2152//2149
f 2152//2149 2146//2143 2153//2150
f 2153//2150 2147//2144 2154//2151
f 2296//2293 2752//2748 2297//2294
f 2155//2152 2147//2144 2148//2145
f 2156//2153 2148//2145 2149//2146
f 2681//2677 2203//2200 2704//2700
f 2157//2154 2149//2146 2150//2147
f 2158//2155 2152//2149 2159//2156
f 2159//2156 2153//2150 2160//2157
f 2702//2698 2295//2292 2679//2675
f 2160//2157 2154//2151 2161//2158
f 2162//2159 2154//2151 2155//2152
f 2163//2160 2155//2152 2156//2153
f 2164//2161 2156//2153 2157//2154
f 2165//2162 2159//2156 2166//2163
f 2166//2163 2160//2157 2167//2164
f 2167//2164 2161//2158 2168//2165
f 2169//2166 2161//2158 2162//2159
f 2266//2263 2771//2767 2769//2765
f 2170//2167 2162//2159 2163//2160
f 2171//2168 2163//2160 2164//2161
f 2172//2169 2166//2163 2173//2170
f 2173//2170 2167//2164 2174//2171
f 2349//2346 2190//2187 2186//2183
f 2174//2171 2168//2165 2175//2172
f 2176//2173 2168//2165 2169//2166
f 2177//2174 2169//2166 2170//2167
f 2178//2175 2170//2167 2171//2168
f 2700//2696 2230//2227 2687//2683
f 2179//2176 2173//2170 2180//2177
f 2180//2177 2174//2171 2181//2178
f 2206//2203 2322//2319 2251//2248
f 2181//2178 2175//2172 2182//2179
f 2801//2797 2240//2237 2681//2677
f 2183//2180 2175//2172 2176//2173
f 2222//2219 2265//2262 2237//2234
f 2347//2344 2555//2552 2643//2639
f 2249//2246 2349//2346 2315//2312
f 2184//2181 2176//2173 2177//2174
f 2185//2182 2177//2174 2178//2175
f 2689//2685 2251//2248 2685//2681
f 2355//2352 2268//2265 2224//2221
f 2202//2199 2249//2246 2216//2213
f 2272//2269 2235//2232 2348//2345
f 2334//2331 2296//2293 2250//2247
f 2807//2803 2207//2204 2636//2632
f 2636//2632 2208//2205 2637//2633
f 2637//2633 2209//2206 2638//2634
f 2638//2634 2210//2207 2639//2635
f 2265//2262 2258//2255 2252//2249
f 2640//2636 2210//2207 2211//2208
f 2316//2313 2238//2235 2236//2233
f 2229//2226 2332//2329 2215//2212
f 2203//2200 2319//2316 2206//2203
f 2253//2250 2232//2229 2334//2331
f 2641//2637 2212//2209 2240//2237
f 2696//2692 2241//2238 2702//2698
f 2227//2224 2259//2256 2255//2252
f 2353//2350 2719//2715 2187//2184
f 2698//2694 2243//2240 2699//2695
f 2699//2695 2244//2241 2701//2697
f 2701//2697 2245//2242 2705//2701
f 2706//2702 2245//2242 2246//2243
f 2687//2683 2586//2583 2813//2809
f 2707//2703 2246//2243 2247//2244
f 2693//2689 2270//2267 2700//2696
f 2226//2223 2262//2259 2349//2346
f 2708//2704 2247//2244 2248//2245
f 2803//2799 2248//2245 2696//2692
f 2270//2267 2205//2202 2230//2227
f 2464//2461 2215//2212 2318//2315
f 2511//2508 2499//2496 2413//2410
f 2252//2249 2673//2669 2650//2646
f 1995//1993 2640//2636 2642//2638
f 2777//2773 2285//2282 2773//2769
f 2285//2282 2772//2768 2773//2769
f 2696//2692 2279//2276 2286//2283
f 2803//2799 2286//2283 2694//2690
f 2506//2503 2253//2250 2499//2496
f 2694//2690 2287//2284 2686//2682
f 2686//2682 2288//2285 2678//2674
f 2678//2674 2289//2286 2684//2680
f 2682//2678 2289//2286 2290//2287
f 2680//2676 2290//2287 2291//2288
f 2697//2693 2291//2288 2292//2289
f 2805//2801 2292//2289 2777//2773
f 2200//2197 2204//2201 2316//2313
f 2250//2247 2297//2294 2229//2226
f 2271//2268 2326//2323 2330//2327
f 2778//2774 2779//2775 2293//2290
f 2273//2270 2269//2266 2274//2271
f 2275//2272 2271//2268 2276//2273
f 2279//2276 2273//2270 2280//2277
f 2280//2277 2274//2271 2281//2278
f 2435//2432 2229//2226 2449//2446
f 2281//2278 2275//2272 2282//2279
f 2283//2280 2275//2272 2276//2273
f 2284//2281 2276//2273 2277//2274
f 2221//2218 2728//2724 2268//2265
f 2230//2227 2531//2528 2586//2583
f 2285//2282 2277//2274 2278//2275
f 2214//2211 2255//2252 2270//2267
f 2286//2283 2280//2277 2287//2284
f 2287//2284 2281//2278 2288//2285
f 2212//2209 2272//2269 2309//2306
f 2288//2285 2282//2279 2289//2286
f 2290//2287 2282//2279 2283//2280
f 2291//2288 2283//2280 2284//2281
f 2292//2289 2284//2281 2285//2282
f 2218//2215 2693//2689 2340//2337
f 2777//2773 2507//2504 2487//2484
f 2805//2801 2487//2484 2774//2770
f 2774//2770 2486//2483 2763//2759
f 2763//2759 2485//2482 2762//2758
f 2762//2758 2484//2481 2756//2752
f 2187//2184 2812//2808 2648//2644
f 2755//2751 2484//2481 2483//2480
f 2749//2745 2483//2480 2475//2472
f 2748//2744 2475//2472 2472//2469
f 2807//2803 2472//2469 2741//2737
f 2413//2410 2501//2498 2410//2407
f 2315//2312 2186//2183 2189//2186
f 2307//2304 2544//2541 2632//2628
f 2522//2519 2509//2506 2464//2461
f 2769//2765 2331//2328 2506//2503
f 2499//2496 2334//2331 2501//2498
f 2269//2266 2344//2341 2335//2332
f 2293//2290 2757//2753 2225//2222
f 2505//2502 2517//2514 2503//2500
f 2297//2294 2750//2746 2332//2329
f 2772//2768 2511//2508 2495//2492
f 2251//2248 2227//2224 2214//2211
f 2771//2767 2293//2290 2331//2328
f 2503//2500 2513//2510 2502//2499
f 2299//2296 2302//2299 2254//2251
f 2487//2484 2505//2502 2486//2483
f 2486//2483 2503//2500 2485//2482
f 2485//2482 2502//2499 2484//2481
f 2483//2480 2502//2499 2494//2491
f 2475//2472 2494//2491 2490//2487
f 2472//2469 2490//2487 2488//2485
f 2216//2213 2315//2312 2259//2256
f 2390//2387 2742//2738 2739//2735
f 2327//2324 2304//2301 2269//2266
f 2704//2700 2206//2203 2689//2685
f 2509//2506 2229//2226 2215//2212
f 2379//2376 2743//2739 2742//2738
f 2775//2771 2506//2503 2511//2508
f 2238//2235 2355//2352 2201//2198
f 2370//2367 2744//2740 2743//2739
f 2744//2740 2369//2366 2745//2741
f 2745//2741 2401//2398 2746//2742
f 2338//2335 2239//2236 2220//2217
f 2259//2256 2189//2186 2188//2185
f 2746//2742 2427//2424 2747//2743
f 2427//2424 2816//2812 2747//2743
f 2427//2424 2715//2711 2718//2714
f 2434//2431 2713//2709 2715//2711
f 2436//2433 2714//2710 2713//2709
f 2461//2458 2714//2710 2441//2438
f 2468//2465 2717//2713 2461//2458
f 2471//2468 2720//2716 2468//2465
f 2471//2468 2815//2811 2721//2717
f 2723//2719 2471//2468 2420//2417
f 2724//2720 2420//2417 2400//2397
f 2725//2721 2400//2397 2366//2363
f 2361//2358 2725//2721 2366//2363
f 2372//2369 2726//2722 2361//2358
f 2381//2378 2727//2723 2372//2369
f 2814//2810 2381//2378 2730//2726
f 2731//2727 2381//2378 2382//2379
f 2732//2728 2382//2379 2385//2382
f 2734//2730 2385//2382 2386//2383
f 2734//2730 2387//2384 2736//2732
f 2736//2732 2388//2385 2737//2733
f 2737//2733 2390//2387 2738//2734
f 2810//2806 2390//2387 2739//2735
f 2420//2417 2468//2465 2416//2413
f 2416//2413 2461//2458 2415//2412
f 2415//2412 2441//2438 2414//2411
f 2408//2405 2441//2438 2436//2433
f 2402//2399 2436//2433 2434//2431
f 2401//2398 2434//2431 2427//2424
f 2400//2397 2416//2413 2394//2391
f 2383//2380 2416//2413 2415//2412
f 2380//2377 2415//2412 2414//2411
f 2380//2377 2408//2405 2375//2372
f 2375//2372 2402//2399 2371//2368
f 2369//2366 2402//2399 2401//2398
f 2366//2363 2394//2391 2365//2362
f 2356//2353 2394//2391 2383//2380
f 2357//2354 2383//2380 2380//2377
f 2357//2354 2375//2372 2358//2355
f 2358//2355 2371//2368 2359//2356
f 2360//2357 2371//2368 2369//2366
f 2362//2359 2366//2363 2365//2362
f 2362//2359 2356//2353 2363//2360
f 2363//2360 2357//2354 2364//2361
f 2367//2364 2357//2354 2358//2355
f 2368//2365 2358//2355 2359//2356
f 2368//2365 2360//2357 2370//2367
f 2373//2370 2361//2358 2362//2359
f 2373//2370 2363//2360 2374//2371
f 2374//2371 2364//2361 2376//2373
f 2225//2222 2776//2772 2232//2229
f 2377//2374 2364//2361 2367//2364
f 2378//2375 2367//2364 2368//2365
f 2378//2375 2370//2367 2379//2376
f 2382//2379 2372//2369 2373//2370
f 2385//2382 2373//2370 2374//2371
f 2386//2383 2374//2371 2376//2373
f 2386//2383 2377//2374 2387//2384
f 2387//2384 2378//2375 2388//2385
f 2388//2385 2379//2376 2390//2387
f 2211//2208 2320//2317 2272//2269
f 2325//2322 2223//2220 2265//2262
f 2396//2393 2751//2747 2399//2396
f 2396//2393 2758//2754 2754//2750
f 2395//2392 2759//2755 2758//2754
f 2393//2390 2760//2756 2759//2755
f 2392//2389 2818//2814 2760//2756
f 2403//2400 2761//2757 2392//2389
f 2411//2408 2764//2760 2403//2400
f 2766//2762 2411//2408 2417//2414
f 2351//2348 2264//2261 2328//2325
f 2207//2204 2316//2313 2208//2205
f 2773//2769 2495//2492 2507//2504
f 2340//2337 2700//2696 2223//2220
f 2256//2253 2632//2628 2555//2552
f 2189//2186 2564//2561 2588//2585
f 2224//2221 2353//2350 2262//2259
f 2801//2797 2242//2239 2698//2694
f 2681//2677 2219//2216 2242//2239
f 2278//2275 2775//2771 2772//2768
f 2262//2259 2187//2184 2190//2187
f 2235//2232 2201//2198 2300//2297
f 2223//2220 2687//2683 2258//2255
f 2208//2205 2236//2233 2209//2206
f 2410//2407 2435//2432 2397//2394
f 2397//2394 2449//2446 2523//2520
f 2679//2675 2324//2321 2342//2339
f 2513//2510 2523//2520 2493//2490
f 2517//2514 2397//2394 2513//2510
f 2320//2317 2238//2235 2235//2232
f 2255//2252 2188//2185 2205//2202
f 2492//2489 2794//2790 2785//2781
f 2257//2254 2311//2308 2354//2351
f 2495//2492 2413//2410 2398//2395
f 2205//2202 2651//2647 2531//2528
f 2685//2681 2214//2211 2693//2689
f 2469//2466 2449//2446 2509//2506
f 2337//2334 2811//2807 2690//2686
f 2237//2234 2252//2249 2261//2258
f 2515//2512 2780//2776 2481//2478
f 2348//2345 2300//2297 2202//2199
f 2261//2258 2650//2646 2544//2541
f 2276//2273 2330//2327 2277//2274
f 2188//2185 2588//2585 2651//2647
f 2314//2311 2306//2303 2304//2301
f 2735//2731 2464//2461 2728//2724
f 2305//2302 2695//2691 2311//2308
f 2240//2237 2309//2306 2203//2200
f 2798//2794 2424//2421 2799//2795
f 2399//2396 2740//2736 2515//2512
f 2439//2436 2782//2778 2794//2790
f 2796//2792 2473//2470 2519//2516
f 2800//2796 2423//2420 2473//2470
f 2819//2815 2519//2516 2791//2787
f 2406//2403 2395//2392 2396//2393
f 2405//2402 2392//2389 2393//2390
f 2791//2787 2451//2448 2781//2777
f 2820//2816 2418//2415 2784//2780
f 2781//2777 2437//2434 2786//2782
f 2406//2403 2399//2396 2516//2513
f 2783//2779 2460//2457 2418//2415
f 2788//2784 2438//2435 2514//2511
f 2787//2783 2437//2434 2438//2435
f 2790//2786 2514//2511 2460//2457
f 2516//2513 2515//2512 2407//2404
f 2389//2386 2393//2390 2395//2392
f 2476//2473 2412//2409 2477//2474
f 2442//2439 2524//2521 2412//2409
f 2524//2521 2403//2400 2405//2402
f 2407//2404 2481//2478 2439//2436
f 2447//2444 2439//2436 2492//2489
f 2491//2488 2407//2404 2447//2444
f 2422//2419 2477//2474 2491//2488
f 2477//2474 2389//2386 2406//2403
f 2477//2474 2516//2513 2491//2488
f 2422//2419 2447//2444 2489//2486
f 2421//2418 2411//2408 2524//2521
f 2412//2409 2405//2402 2389//2386
f 2482//2479 2476//2473 2422//2419
f 2445//2442 2442//2439 2426//2423
f 2423//2420 2421//2418 2445//2442
f 2424//2421 2447//2444 2492//2489
f 2429//2426 2422//2419 2489//2486
f 2508//2505 2482//2479 2429//2426
f 2426//2423 2476//2473 2428//2425
f 2470//2467 2426//2423 2512//2509
f 2432//2429 2428//2425 2482//2479
f 2404//2401 2429//2426 2478//2475
f 2478//2475 2489//2486 2424//2421
f 2473//2470 2445//2442 2470//2467
f 2512//2509 2428//2425 2384//2381
f 2519//2516 2470//2467 2451//2448
f 2451//2448 2512//2509 2437//2434
f 2437//2434 2384//2381 2438//2435
f 2514//2511 2384//2381 2432//2429
f 2460//2457 2432//2429 2508//2505
f 2418//2415 2508//2505 2404//2401
